dataset,scaler,discretizer,reducer,model,kernel,spec_id,n_zones,cv_accuracy,cv_accuracy_std,cv_f1,cv_f1_std,cv_auc,cv_auc_std,cv_mcc,cv_mcc_std,cv_fit_time,cv_fit_time_std,cv_score_time,cv_score_time_std,test_accuracy,test_f1,test_auc,test_mcc
landsat,standard,uniform,pca,ksvc,linear,standard|uniform|pca|ksvc|linear,4,0.7651345755693582,0.022540827798614074,0.5248126678479526,0.05596812731010822,0.7974457963001391,0.02136577003723794,0.6001019456748291,0.041777299912786975,0.012947202999998807,0.0014383576348280787,0.0011929033999933836,6.754041247635492e-05,0.8045977011494253,0.5666221033868093,0.7711453372823531,0.6756089073786516
landsat,standard,uniform,pca,ksvc,poly,standard|uniform|pca|ksvc|poly,4,0.6427743271221533,0.030034772965976335,0.37475374634046404,0.05762185995175423,0.7250319446246772,0.039687137002722604,0.3295456792519926,0.07410722096114622,0.010320054600001072,0.00044371275114862753,0.0013215318999925784,0.00010785988425982195,0.6666666666666666,0.39009838646202283,0.7248935959427351,0.38392103811203165
landsat,standard,uniform,pca,ksvc,rbf,standard|uniform|pca|ksvc|rbf,4,0.750703933747412,0.02459781655020697,0.5108019907807101,0.04409534224973583,0.8078242805012564,0.027762712772115998,0.5738131200554045,0.04291724089431777,0.008961739299999749,0.0012939281640328263,0.00148962989999859,0.00010028875673246543,0.8045977011494253,0.6371134020618556,0.8118433823760223,0.6819894381068929
landsat,standard,uniform,pca,ksvc,hyperbolic,standard|uniform|pca|ksvc|hyperbolic,4,0.6255072463768117,0.04996270996444873,0.38384340801006867,0.059625898573406895,0.6924012067945708,0.05426338255382106,0.3378813509096887,0.08521600744715803,0.008650173700007712,0.001021509871370326,0.0015576916999947344,0.0002983205129235795,0.6091954022988506,0.35325235109717873,0.6225746893645029,0.306309010016444
landsat,standard,uniform,pca,ksvc,triangle,standard|uniform|pca|ksvc|triangle,4,0.7493581780538302,0.05048074019223292,0.5472367084589056,0.07854638579344489,0.8125315381952041,0.04035417942421337,0.5776421540033785,0.0894601306580321,0.010213963699996498,0.002547873233345026,0.0019256490000032044,0.0006464770738853956,0.8275862068965517,0.6532744495647721,0.8234137260338839,0.7147147862762643
landsat,standard,uniform,pca,ksvc,radial_basic,standard|uniform|pca|ksvc|radial_basic,4,0.7046376811594203,0.017685732765790968,0.4962963568215759,0.042167811261952674,0.8195446546381582,0.03018944312300631,0.504537558233841,0.03347885647518139,0.01246591669999475,0.0009874589143591152,0.002808250100000009,0.00024960622328226023,0.7586206896551724,0.5361330099049929,0.7720777305282327,0.6071346384291331
landsat,standard,uniform,pca,ksvc,rquadratic,standard|uniform|pca|ksvc|rquadratic,4,0.7579710144927536,0.04340655956373336,0.5357076184000504,0.07356437265023194,0.8145881278182076,0.034197766944807154,0.5897658606417785,0.0747678446309748,0.008482777199998282,0.00042797474975197087,0.001548317099999963,0.0003403999725490337,0.7586206896551724,0.5287518037518038,0.7747076934487265,0.6006178872587048
landsat,standard,uniform,pca,ksvc,canberra,standard|uniform|pca|ksvc|canberra,4,0.731904761904762,0.039795793618174376,0.5291442367820605,0.0683449492532241,0.8186255997086358,0.03677559303630565,0.5531741329570897,0.06439388040470133,0.01301018519999957,0.0012753326707509918,0.0033316279000018766,0.00025387072303137794,0.735632183908046,0.5551678736010534,0.7628220029314005,0.5652360988015688
landsat,standard,uniform,pca,ksvc,truncated,standard|uniform|pca|ksvc|truncated,4,0.7291097308488613,0.04340263121039685,0.5212969573440817,0.06736877223748379,0.8203028243135835,0.03299012510411799,0.5491905045949681,0.07147519408396925,0.015044942200003675,0.0055967442124157385,0.0032317164000033928,0.0003019909843657459,0.7471264367816092,0.5692486788529845,0.7781054948163987,0.5877455485853686
landsat,standard,uniform,pca,kann,linear,standard|uniform|pca|kann|linear,4,0.7407453416149068,0.04574864599872863,0.5405078279368951,0.0670149017318108,0.8857951332557894,0.021447095688260705,0.5687533764197312,0.07254666116450413,0.13618504209999854,0.0249248617434573,0.0011035802999998622,0.00021411691690388394,0.8160919540229885,0.641777219196574,0.9034038934917701,0.6945800160841653
landsat,standard,uniform,pca,kann,poly,standard|uniform|pca|kann|poly,4,0.7422360248447204,0.04909379589412458,0.551583746393208,0.06250814703011613,0.8681425977835946,0.029768876986842843,0.5656891228032919,0.0835938951341056,0.1877552277999996,0.05104608867945247,0.001390954300006797,0.00012844183607286721,0.7471264367816092,0.5932843701996927,0.921572706391573,0.5934084225171741
landsat,standard,uniform,pca,kann,rbf,standard|uniform|pca|kann|rbf,4,0.7479710144927536,0.05649650031287018,0.5670558344252659,0.08030208049229702,0.8721558387868455,0.029853415055789614,0.5800654253952233,0.09229178842076503,0.203336497600003,0.032263252441937354,0.0014720551000010572,0.00017735967879638583,0.7471264367816092,0.5245994555272906,0.9176797275344621,0.5887174262134858
landsat,standard,uniform,pca,kann,hyperbolic,standard|uniform|pca|kann|hyperbolic,4,0.7262732919254657,0.031949635148786994,0.5427333149193124,0.059864173120723854,0.859111290088531,0.025367785493913046,0.5454058464503844,0.05212508616537451,0.2115341667999985,0.022759857811263846,0.0014800482999987707,0.0003549579924991955,0.7931034482758621,0.5581818181818181,0.8772089308513268,0.6539501361043362
landsat,standard,uniform,pca,kann,triangle,standard|uniform|pca|kann|triangle,4,0.7420703933747412,0.04214693554530483,0.5595381725515355,0.07400581695297181,0.8693207842623731,0.0259684669818097,0.5713629662462651,0.06932104316293108,0.21832408500000328,0.040335994704741474,0.0015414082999967605,0.00021565369751752928,0.7471264367816092,0.5085134432560903,0.8930158714771341,0.5815788733402117
landsat,standard,uniform,pca,kann,radial_basic,standard|uniform|pca|kann|radial_basic,4,0.713271221532091,0.0237434094720223,0.5199280731205829,0.04074142615514332,0.8664875748573719,0.01746157694189191,0.5266824486757564,0.036323917876009984,0.2098973478999966,0.030710668463053623,0.0020603356999998822,0.00034586349531080877,0.7816091954022989,0.5966112740306289,0.9095222248791115,0.6391566024288939
landsat,standard,uniform,pca,kann,rquadratic,standard|uniform|pca|kann|rquadratic,4,0.7421739130434781,0.05243734638069505,0.5649931946250609,0.07913192520467897,0.8779520887452744,0.03026941394806313,0.5727483227160661,0.08405962181167814,0.21533170389999726,0.020499886438614445,0.0015128282000006267,0.00021770038032088628,0.7471264367816092,0.5179169734904271,0.906927378033906,0.5899387885727143
landsat,standard,uniform,pca,kann,canberra,standard|uniform|pca|kann|canberra,4,0.7176190476190476,0.04478461289198929,0.5135624158907649,0.07325866674486663,0.8579725866213208,0.029478051592736473,0.5303685284901472,0.06985296542013995,0.20874330319999784,0.011982407145163926,0.0019200779999977158,7.788320398325401e-05,0.7586206896551724,0.6031819206261396,0.818797403418996,0.6019593244099356
landsat,standard,uniform,pca,kann,truncated,standard|uniform|pca|kann|truncated,4,0.7089026915113872,0.04338812175125996,0.505294918377681,0.07425117143800515,0.8605678675360148,0.021317295837018906,0.5174141882133239,0.06704074789670288,0.20769161949999954,0.01644275413250655,0.001936166400000161,0.00019818390463248272,0.735632183908046,0.5096938775510205,0.8550642079874504,0.5651647566975561
landsat,standard,uniform,pca,kridge,linear,standard|uniform|pca|kridge|linear,4,0.750703933747412,0.010044407474014496,0.4083961209734146,0.01652650172549927,0.8445231223197064,0.03526774712649632,0.5910028375336113,0.01756051714370413,0.01016844019999894,0.0013835461538252106,0.001142805700004601,0.00014921995579775629,0.7011494252873564,0.36992816928751704,0.8359620008920583,0.5435822361014927
landsat,standard,uniform,pca,kridge,poly,standard|uniform|pca|kridge|poly,4,0.7420703933747411,0.019731668359889175,0.42296925698278376,0.032670973344231295,0.8714424387759154,0.028488541886150263,0.5630075008870837,0.04399596502550084,0.009066483699999139,0.0004789603470858115,0.0012221849000042084,0.00011792021942329236,0.7126436781609196,0.42497231450719825,0.8472836763798026,0.5260106569117157
landsat,standard,uniform,pca,kridge,rbf,standard|uniform|pca|kridge|rbf,4,0.752111801242236,0.03483966887388687,0.5293253394818567,0.06363615559732415,0.8822742756845272,0.017598588946627792,0.5775065904935524,0.061439326511876335,0.00903352889999951,0.00031508372761681507,0.0012838089999974045,6.027105588400965e-05,0.7816091954022989,0.6030836577055064,0.8921904195648815,0.6416027396274515
landsat,standard,uniform,pca,kridge,hyperbolic,standard|uniform|pca|kridge|hyperbolic,4,0.6332712215320913,0.13088089058595131,0.44568028205228594,0.10026174111774847,0.7191928390542094,0.12140859608121835,0.4055562237451188,0.1832419227062561,0.009069285400005355,0.0004077486199243797,0.001220236799997565,8.077477972083926e-05,0.7126436781609196,0.536056105610561,0.7453419239592123,0.5129327232730754
landsat,standard,uniform,pca,kridge,triangle,standard|uniform|pca|kridge|triangle,4,0.7034161490683228,0.09110312474897225,0.48458532342684835,0.09657905199756237,0.7957111929387091,0.07741104095725167,0.5058545655073929,0.14459930978282953,0.009444894500001055,0.0003639228227438235,0.001429890800005751,0.00011403834787212817,0.7011494252873564,0.5275297619047619,0.7820300409037856,0.5218428147072649
landsat,standard,uniform,pca,kridge,radial_basic,standard|uniform|pca|kridge|radial_basic,4,0.737888198757764,0.04228189591037973,0.5411369633710129,0.060531443265973796,0.8365429029024719,0.04033392814968598,0.5622578024791893,0.06911098122502687,0.011430949500004317,0.00028275140165578326,0.002534210199996778,0.00011290792820611827,0.7586206896551724,0.5252525252525252,0.8672930967963249,0.5998745472666154
landsat,standard,uniform,pca,kridge,rquadratic,standard|uniform|pca|kridge|rquadratic,4,0.7608281573498965,0.03655373822415098,0.5436016641199737,0.06202973668663707,0.8746311045275255,0.018322373803372923,0.5952401457565436,0.06309336348670846,0.009804275399994821,0.0012997973154577006,0.001359879100004946,0.00020888554508312847,0.7816091954022989,0.6014924870291759,0.9030993996148229,0.6445077759371657
landsat,standard,uniform,pca,kridge,canberra,standard|uniform|pca|kridge|canberra,4,0.7420289855072463,0.02433160025153994,0.5253774123348053,0.04894996937240309,0.8366553708096125,0.02765826857388809,0.5704421025474848,0.04080056502627246,0.014734999600008791,0.0021735279243179223,0.0037043749999924104,0.0004240550320730379,0.7701149425287356,0.5314625850340136,0.8183009698056326,0.6236977082855185
landsat,standard,uniform,pca,kridge,truncated,standard|uniform|pca|kridge|truncated,4,0.7477846790890269,0.030339847144854493,0.5427012120946747,0.05562446657261318,0.846206949696518,0.0352295137740081,0.5778416620656048,0.05388104381558699,0.011932663499993622,0.00028541297987566143,0.00280327260000206,5.422061176548361e-05,0.7471264367816092,0.49871827518886347,0.8333797106698829,0.5790139830923179
landsat,standard,uniform,lda,ksvc,linear,standard|uniform|lda|ksvc|linear,4,0.814223602484472,0.04535805637453191,0.6649814794275358,0.08431400872502408,0.8602421421701874,0.030413889815315672,0.6890960010308731,0.07769139853444944,0.009709342899998318,0.00046607712862549173,0.0011262380999994548,4.1578089102853575e-05,0.8160919540229885,0.6997159090909091,0.8816575686159618,0.6964222186444453
landsat,standard,uniform,lda,ksvc,poly,standard|uniform|lda|ksvc|poly,4,0.6930848861283643,0.027098910591625745,0.3855442743062668,0.017737584836537344,0.7280184811653063,0.03149400506095844,0.4370194509141852,0.06261655652465878,0.00987816920000455,0.0007723901097055468,0.0013411052999970253,0.00022499168589235015,0.6896551724137931,0.36790189282857905,0.7569294381489504,0.44574119489024905
landsat,standard,uniform,lda,ksvc,rbf,standard|uniform|lda|ksvc|rbf,4,0.7912008281573499,0.04006771389521814,0.6215333551115753,0.07295192164916432,0.8712313578551741,0.035582580851367424,0.6501163799231915,0.0670567109015359,0.008602923000000828,0.0008547240722481077,0.001381105800001592,0.0001610558045839558,0.8390804597701149,0.7316083031453051,0.9014431386705419,0.7333682904175333
landsat,standard,uniform,lda,ksvc,hyperbolic,standard|uniform|lda|ksvc|hyperbolic,4,0.6873498964803313,0.05028688165305752,0.466872874301136,0.06333275933419036,0.7498686607116914,0.0526805412929551,0.4810985187800874,0.08132646362021524,0.00840085750000128,0.0010032000355606457,0.0013248857000007774,8.310367534316601e-05,0.5632183908045977,0.2779166666666667,0.6821913617860533,0.2754086569734373
landsat,standard,uniform,lda,ksvc,triangle,standard|uniform|lda|ksvc|triangle,4,0.7998136645962732,0.04043926367779494,0.6346778124025735,0.07214510746200782,0.8741021036325318,0.037586976818235016,0.6652253570913232,0.06875423003677456,0.008674655799998732,0.0007883463998284194,0.001463117299996952,0.00011642399385695121,0.8160919540229885,0.6638317827130853,0.8582097405357807,0.6980702406004675
landsat,standard,uniform,lda,ksvc,radial_basic,standard|uniform|lda|ksvc|radial_basic,4,0.7666045548654244,0.03413436961494561,0.5915165603328062,0.06809226932607337,0.8582621193346899,0.04305518076196803,0.6103394277820196,0.05464131508746936,0.011304165600009242,0.0004751775612985457,0.0026085946999955924,8.978463977839283e-05,0.6896551724137931,0.4880393279877816,0.8277474135849316,0.5141497186852342
landsat,standard,uniform,lda,ksvc,rquadratic,standard|uniform|lda|ksvc|rquadratic,4,0.8056107660455487,0.03842294734009894,0.6429197054676354,0.07770416258337262,0.8779523397867722,0.03305740138874219,0.675175191544584,0.0649695903959942,0.008268146000000342,0.00041043515261909104,0.0012847489999984417,3.420759335061257e-05,0.8505747126436781,0.7360235003092146,0.8962243705070104,0.7551490200298411
landsat,standard,uniform,lda,ksvc,canberra,standard|uniform|lda|ksvc|canberra,4,0.7882815734989649,0.05293977820948842,0.6246906954901249,0.0886158104471844,0.8624800771893929,0.04665127944927725,0.646673456515808,0.0913077154816936,0.012320086699998001,0.0005593191347650865,0.0032068898999966676,0.0002319537372149421,0.7126436781609196,0.4729004329004329,0.8270406540994776,0.538226553643226
landsat,standard,uniform,lda,ksvc,truncated,standard|uniform|lda|ksvc|truncated,4,0.7811387163561077,0.048812467572767616,0.6002083242351006,0.08154108893731223,0.8679251732843444,0.03960373386020723,0.6329440180594753,0.08402705517323328,0.012899661800005902,0.0016830576710291716,0.0031785582999987127,0.00034386699547527753,0.735632183908046,0.5209396258503401,0.8828972713746746,0.5683395475301997
landsat,standard,uniform,lda,kann,linear,standard|uniform|lda|kann|linear,4,0.7882815734989649,0.03899823453914029,0.6281662179467237,0.06857400628681228,0.9148308593039299,0.03366402687616784,0.6474718547942442,0.06515276219898337,0.15013218039999857,0.030709979933587393,0.0010422183999992285,0.00017610662937029485,0.7816091954022989,0.5825884889247938,0.921090700251389,0.6310906472669044
landsat,standard,uniform,lda,kann,poly,standard|uniform|lda|kann|poly,4,0.7868737060041407,0.032123094535950775,0.6224886941425147,0.07565670366286255,0.9056204697866118,0.035009899969600265,0.6442989447903369,0.05853045602597578,0.1902770559999965,0.03269329070262338,0.0012869383999998263,6.223639721930572e-05,0.8160919540229885,0.639795918367347,0.9232830075925487,0.6977987978647282
landsat,standard,uniform,lda,kann,rbf,standard|uniform|lda|kann|rbf,4,0.7868944099378882,0.04354416226541299,0.6196343206301379,0.0776638498053421,0.9149055230190287,0.03503666965189667,0.6440190763146616,0.07174094558030393,0.20468699870001217,0.024379618716954703,0.001462755800002924,0.0002284196026728059,0.8275862068965517,0.6485071301247771,0.9309459167099052,0.7139720217328606
landsat,standard,uniform,lda,kann,hyperbolic,standard|uniform|lda|kann|hyperbolic,4,0.7882608695652175,0.03603146117473531,0.622112938896856,0.07233739300997019,0.9025264327922271,0.032644452207505066,0.6453031791035093,0.06295786708964375,0.20225682880000023,0.018823524851033994,0.0016736470999944685,0.0012361266988832735,0.7701149425287356,0.5429292929292929,0.9111439147181615,0.6180787194553252
landsat,standard,uniform,lda,kann,triangle,standard|uniform|lda|kann|triangle,4,0.7854037267080746,0.05687955477613938,0.6190267433813179,0.09635900343106613,0.9189229033943362,0.03321129134594116,0.642418336622541,0.09356312556624759,0.1932410086999937,0.005970031149523896,0.0013915620999966904,6.065979543964178e-05,0.7701149425287356,0.5773374856815578,0.9228110701909124,0.6247735203482417
landsat,standard,uniform,lda,kann,radial_basic,standard|uniform|lda|kann|radial_basic,4,0.7854037267080745,0.0426318133564959,0.6307654582544113,0.06929957629049806,0.8955766555151724,0.03821396503622719,0.6438993466369812,0.071934928073515,0.21622528969999735,0.01677699159938898,0.002001517099989769,0.0003639964927788897,0.7471264367816092,0.5448248594189316,0.879946514202253,0.5910150664118575
landsat,standard,uniform,lda,kann,rquadratic,standard|uniform|lda|kann|rquadratic,4,0.7854865424430642,0.04157150207330148,0.6233094781922668,0.07793292035056283,0.9113867420506508,0.03804623880766792,0.6420309640484054,0.07073351236002959,0.22798392270000817,0.02715938967334221,0.0015820460999862007,0.00026979312658591216,0.7931034482758621,0.602127263417586,0.9277625022029614,0.6563462537309085
landsat,standard,uniform,lda,kann,canberra,standard|uniform|lda|kann|canberra,4,0.7724637681159421,0.04374081340417799,0.6034416211091289,0.07357676489539411,0.8955060617520878,0.03309428074983455,0.6210670408055253,0.0751210957016569,0.22918235329998993,0.019582431872032846,0.00192354810001234,8.221338830389108e-05,0.6896551724137931,0.4489530077765371,0.8753734858039018,0.4934689895145535
landsat,standard,uniform,lda,kann,truncated,standard|uniform|lda|kann|truncated,4,0.7795859213250518,0.045882998171638205,0.6106175638659725,0.09107793154352042,0.8973418086774949,0.0454457602440941,0.6326486856712001,0.08051559793727504,0.23623787939998236,0.016417589667757103,0.002083084700007021,0.00036284481858448337,0.7471264367816092,0.5438967572396435,0.8887154142767486,0.5919431097546247
landsat,standard,uniform,lda,kridge,linear,standard|uniform|lda|kridge|linear,4,0.7666045548654243,0.012417010580316428,0.46747683925070965,0.021548737128738362,0.8616794591114723,0.035330363646577954,0.6038847594767874,0.02688385157358983,0.009449474700011251,0.0005213237266599214,0.0011393824999913703,0.00016345502139019895,0.7471264367816092,0.4986902632251469,0.9085058695711493,0.5893805617466882
landsat,standard,uniform,lda,kridge,poly,standard|uniform|lda|kridge|poly,4,0.7795859213250517,0.02573480365063788,0.5630992620927265,0.03982008245597137,0.8982505227243542,0.03244457654927841,0.62244797459228,0.04714795625073538,0.00942132050000737,0.00038155239455624126,0.0011679219999962242,0.0001357628981783692,0.7816091954022989,0.6132732732732733,0.9314633176935904,0.6431785633940745
landsat,standard,uniform,lda,kridge,rbf,standard|uniform|lda|kridge|rbf,4,0.796935817805383,0.03933042688682135,0.6323828845227465,0.0685588984869629,0.9133726387984593,0.02675232472908319,0.6587463145707237,0.06559464994939218,0.009743646700007958,0.0004601586479256639,0.0014063161999899876,0.00030457827377095145,0.8505747126436781,0.7437458854509547,0.9496930343953299,0.7545912801482629
landsat,standard,uniform,lda,kridge,hyperbolic,standard|uniform|lda|kridge|hyperbolic,4,0.7539130434782608,0.05444563372447626,0.5935759014746113,0.07896094408998057,0.8181849198106198,0.05324364477529533,0.5983662833761099,0.08125560256772672,0.010309047999999165,0.001071890173649049,0.0012472564999995938,0.00013925775540431614,0.7126436781609196,0.5359426555922175,0.7612411889241157,0.5454582391216138
landsat,standard,uniform,lda,kridge,triangle,standard|uniform|lda|kridge|triangle,4,0.7680538302277433,0.10422314687446314,0.6032137202017418,0.12241646759312381,0.8691027451871687,0.09687139337968716,0.6212274617541386,0.15179264740718137,0.010203009999997903,0.0017552081067161798,0.0013568892000080269,0.00010147643708776723,0.7816091954022989,0.5568915066026411,0.9069681682092012,0.6426979564603036
landsat,standard,uniform,lda,kridge,radial_basic,standard|uniform|lda|kridge|radial_basic,4,0.7709109730848862,0.043492526716295846,0.5978240938042034,0.07154212382379649,0.839831729524484,0.0401700951837071,0.6184205905758933,0.07550832621288416,0.01180612800000631,0.0008880544457903163,0.002447654499997043,0.00012205320342805071,0.7241379310344828,0.5182490854672431,0.832617266785129,0.5557611572164932
landsat,standard,uniform,lda,kridge,rquadratic,standard|uniform|lda|kridge|rquadratic,4,0.8042236024844721,0.043138682880738376,0.6436996528392096,0.07762988342250358,0.9075803842977163,0.032382605288422156,0.6728480937384779,0.0726176564877203,0.009101425900001913,0.0003018754988526059,0.0012472663999915311,0.0001602105011666447,0.8390804597701149,0.6941626650660264,0.928176664059017,0.7359331526529866
landsat,standard,uniform,lda,kridge,canberra,standard|uniform|lda|kridge|canberra,4,0.7939958592132506,0.030657361499645097,0.6037769968982609,0.07579674523614832,0.8699460226580001,0.03555234416238805,0.6534370952897425,0.052663489587144355,0.013750772799994593,0.0009267878324288597,0.0034053290000144896,0.0004655454528345754,0.735632183908046,0.5218670573953947,0.8996327265982933,0.5580371360225767
landsat,standard,uniform,lda,kridge,truncated,standard|uniform|lda|kridge|truncated,4,0.7925672877846791,0.032164767728362166,0.6041393854631383,0.0762663074453514,0.880742160962048,0.03277853730978482,0.652407800828173,0.05298647146081683,0.0133159196999884,0.0013733091432815826,0.0029327009000041926,0.00022042787533367136,0.7701149425287356,0.5736397058823529,0.9097942977821026,0.6161825084443037
landsat,standard,kmeans,pca,ksvc,linear,standard|kmeans|pca|ksvc|linear,4,0.7796066252587991,0.01696354378078139,0.5187441513162737,0.044532619191178756,0.7913333156728084,0.023200175596047166,0.623100768385141,0.03186628480091422,0.011784217600012425,0.0008720951024870764,0.0012142255000014758,7.604087835992936e-05,0.8275862068965517,0.6588578088578088,0.7993318956444662,0.7156383286492217
landsat,standard,kmeans,pca,ksvc,poly,standard|kmeans|pca|ksvc|poly,4,0.6556935817805384,0.03793612564437336,0.3733136904005901,0.04588199117984942,0.7281257089942896,0.04563802831839075,0.35283355368773806,0.08460195706515253,0.010640640700012227,0.0010772236094682478,0.0014008711999963452,0.0002064278199451722,0.6781609195402298,0.3446969696969697,0.7181181530363899,0.3943665559282731
landsat,standard,kmeans,pca,ksvc,rbf,standard|kmeans|pca|ksvc|rbf,4,0.7551966873706004,0.029692357304266132,0.4980792126200961,0.03977480441356997,0.7934377413778975,0.031654825491927274,0.5798129613595355,0.05475933514158049,0.009302177600005734,0.0009774939937195414,0.001771042699994041,0.00037759305283925794,0.7816091954022989,0.6022959183673469,0.8059655170984823,0.639168429565965
landsat,standard,kmeans,pca,ksvc,hyperbolic,standard|kmeans|pca|ksvc|hyperbolic,4,0.6484679089026916,0.03767489589655757,0.4040709027049164,0.05512383170768976,0.7112249026660799,0.04734459291707324,0.3786768490608911,0.06014196150827283,0.008064470199997231,0.0006981002256638578,0.0013166082000054757,0.00014394460007622432,0.6206896551724138,0.3714117526617527,0.6793982513716721,0.31511864180414983
landsat,standard,kmeans,pca,ksvc,triangle,standard|kmeans|pca|ksvc|triangle,4,0.7522774327122153,0.04410485962976429,0.5308233477854143,0.061355968080402376,0.8019115582978481,0.02940255862851461,0.5818211031045322,0.07545592500061901,0.00852185470000677,0.00036317350838948177,0.001593694999996842,0.00048072548327324324,0.7816091954022989,0.5861538461538461,0.8207941971985463,0.6329433454583324
landsat,standard,kmeans,pca,ksvc,radial_basic,standard|kmeans|pca|ksvc|radial_basic,4,0.719296066252588,0.06390813949153899,0.5174339847842506,0.07371700974099948,0.8050328936303905,0.05497361366810574,0.5380911969533522,0.08915542539850273,0.012550495200002842,0.0013012420519388905,0.0029369750999990174,0.0003055188065353985,0.7471264367816092,0.5097592655196341,0.7845851346822351,0.5836286898214252
landsat,standard,kmeans,pca,ksvc,rquadratic,standard|kmeans|pca|ksvc|rquadratic,4,0.7638095238095237,0.033073312819252784,0.5224650585337012,0.03841089299494206,0.8069874422342475,0.03674943928718314,0.5958956656552485,0.060172321501088505,0.008523268699980236,0.0007513433536252021,0.001516471600012892,0.00024263077470683734,0.735632183908046,0.4645468392993145,0.7669062685522474,0.5509927797833934
landsat,standard,kmeans,pca,ksvc,canberra,standard|kmeans|pca|ksvc|canberra,4,0.7421739130434781,0.038900757700485324,0.5271836010865558,0.039803412662204996,0.8140760492486612,0.035307134304412235,0.564615167640411,0.06282501672864561,0.014167764599983456,0.0021398569439291804,0.003567371000002595,0.0004979504600166298,0.735632183908046,0.5308174760307247,0.78367993961332,0.5597547942763096
landsat,standard,kmeans,pca,ksvc,truncated,standard|kmeans|pca|ksvc|truncated,4,0.7421532091097308,0.034705458491155625,0.5175320053685274,0.0420754574399895,0.8023941957263621,0.02900122879076704,0.5632745163803525,0.0555737177810119,0.012004769499998246,0.0010291539945455454,0.0031194723000055546,0.00022344798439285409,0.7586206896551724,0.5545604395604395,0.7935469457605632,0.5935077571311311
landsat,standard,kmeans,pca,kann,linear,standard|kmeans|pca|kann|linear,4,0.7624223602484472,0.04982041725043693,0.5548486784909189,0.057500501297057034,0.8858041112628804,0.04436910491686985,0.601586208894825,0.07944098360701599,0.13597733679999918,0.015968261678258603,0.0011269410000068092,0.00020028237843388897,0.7816091954022989,0.591540404040404,0.9157134925500315,0.6365701420425254
landsat,standard,kmeans,pca,kann,poly,standard|kmeans|pca|kann|poly,4,0.7451138716356108,0.04165185193293738,0.5302561812922589,0.051958651313677925,0.8681207015177719,0.03797810461018686,0.5719981010173134,0.06475785994482199,0.20303872999999725,0.04690799075731466,0.0013590019999924151,0.0001700575906043898,0.7586206896551724,0.5554063563915781,0.9242907437266434,0.604262372747606
landsat,standard,kmeans,pca,kann,rbf,standard|kmeans|pca|kann|rbf,4,0.7407867494824016,0.04738392257582812,0.5201544597419165,0.06604955237402253,0.8745603982941699,0.03838398014232306,0.5669223904406065,0.07431074271115311,0.19717598900001007,0.027949655293209932,0.0014300118999869937,7.68947332483237e-05,0.7126436781609196,0.44714809000523287,0.9093174413974747,0.5259574448192159
landsat,standard,kmeans,pca,kann,hyperbolic,standard|kmeans|pca|kann|hyperbolic,4,0.73351966873706,0.04161409995475265,0.5225554364765786,0.057239159292659283,0.8481253580964662,0.04577492896347668,0.5530877528528602,0.06781057805744671,0.22999498250001124,0.021989702838479376,0.001404026599993813,0.00013802144314094904,0.7471264367816092,0.49987974505952626,0.8864429891320624,0.5725647343751974
landsat,standard,kmeans,pca,kann,triangle,standard|kmeans|pca|kann|triangle,4,0.7465631469979296,0.040320133571415874,0.5428645242524689,0.0639999836518365,0.8692348027708692,0.03588383662292385,0.5751147338118063,0.06503004597897119,0.2055053884000017,0.0205749142950438,0.0014576166000040303,0.00017244530716906277,0.735632183908046,0.47130230880230883,0.8981162956997187,0.5586859542317202
landsat,standard,kmeans,pca,kann,radial_basic,standard|kmeans|pca|kann|radial_basic,4,0.7336438923395444,0.06741350114697112,0.5312414230616309,0.07022603441399099,0.8647848002799394,0.03505101028317951,0.558744534085369,0.09193471895182466,0.20074602580000372,0.022323345310961546,0.0017809999999997216,0.00011876833658559923,0.7701149425287356,0.5701922701922703,0.9022942785121619,0.6195035265506237
landsat,standard,kmeans,pca,kann,rquadratic,standard|kmeans|pca|kann|rquadratic,4,0.7464182194616977,0.02794098797401729,0.5308129854421437,0.056633173202541326,0.8786865533756296,0.036814959517916,0.5716692028994098,0.04555669714397209,0.22486745169999836,0.029869680517232634,0.0015075127000102385,0.00022418953275658743,0.735632183908046,0.5259129759129759,0.8963086923876584,0.5620749092614813
landsat,standard,kmeans,pca,kann,canberra,standard|kmeans|pca|kann|canberra,4,0.7363975155279503,0.04227049478174778,0.5367925165574617,0.04720038239107865,0.8695493088765225,0.027336029673573934,0.5625580280442015,0.05969929502476193,0.22942765260000897,0.025188804184395685,0.0031748288999892795,0.003019714608965225,0.7471264367816092,0.5518264931331843,0.8583725057324497,0.5771082850101134
landsat,standard,kmeans,pca,kann,truncated,standard|kmeans|pca|kann|truncated,4,0.7263768115942029,0.035062763653609316,0.5170212418044807,0.03370295124745537,0.8635441771366397,0.02733022794432017,0.547612265636958,0.04532466595169488,0.22317605720000416,0.012849302885898549,0.001989324099992018,0.00013866225348985523,0.7586206896551724,0.5230952380952381,0.876384844285526,0.5965570659360696
landsat,standard,kmeans,pca,kridge,linear,standard|kmeans|pca|kridge|linear,4,0.7680331262939958,0.009960005294521493,0.4132828128683507,0.005953058556578153,0.8386085222874238,0.05138572336325398,0.6109867939561587,0.02157588112983627,0.009067094900001394,0.0009882683913052075,0.0011379089000058684,5.933074974654533e-05,0.7586206896551724,0.40126012601260125,0.8417102487970622,0.6237816694005246
landsat,standard,kmeans,pca,kridge,poly,standard|kmeans|pca|kridge|poly,4,0.7594824016563148,0.023086933736033714,0.4229071343153863,0.032598214106540305,0.868051492781625,0.04218542832629825,0.58608546430308,0.045189620327303386,0.008787401799992267,0.0005029333364178278,0.0011645929999986038,6.218281313182662e-05,0.735632183908046,0.38968040046207164,0.8513551752903108,0.5524047138976571
landsat,standard,kmeans,pca,kridge,rbf,standard|kmeans|pca|kridge|rbf,4,0.7652380952380952,0.030914554502326424,0.5135112766302385,0.03667621276898929,0.8824090959503245,0.045229096019992455,0.5954099439767551,0.05832475352353543,0.009505233900000576,0.0013788141237204802,0.001489614500007974,0.00021731879473683248,0.7586206896551724,0.5578383458646616,0.9051786177793535,0.594404590088322
landsat,standard,kmeans,pca,kridge,hyperbolic,standard|kmeans|pca|kridge|hyperbolic,4,0.636935817805383,0.08370276053562388,0.43157045184400467,0.07698651815307841,0.7452804645759392,0.0682894817929221,0.3892520884149973,0.1425363465770173,0.010836649599997372,0.0017712587456982865,0.0014662678999911804,0.0002549133260681513,0.735632183908046,0.5494230360735215,0.8021940166588022,0.5426406681742714
landsat,standard,kmeans,pca,kridge,triangle,standard|kmeans|pca|kridge|triangle,4,0.7061697722567287,0.04836158057082504,0.48166186919872267,0.06328512445667575,0.7777828841913295,0.0713461888281803,0.5047653062826242,0.0794535673320575,0.009186573200003068,0.0005676902915336433,0.0014141563999942263,0.00010863489785794034,0.6896551724137931,0.49694264069264066,0.784262149880854,0.5028418996474611
landsat,standard,kmeans,pca,kridge,radial_basic,standard|kmeans|pca|kridge|radial_basic,4,0.740703933747412,0.028919079951123573,0.52261899087151,0.04315040597803282,0.8269445079394308,0.05184479770045305,0.5625863780900446,0.04799861754286305,0.01159252800001127,0.0007852175252066254,0.0027398557999902097,0.00013552926301553438,0.735632183908046,0.4833690587138863,0.8837003610370543,0.5559629648785216
landsat,standard,kmeans,pca,kridge,rquadratic,standard|kmeans|pca|kridge|rquadratic,4,0.7494202898550725,0.04042885086232379,0.5140632590667008,0.055301702802320954,0.8700441606312065,0.04086795444810182,0.5726241001285283,0.07145583993753336,0.009424960599989162,0.0012337313984821148,0.0013391922000153046,9.619092126958702e-05,0.7586206896551724,0.5558261183261183,0.9060362483696713,0.5980839694520461
landsat,standard,kmeans,pca,kridge,canberra,standard|kmeans|pca|kridge|canberra,4,0.7463975155279503,0.04224498319498426,0.5250040973058139,0.08193577660926843,0.8364891695283788,0.04608308739448534,0.5734336784549747,0.06913424250667405,0.015638022600018075,0.0036068594950267726,0.003350776899981156,0.0007097288549647914,0.7701149425287356,0.523490060075426,0.8236460232192522,0.6179741695655314
landsat,standard,kmeans,pca,kridge,truncated,standard|kmeans|pca|kridge|truncated,4,0.7565217391304347,0.028729852869312417,0.5288815944860574,0.04004603094008438,0.8356218259310042,0.03925545263036576,0.58792511050948,0.04468384737612169,0.012726391799998283,0.0005806980889757486,0.0032692504999943138,0.0009718344580673567,0.7701149425287356,0.5128745644599303,0.8377173697020861,0.6121256985559159
landsat,standard,kmeans,lda,ksvc,linear,standard|kmeans|lda|ksvc|linear,4,0.8227950310559006,0.04575037936760588,0.6601403857249554,0.07221209396301814,0.8530795653534151,0.039543427337675456,0.7034380926321392,0.07619671858260581,0.010146462700009806,0.001049842957929898,0.0011368101999892134,7.807683826069179e-05,0.8275862068965517,0.6806030227082859,0.863049750231065,0.7141657670616468
landsat,standard,kmeans,lda,ksvc,poly,standard|kmeans|lda|ksvc|poly,4,0.7104140786749482,0.031713165992286026,0.3827459815638458,0.03300129589114245,0.7328627508753467,0.05291051831498156,0.4701499510365973,0.07005897956106887,0.009970399200011571,0.0009077464631267138,0.0013752800999952796,0.00026650944287128284,0.7241379310344828,0.382172373081464,0.719418719885992,0.4941817265245755
landsat,standard,kmeans,lda,ksvc,rbf,standard|kmeans|lda|ksvc|rbf,4,0.8185093167701863,0.0392111346414016,0.6533358348051115,0.071593944590931,0.8793001976958518,0.04204104079744867,0.6949370157083661,0.06616926307730592,0.008141585900006021,0.0003021673392876807,0.0013592488999961462,0.00021295869181256488,0.8045977011494253,0.6351196172248804,0.8768238799658314,0.6754186758407263
landsat,standard,kmeans,lda,ksvc,hyperbolic,standard|kmeans|lda|ksvc|hyperbolic,4,0.6960248447204969,0.04860510761000244,0.4369681896861882,0.05414701539203295,0.7277821920099367,0.03871072312477294,0.4831952414499449,0.07520220786253452,0.00811236330000611,0.0002946374455549389,0.0011881844999948044,6.649219619359158e-05,0.6666666666666666,0.37687814834114985,0.6540490133733936,0.4396995294249017
landsat,standard,kmeans,lda,ksvc,triangle,standard|kmeans|lda|ksvc|triangle,4,0.78824016563147,0.04418044607771542,0.6017088909388366,0.08028562004231,0.8668790367488548,0.04886680628109461,0.6465581531226847,0.07358487143930266,0.008676004700004115,0.00025651919702741465,0.0015590060999954858,0.00015237149153535243,0.8160919540229885,0.6609108324625566,0.875722441553576,0.6962631965757342
landsat,standard,kmeans,lda,ksvc,radial_basic,standard|kmeans|lda|ksvc|radial_basic,4,0.7636645962732919,0.05873816646256971,0.5873147957133152,0.10465659519536281,0.8465601311034959,0.07403748640851406,0.6073022903211395,0.09621465846777319,0.013278080399993541,0.002018892990660704,0.002924764800002322,0.0003785644458362101,0.7241379310344828,0.5305094875242791,0.8144751336258738,0.5603043764270816
landsat,standard,kmeans,lda,ksvc,rquadratic,standard|kmeans|lda|ksvc|rquadratic,4,0.805527950310559,0.03559137423337294,0.6270254064142394,0.07232019478152671,0.8708106775556143,0.04414316498442014,0.6742763297421217,0.05875600649645996,0.008394971000001306,0.0006042446842731256,0.0013064772999996422,6.007342636523065e-05,0.7931034482758621,0.596800766283525,0.8661125616452003,0.6537724940278077
landsat,standard,kmeans,lda,ksvc,canberra,standard|kmeans|lda|ksvc|canberra,4,0.806935817805383,0.05142410094046997,0.6269301483272585,0.09654552234916661,0.8428836581609292,0.05673469483958737,0.6760902884788285,0.08734665244828034,0.014147241199998462,0.001052975648404498,0.0035975554999993164,0.0003969493867577368,0.8045977011494253,0.6241666666666666,0.8879322945071979,0.6751120076671763
landsat,standard,kmeans,lda,ksvc,truncated,standard|kmeans|lda|ksvc|truncated,4,0.8198343685300207,0.044579992111040724,0.6604246633397032,0.08529862433360666,0.8551171955329318,0.05721032372355927,0.6996937935242726,0.07548856755603513,0.011781601100000216,0.0003716418270694654,0.002986349399992605,0.00015708838939009002,0.8160919540229885,0.6521592442645074,0.8898302357811663,0.6972985774193434
landsat,standard,kmeans,lda,kann,linear,standard|kmeans|lda|kann|linear,4,0.8113250517598344,0.05299173988495942,0.6525491381672713,0.09260359095099434,0.9017307903555297,0.045306130451138266,0.6865374507702854,0.08789669822608136,0.15830562259999964,0.015323485945870262,0.0009942489999957616,6.133793721090423e-05,0.8160919540229885,0.6172022863199333,0.918032988087538,0.6850843217103083
landsat,standard,kmeans,lda,kann,poly,standard|kmeans|lda|kann|poly,4,0.7939337474120083,0.03829587919626293,0.6339189070409997,0.06112114865605911,0.8958442127721261,0.04237888656243155,0.6590413110903387,0.05838544352172074,0.1901725383999917,0.032961458330889815,0.0012747878000027412,0.00019307273648805739,0.8390804597701149,0.6856096004610857,0.9324763242337772,0.7292829319819243
landsat,standard,kmeans,lda,kann,rbf,standard|kmeans|lda|kann|rbf,4,0.7953830227743272,0.03304943493353569,0.6212794694422253,0.07011756192053746,0.9033429296957856,0.041373860918582576,0.6580987989073254,0.0556015271202416,0.20344201279999652,0.0247519361026798,0.0013200610999945183,9.293980931228446e-05,0.8160919540229885,0.6296202236719478,0.925228290401962,0.69134139175218
landsat,standard,kmeans,lda,kann,hyperbolic,standard|kmeans|lda|kann|hyperbolic,4,0.7853830227743271,0.024923424148029644,0.6197931812545354,0.05085511995628042,0.8898903406069077,0.04121863973991382,0.6440755806389384,0.04308060847585127,0.19602432959999305,0.020130706668068963,0.0013082061999966754,0.00019857485119028834,0.8275862068965517,0.6934580283726394,0.9262759942349688,0.7065354893797825
landsat,standard,kmeans,lda,kann,triangle,standard|kmeans|lda|kann|triangle,4,0.7910144927536231,0.042472757487910066,0.6189495098906476,0.054603950836355344,0.8982718019152518,0.0462599879909856,0.6523289107386965,0.06893396021712979,0.22291970810000522,0.023486908692559733,0.001777564700006451,0.0007041600512145891,0.8160919540229885,0.6299019607843137,0.93374531864359,0.6869430313686412
landsat,standard,kmeans,lda,kann,radial_basic,standard|kmeans|lda|kann|radial_basic,4,0.7679503105590062,0.06155666340435174,0.588180234244923,0.10573511301583882,0.875271547839465,0.05577843200884987,0.6146470191320389,0.09883262493156714,0.21616921680000586,0.03244194550247408,0.001833449999998038,0.00015833017503167466,0.8275862068965517,0.6326018876018876,0.9100550725124554,0.7113479083891083
landsat,standard,kmeans,lda,kann,rquadratic,standard|kmeans|lda|kann|rquadratic,4,0.7794409937888198,0.04382566846798177,0.6078076342092487,0.0810205526577876,0.8948082685446602,0.04527851334638414,0.6334260238622975,0.07276565963447267,0.1980917101999921,0.02751248668911016,0.0013989513000069564,0.0001374822935468574,0.8275862068965517,0.6383755760368663,0.9248192205316133,0.7118362128605783
landsat,standard,kmeans,lda,kann,canberra,standard|kmeans|lda|kann|canberra,4,0.79527950310559,0.05593475940443196,0.6253225708927014,0.10286033227948092,0.8865999275726356,0.05287365532425118,0.663596399643872,0.0878745705363172,0.2121771924000086,0.01373832281136102,0.0020417388000055327,0.00019526364760049525,0.7931034482758621,0.625,0.9408245794313221,0.6591276161728375
landsat,standard,kmeans,lda,kann,truncated,standard|kmeans|lda|kann|truncated,4,0.7867287784679089,0.06063032299023436,0.6118435561482435,0.097614608329126,0.8858569900339655,0.05244496648268047,0.6459656966932913,0.0974638363341712,0.232704749800007,0.02241336804911216,0.0021031775999972523,0.0003145965509132356,0.8390804597701149,0.6923277173277174,0.9244903276316829,0.7342182625773799
landsat,standard,kmeans,lda,kridge,linear,standard|kmeans|lda|kridge|linear,4,0.7809730848861284,0.01327294585067741,0.449204274854819,0.03178892899674937,0.8567490688470325,0.048279624859231755,0.624512769246568,0.024937859338738353,0.010784944399983943,0.0017766852726119155,0.0012426048000179434,0.00020476144718369632,0.8045977011494253,0.5265306122448979,0.8996745130715638,0.6824895768736429
landsat,standard,kmeans,lda,kridge,poly,standard|kmeans|lda|kridge|poly,4,0.7953623188405797,0.031186780422037232,0.557106599122027,0.05412575959737473,0.8943827675650189,0.04864595096647105,0.647261949165112,0.058205667518950725,0.010003465200003347,0.0011483897632363594,0.0011584739999989323,8.3053456843214e-05,0.7816091954022989,0.5503640776699029,0.914553942015679,0.6281850865093035
landsat,standard,kmeans,lda,kridge,rbf,standard|kmeans|lda|kridge|rbf,4,0.8113043478260871,0.04366138437849396,0.6285521223749494,0.08067068422999435,0.9028127342956971,0.04943830320825197,0.6818235958549305,0.07443921084431636,0.009815461899995626,0.0009198923247291411,0.0013086863000012273,7.431483365772168e-05,0.8045977011494253,0.6117105263157895,0.9370624680749671,0.6718485426718996
landsat,standard,kmeans,lda,kridge,hyperbolic,standard|kmeans|lda|kridge|hyperbolic,4,0.649399585921325,0.21969472547496036,0.5073128747911533,0.1824246808176289,0.7435880691406257,0.1188214544832671,0.4815189032882728,0.2340874552362043,0.009535466099998757,0.0006052095143121952,0.001221829000002117,8.307087521010173e-05,0.7011494252873564,0.5225503663003663,0.8177369322167659,0.515453248074166
landsat,standard,kmeans,lda,kridge,triangle,standard|kmeans|lda|kridge|triangle,4,0.7838302277432712,0.04612074072200353,0.6000834927523467,0.08944019497865469,0.8714257665575695,0.04749081245805901,0.6395919630597351,0.0759128608166885,0.009914715599995816,0.0006253680907530214,0.0014132668999991438,5.251454641774665e-05,0.6206896551724138,0.4888439071280686,0.7456778137151419,0.40848095001114704
landsat,standard,kmeans,lda,kridge,radial_basic,standard|kmeans|lda|kridge|radial_basic,4,0.7549896480331262,0.0429704258018285,0.5666554862313389,0.06872984582791401,0.822117828975831,0.062620543399692,0.5919792907381645,0.06894409200120125,0.012499904100002368,0.0008774491339019003,0.0027876847000015913,0.00028124986306038224,0.7701149425287356,0.6129592902991918,0.8288365830181307,0.6247227554238588
landsat,standard,kmeans,lda,kridge,rquadratic,standard|kmeans|lda|kridge|rquadratic,4,0.8011801242236025,0.03547489473654284,0.6175784959786671,0.0717363200420794,0.8941794803893233,0.04925541304121858,0.6663391977415907,0.060370037294988646,0.009509273900010839,0.0005465540389256526,0.0012528725999970901,6.154992632674002e-05,0.7816091954022989,0.5816239515377446,0.9069788537653867,0.6333220659491836
landsat,standard,kmeans,lda,kridge,canberra,standard|kmeans|lda|kridge|canberra,4,0.8024637681159421,0.044983893396443125,0.6134177871795117,0.08708937272666169,0.8753648080259315,0.042827392430477895,0.6682409822237098,0.07407618800435624,0.014517520900000136,0.0006198628671172224,0.003126030699996818,0.0001289296556128723,0.8160919540229885,0.6503053053053053,0.939354135136661,0.6930605111156353
landsat,standard,kmeans,lda,kridge,truncated,standard|kmeans|lda|kridge|truncated,4,0.8054037267080745,0.046266531646167786,0.6246472641478448,0.08511356788325733,0.8809151371941532,0.03352102558065771,0.6723009661087996,0.07651055925703719,0.012987238200003049,0.0009233559809075432,0.0028344762000074297,0.00011573408026953298,0.8275862068965517,0.6916347687400319,0.9481577157893255,0.718000836582356
landsat,standard,dbscan,pca,ksvc,linear,standard|dbscan|pca|ksvc|linear,4,0.9019461697722567,0.021602360961551506,0.4635037891891846,0.010600599769880011,0.6370359198083644,0.05595319770021016,0.8065341804201603,0.04173762237314475,0.010094680499992136,0.0012154144074498902,0.0010876097000050323,5.272604637202605e-05,0.9310344827586207,0.4711456859971711,0.6078038838726253,0.8686138448845743
landsat,standard,dbscan,pca,ksvc,poly,standard|dbscan|pca|ksvc|poly,4,0.733374741200828,0.03879676330601603,0.35521000107329037,0.026715182332957,0.6671779375894975,0.03924689242798279,0.4384687944690593,0.08816088223320416,0.010341354400003411,0.0008693464604020885,0.0014152169999874786,0.00014596429011401498,0.735632183908046,0.3501131221719457,0.6187369935980572,0.4503607119052696
landsat,standard,dbscan,pca,ksvc,rbf,standard|dbscan|pca|ksvc|rbf,4,0.9004968944099379,0.021289667141830605,0.4624019459322931,0.010736699285903054,0.7026024163897377,0.052100376183511134,0.80446942855937,0.04055431159263082,0.008558766900006277,0.0008285925806273062,0.0012611839999976838,6.55498362266494e-05,0.9310344827586207,0.4711456859971711,0.7470421464650261,0.8686138448845743
landsat,standard,dbscan,pca,ksvc,hyperbolic,standard|dbscan|pca|ksvc|hyperbolic,4,0.8097722567287784,0.04058015614558453,0.47419551481663713,0.08099655791298223,0.6852454996322602,0.07131449201844342,0.6243639210008614,0.08087846573474132,0.007879987100005792,0.00047531503181877794,0.0012709129000029406,9.683207690067441e-05,0.7931034482758621,0.3995208146151542,0.6599553362164512,0.5851743576963113
landsat,standard,dbscan,pca,ksvc,triangle,standard|dbscan|pca|ksvc|triangle,4,0.8918219461697723,0.025204482510529293,0.49992634140889836,0.06571083679558534,0.6762329978684272,0.0793676444264541,0.792286956141794,0.04612035680376257,0.008514020500001607,0.0004231558936183743,0.001552262900020196,9.29672167868411e-05,0.9310344827586207,0.47065962307252995,0.6486633877408501,0.864084695689081
landsat,standard,dbscan,pca,ksvc,radial_basic,standard|dbscan|pca|ksvc|radial_basic,4,0.8687163561076604,0.03872791192663256,0.5252929770762368,0.061360799629861545,0.7422472841297205,0.07233633626031105,0.7511801576006338,0.0705348446538138,0.0111496347999946,0.00043605700683549295,0.0025518811000040387,9.546855175141841e-05,0.896551724137931,0.4621394230769231,0.7485060233029625,0.7961418143899895
landsat,standard,dbscan,pca,ksvc,rquadratic,standard|dbscan|pca|ksvc|rquadratic,4,0.8976190476190476,0.02431578863690986,0.46148893211795594,0.010697862441170373,0.6917866510699449,0.07850849603938542,0.8003896595929427,0.04689996073651751,0.008233541700008118,0.0005968323169736159,0.0013644353999950453,0.0001267225826623885,0.9310344827586207,0.4711456859971711,0.7559335863350056,0.8686138448845743
landsat,standard,dbscan,pca,ksvc,canberra,standard|dbscan|pca|ksvc|canberra,4,0.8875569358178055,0.03404444889213741,0.4825917665459788,0.06208939026534388,0.7315525043990696,0.08689184441969879,0.7810982027895278,0.0667583915534472,0.01396828460000279,0.0007677145367732685,0.003530193099987855,0.00025631717885664493,0.8850574712643678,0.44624500285551116,0.7480052522716683,0.7713614535984857
landsat,standard,dbscan,pca,ksvc,truncated,standard|dbscan|pca|ksvc|truncated,4,0.886128364389234,0.019993564408680144,0.478638951559826,0.05229990053967122,0.7239117145506133,0.06826136820222711,0.7777990764373757,0.040364690162359856,0.011822754000007762,0.0011812407751115484,0.003023064999985081,0.0001359776517411485,0.9195402298850575,0.46535211267605636,0.7826152579465678,0.8486113201554156
landsat,standard,dbscan,pca,kann,linear,standard|dbscan|pca|kann|linear,4,0.8817184265010353,0.03222358870904272,0.4892777810069798,0.0607675575448855,0.8838685991578652,0.0444710290803125,0.7749033273140027,0.058022695783134945,0.1585495207000065,0.024918378502358108,0.0011827608000032797,0.00023415375569237802,0.9195402298850575,0.46920736125199247,0.8920048380996568,0.8409198044327445
landsat,standard,dbscan,pca,kann,poly,standard|dbscan|pca|kann|poly,4,0.8788405797101448,0.027083545117249884,0.5316256838653705,0.06626496952181446,0.8690065304338553,0.046517435023584935,0.7677501070163109,0.048860569708684465,0.2251267594000069,0.02600504806883963,0.0014546693999989203,0.00021147877798254308,0.8850574712643678,0.45300373670594996,0.9120589695871844,0.7870207372758653
landsat,standard,dbscan,pca,kann,rbf,standard|dbscan|pca|kann|rbf,4,0.8716977225672877,0.028655329679948317,0.5105121599161946,0.059091821251972286,0.8855389369306309,0.04284358530925503,0.7560549837937692,0.05178411847035244,0.22122147470000755,0.02578531315356987,0.0015824373000100423,0.00023422213162591012,0.9080459770114943,0.4627258500497937,0.9167571997086361,0.8285118863600469
landsat,standard,dbscan,pca,kann,hyperbolic,standard|dbscan|pca|kann|hyperbolic,4,0.8702691511387164,0.0183188414116946,0.5355259682298861,0.075591779968466,0.8786626101072395,0.045210062675246486,0.7525816737805183,0.031187432533325572,0.21407750199999215,0.02319308475075631,0.0013531051000086336,0.00015916639481326124,0.9080459770114943,0.4651368049426302,0.9106036789817569,0.818686811104116
landsat,standard,dbscan,pca,kann,triangle,standard|dbscan|pca|kann|triangle,4,0.8774534161490684,0.029341117740702565,0.5369758684291426,0.06881747923630198,0.8903122888776129,0.03564132226421664,0.7658268077877933,0.05626404944126046,0.20219805070000235,0.017128325743638283,0.0014449998000031882,0.00010708140947545334,0.9195402298850575,0.46721193858516286,0.8748736899215696,0.8451768318959684
landsat,standard,dbscan,pca,kann,radial_basic,standard|dbscan|pca|kann|radial_basic,4,0.8803312629399587,0.024022908342127666,0.5498538579609328,0.09411506364441737,0.8934315423926679,0.029288797670444153,0.7693267337657935,0.042813549771187696,0.21811394479998966,0.021520195800588744,0.002273201300005212,0.0007008041827790989,0.8735632183908046,0.44909117777449387,0.8972120945060411,0.7561752018432066
landsat,standard,dbscan,pca,kann,rquadratic,standard|dbscan|pca|kann|rquadratic,4,0.8832298136645962,0.023233549011659343,0.5149900572571211,0.057416398249805094,0.8870062691678715,0.03883560450517925,0.7771546489154016,0.0427856402066868,0.19723797959999842,0.014170945102478617,0.0014577336000115792,0.000110158647203094,0.9080459770114943,0.4646376811594203,0.9074325661513588,0.8253322283788012
landsat,standard,dbscan,pca,kann,canberra,standard|dbscan|pca|kann|canberra,4,0.8745548654244306,0.03427075401332381,0.529991852483813,0.08903584779686013,0.9005486010425763,0.04294503103714588,0.7565045699125856,0.0659028828751227,0.2029707874000053,0.007870979873565803,0.0019644537999965904,0.00010087382659218837,0.8735632183908046,0.4517597087378641,0.8654655322447731,0.7539853275483749
landsat,standard,dbscan,pca,kann,truncated,standard|dbscan|pca|kann|truncated,4,0.8832298136645962,0.020093366515058386,0.5371957843607948,0.07689608114457985,0.8954403628561147,0.036029574407072475,0.7734062761056644,0.03771739173683868,0.23367695099999536,0.03103961245826929,0.00212328489999436,0.0004369632279247212,0.8850574712643678,0.45700416088765605,0.8869335435426406,0.7784471351867573
landsat,standard,dbscan,pca,kridge,linear,standard|dbscan|pca|kridge|linear,4,0.8990476190476191,0.029131251450850496,0.46106971924471757,0.014930098262905367,0.8541255628852824,0.038311608725546516,0.8058092073405734,0.05339512964911848,0.011101198000000067,0.0023667386359506426,0.0014653609999868422,0.0002455920821302278,0.9080459770114943,0.45959595959595956,0.8261653104077864,0.8291620926020036
landsat,standard,dbscan,pca,kridge,poly,standard|dbscan|pca|kridge|poly,4,0.8918633540372671,0.025898047479596745,0.45752961523320346,0.013365693833707523,0.8625637228112797,0.03918700040350907,0.7847249091124212,0.05245377675411723,0.009399415899986252,0.0013106806427871857,0.001228306000007251,0.0001759086791220197,0.9195402298850575,0.46483375959079287,0.8129585039618383,0.8430247643565939
landsat,standard,dbscan,pca,kridge,rbf,standard|dbscan|pca|kridge|rbf,4,0.8947619047619048,0.029807761154145157,0.45983988234574824,0.012975291001426114,0.833326558252281,0.0527655351304887,0.793467784548586,0.058331618198888734,0.009528375399992229,0.0010187325184297861,0.0013614989000132027,7.837040722004189e-05,0.9195402298850575,0.4685714285714285,0.8681288423443861,0.8482254677930401
landsat,standard,dbscan,pca,kridge,hyperbolic,standard|dbscan|pca|kridge|hyperbolic,4,0.7724430641821947,0.09085688047986837,0.4166098055679862,0.04671445805069052,0.7347305071941126,0.10428596956500917,0.5738329440249823,0.13975870335643267,0.010183379800002968,0.001212397193550972,0.001385751899999832,0.00019285023498268077,0.896551724137931,0.45689030575278944,0.7896783748057687,0.7952578062636092
landsat,standard,dbscan,pca,kridge,triangle,standard|dbscan|pca|kridge|triangle,4,0.8703519668737061,0.03304579591319257,0.5003864816256607,0.07511524039254265,0.8539863160186941,0.06680272569065206,0.7450456658327552,0.0693982193706673,0.009643700499992747,0.0009038172771555593,0.0014723818000049959,0.00010479698907413511,0.8390804597701149,0.4322682268226823,0.6268995923706936,0.6916580715760073
landsat,standard,dbscan,pca,kridge,radial_basic,standard|dbscan|pca|kridge|radial_basic,4,0.8788612836438924,0.026124439497740237,0.5010346867086932,0.07390306340164851,0.7706447238297954,0.07098458915328602,0.7673813699989329,0.047444778269328185,0.011655223600001818,0.0007629685373814809,0.002639286699985632,0.00014009972982216188,0.9195402298850575,0.46721193858516286,0.7924814006957475,0.8451768318959684
landsat,standard,dbscan,pca,kridge,rquadratic,standard|dbscan|pca|kridge|rquadratic,4,0.8947619047619048,0.02559540876663163,0.46003337471681227,0.010681971487598443,0.8290094452508019,0.059882551938090375,0.7947491055450202,0.05039709229506066,0.011730677200000627,0.0009070719941708775,0.0016819842999950651,0.0002550526848386935,0.9310344827586207,0.4711456859971711,0.8839902851081887,0.8686138448845743
landsat,standard,dbscan,pca,kridge,canberra,standard|dbscan|pca|kridge|canberra,4,0.8774534161490684,0.02596534325212149,0.4754613425885477,0.05535354373398698,0.8471676486393654,0.0575321229493722,0.7650834277012942,0.04808965480973863,0.0144624778999912,0.0007900820609890904,0.0032430819000012433,0.00022620211583911472,0.9080459770114943,0.4627258500497937,0.8220663954718331,0.8285118863600469
landsat,standard,dbscan,pca,kridge,truncated,standard|dbscan|pca|kridge|truncated,4,0.8832091097308489,0.031076666625224406,0.4530511233711894,0.015082932882798479,0.8581749304318388,0.05421618344319549,0.7735055298504722,0.06018030558795638,0.013625391000010723,0.0019592862748011542,0.003207482600004141,0.0004845783619222725,0.9195402298850575,0.46535211267605636,0.8420659303931363,0.8486113201554156
landsat,standard,dbscan,lda,ksvc,linear,standard|dbscan|lda|ksvc|linear,4,0.9091304347826087,0.025813570349769666,0.48706406155092896,0.03890143900066397,0.6879787280748951,0.06251805111668866,0.8240460041715497,0.04806248047834252,0.009335896900000761,0.0008007538746363013,0.0010998454000116452,0.00013709815161941979,0.9310344827586207,0.4775669314504266,0.5609326591670983,0.8647363089482594
landsat,standard,dbscan,lda,ksvc,poly,standard|dbscan|lda|ksvc|poly,4,0.7853002070393376,0.05072956694968874,0.3901116682554192,0.03196682244023361,0.6602700918264262,0.061809398055757366,0.5600120214208667,0.11079531222793475,0.009615613899995878,0.0007905635168914165,0.0012779717000000802,0.00010853945954620613,0.8045977011494253,0.39697802197802196,0.6001195068611279,0.6131642379541274
landsat,standard,dbscan,lda,ksvc,rbf,standard|dbscan|lda|ksvc|rbf,4,0.9091097308488614,0.0230664907762599,0.47522814837604066,0.026387549394411364,0.6817785650000765,0.05821421358565007,0.8230527082576264,0.04465261997699367,0.008211446500001784,0.00037476904537959,0.0012450166000064656,0.0003630192562953996,0.9080459770114943,0.4724722472247225,0.5242643514146592,0.825759665089373
landsat,standard,dbscan,lda,ksvc,hyperbolic,standard|dbscan|lda|ksvc|hyperbolic,4,0.8702070393374741,0.029295793938098773,0.45408139806108744,0.014115620224689722,0.637051532525774,0.0484300802333036,0.7487355571348605,0.056104479250349004,0.008014020799998888,0.00031924395055410215,0.0011296280000010483,4.458451342081736e-05,0.8735632183908046,0.45875,0.7120552861126561,0.7663780085390156
landsat,standard,dbscan,lda,ksvc,triangle,standard|dbscan|lda|ksvc|triangle,4,0.900455486542443,0.024468005101182928,0.47315712090767137,0.023154314577183817,0.703336984965485,0.08206115210811152,0.8071327444745802,0.04510724964574606,0.008516948400017554,0.00041449426197088596,0.0013882971999862547,3.87392769211398e-05,0.9195402298850575,0.47504456327985745,0.5690347848970455,0.8440447465070382
landsat,standard,dbscan,lda,ksvc,radial_basic,standard|dbscan|lda|ksvc|radial_basic,4,0.88472049689441,0.03667497314835592,0.49486502194710036,0.06654774372471241,0.7805532105472837,0.09161552546910606,0.7773964673949442,0.06852779792138111,0.011105056899998545,0.0003414121202715402,0.002473584500006609,6.274505234602725e-05,0.8735632183908046,0.4557501904036558,0.7038436255946515,0.7596232840706338
landsat,standard,dbscan,lda,ksvc,rquadratic,standard|dbscan|lda|ksvc|rquadratic,4,0.9062525879917185,0.021058342290591833,0.4814493272422862,0.029842324932608025,0.6866117361384012,0.0682449554710145,0.8179248511086387,0.039653370101283794,0.00848207919999595,0.0006357269755097266,0.0012481864000051246,2.7553930693164868e-05,0.896551724137931,0.4673847087378641,0.519170358113159,0.7992913765919099
landsat,standard,dbscan,lda,ksvc,canberra,standard|dbscan|lda|ksvc|canberra,4,0.8947204968944099,0.025844696530541663,0.4639437480686598,0.009678999534684398,0.7108702460608158,0.062145431006783686,0.7943036680587718,0.04923020893147909,0.013947283299995662,0.0001748496656906672,0.003420074600001044,0.00018061436099906048,0.9195402298850575,0.4717548076923077,0.6922519319770517,0.8415015641293013
landsat,standard,dbscan,lda,ksvc,truncated,standard|dbscan|lda|ksvc|truncated,4,0.8990683229813664,0.021860550199784858,0.49748628942527046,0.05654186587859699,0.7916486205094858,0.06605685263026115,0.8035569837789982,0.04002117490127005,0.01200470250000194,0.0005618881950555648,0.0029325856999889766,6.76226144714741e-05,0.9080459770114943,0.4686333084391337,0.7435268583161025,0.8199840191382696
landsat,standard,dbscan,lda,kann,linear,standard|dbscan|lda|kann|linear,4,0.9019254658385094,0.02466039475500592,0.5118299755203914,0.06386525524201601,0.8955003300999023,0.04379928554834809,0.8108608762474606,0.04468809196190926,0.14842011020000428,0.014373638289817971,0.0009904025000082584,7.894722271095629e-05,0.9195402298850575,0.4800515776699029,0.8319558327274641,0.8435677427026372
landsat,standard,dbscan,lda,kann,poly,standard|dbscan|lda|kann|poly,4,0.8932505175983436,0.036538933588665126,0.5209065473534257,0.07120708221124084,0.8960704156538941,0.04634898293936561,0.7943160013146817,0.06751826853380985,0.21095234179999806,0.017829395377727163,0.001251429100000223,7.580450407384242e-05,0.9195402298850575,0.4763256161314414,0.834750280926324,0.842552386637488
landsat,standard,dbscan,lda,kann,rbf,standard|dbscan|lda|kann|rbf,4,0.8976397515527952,0.026945568585248433,0.538167995050029,0.08418264750678196,0.8900076794620185,0.06221552878921979,0.8032271147231589,0.049315121773711744,0.2052086136000014,0.005468615299013955,0.0013416287000040938,6.932277030678973e-05,0.9080459770114943,0.4699519230769231,0.796347272341202,0.8195097619968682
landsat,standard,dbscan,lda,kann,hyperbolic,standard|dbscan|lda|kann|hyperbolic,4,0.896128364389234,0.035000338668150915,0.5136692808106138,0.06281211209499148,0.8745145025716292,0.04870497771342184,0.8002190859638603,0.06302825249393708,0.20718971580000697,0.039089673207754576,0.0012728919999915433,5.16788926460048e-05,0.9080459770114943,0.4699519230769231,0.8602753628895043,0.8188216892596455
landsat,standard,dbscan,lda,kann,triangle,standard|dbscan|lda|kann|triangle,4,0.9018840579710146,0.02919498559787639,0.4966765673838923,0.053844920243262186,0.8945704904441263,0.04026630710371875,0.8093607666748435,0.05586615236781578,0.2130908353999928,0.013681034914579254,0.0014440781000018888,0.00016687916301301892,0.9080459770114943,0.4745710784313726,0.7741254171614979,0.8250170397539228
landsat,standard,dbscan,lda,kann,radial_basic,standard|dbscan|lda|kann|radial_basic,4,0.881801242236025,0.03412326112355262,0.49272392532461523,0.06017755852888571,0.8966647209928592,0.03805542141800021,0.7716001660524063,0.06202371576594302,0.1757601051999984,0.03418669370000708,0.001876259599993091,0.00024505029513934186,0.896551724137931,0.4660633484162896,0.8571933645185184,0.8003263318913925
landsat,standard,dbscan,lda,kann,rquadratic,standard|dbscan|lda|kann|rquadratic,4,0.9019461697722567,0.028120146195398238,0.5353677332608376,0.06200478733347474,0.8938973050411313,0.05085633064260356,0.8105520768865077,0.05211565182068561,0.19976216239999758,0.026834398995859175,0.0013603326000122707,4.542043149963835e-05,0.9195402298850575,0.4763256161314414,0.8011315804578458,0.842552386637488
landsat,standard,dbscan,lda,kann,canberra,standard|dbscan|lda|kann|canberra,4,0.8745755693581779,0.028370148137794413,0.4678512700631742,0.025606806541630278,0.8604043872131923,0.042636707670599794,0.758158515514594,0.04956167958042736,0.18590553460000478,0.02139404156422761,0.0019263675999866337,0.00011685541383819249,0.9080459770114943,0.47054334554334554,0.9048798713256648,0.8202523223741565
landsat,standard,dbscan,lda,kann,truncated,standard|dbscan|lda|kann|truncated,4,0.8860662525879919,0.03192601334380776,0.5095093103363246,0.06500555242724927,0.882411549916178,0.04386130035006306,0.7805834269690078,0.056934208272497296,0.21000438699999222,0.019148589875176023,0.0019343631000083405,0.00010555100219365743,0.9310344827586207,0.5770934466019417,0.8838690550215856,0.8659633464912029
landsat,standard,dbscan,lda,kridge,linear,standard|dbscan|lda|kridge|linear,4,0.919254658385093,0.021978482317076553,0.4714469270266382,0.011292818530316492,0.8523689038213268,0.04547853310189617,0.8422509291597097,0.042682570997656405,0.009964164199999459,0.0009677449656739287,0.0011621373000082259,9.404430678952878e-05,0.9310344827586207,0.4701298701298701,0.7632599317577087,0.8614404252493261
landsat,standard,dbscan,lda,kridge,poly,standard|dbscan|lda|kridge|poly,4,0.9134368530020704,0.0219323736645258,0.46791214368493605,0.011761271298397805,0.9053122303524856,0.027267573323226286,0.8295338581699336,0.04253260319587452,0.009699512900010632,0.0008204386442521133,0.001164178700003049,0.00010685478843373191,0.9195402298850575,0.46712853773584906,0.755530402822212,0.8382140628758312
landsat,standard,dbscan,lda,kridge,rbf,standard|dbscan|lda|kridge|rbf,4,0.9134989648033127,0.018123216522301543,0.47090694804472627,0.007022299746466784,0.9018818580526526,0.03379628221260645,0.8314737191025655,0.03373764571598569,0.00996207550000463,0.0007354805667605013,0.0013170391999892672,7.992150008093583e-05,0.9195402298850575,0.4724702380952381,0.7275341386554622,0.8399313204229945
landsat,standard,dbscan,lda,kridge,hyperbolic,standard|dbscan|lda|kridge|hyperbolic,4,0.7923188405797101,0.08585333547973095,0.4196882636556925,0.040484026196704784,0.7551134840233292,0.08945219391627458,0.6166313657572019,0.15246331544137337,0.009885838799988278,0.0007724778158730073,0.0012505739000005177,0.00010694047164426614,0.8850574712643678,0.45608663181478715,0.7708256603177943,0.7745878776168532
landsat,standard,dbscan,lda,kridge,triangle,standard|dbscan|lda|kridge|triangle,4,0.9033540372670806,0.025918223318423323,0.4931734827101836,0.060322070445047456,0.8313060308218467,0.08313744921732964,0.8111261154710367,0.049618525476905505,0.011665521900010845,0.0021436682051049287,0.0015864051999926686,0.00022378930369090585,0.9080459770114943,0.4686333084391337,0.7903224831768778,0.8199840191382696
landsat,standard,dbscan,lda,kridge,radial_basic,standard|dbscan|lda|kridge|radial_basic,4,0.8846583850931677,0.025846944719103027,0.48475203591365723,0.05459680328223973,0.7664462183631404,0.13171740235018983,0.7741693651052617,0.048338360910099326,0.012265320399995972,0.000665174065303904,0.002752864400008548,0.00040992948989585973,0.8850574712643678,0.4618566176470588,0.613606957765217,0.77985563577896
landsat,standard,dbscan,lda,kridge,rquadratic,standard|dbscan|lda|kridge|rquadratic,4,0.9019254658385092,0.02566676426387434,0.48853427972446484,0.05996078826050155,0.8672132682760703,0.07660817518915645,0.8105479596418446,0.047391501025903705,0.009954855900002713,0.0007790840451918132,0.00132195629998364,0.00012054097353069534,0.9080459770114943,0.4699519230769231,0.7546382183138339,0.8188216892596455
landsat,standard,dbscan,lda,kridge,canberra,standard|dbscan|lda|kridge|canberra,4,0.9062732919254659,0.023047496957983006,0.46532658674419985,0.011169391396736098,0.7753421560732543,0.0794088182851779,0.81547751401946,0.04576134435983696,0.017011790300006168,0.0023875383269768478,0.0036966540999969766,0.0006938345904261154,0.8850574712643678,0.4595722087378641,0.8662719355712687,0.7764410103436508
landsat,standard,dbscan,lda,kridge,truncated,standard|dbscan|lda|kridge|truncated,4,0.9048240165631469,0.020968643641245496,0.4641959680728284,0.01089310296081888,0.822077466139107,0.06793134376059067,0.8120194628376594,0.04130935159402507,0.01389360249999072,0.0020747741421969926,0.0031403043000068466,0.0005801690777918527,0.9080459770114943,0.4646577380952381,0.8604786970895042,0.8169376058613833
landsat,standard,hierarchical,pca,ksvc,linear,standard|hierarchical|pca|ksvc|linear,4,0.806832298136646,0.02629209385425042,0.6098728286829068,0.04624720351481676,0.8329489773159171,0.03560057569275518,0.66999239083012,0.044058709127762344,0.012525858600014317,0.0015404001827378265,0.0012468295999951806,0.00013768629110459245,0.7701149425287356,0.4801960784313725,0.7414195453669139,0.6088788591209147
landsat,standard,hierarchical,pca,ksvc,poly,standard|hierarchical|pca|ksvc|poly,4,0.6556314699792962,0.030411542450850728,0.41350032897382627,0.06574528707416802,0.7689284214681683,0.027327878411653884,0.3384150830956617,0.07087595692261009,0.010844616099990389,0.0010998429214914196,0.0013868499000011525,0.0001248333489667315,0.632183908045977,0.2925499231950845,0.684773486747171,0.2664230287899807
landsat,standard,hierarchical,pca,ksvc,rbf,standard|hierarchical|pca|ksvc|rbf,4,0.7895859213250518,0.02940445369681417,0.5833390042502363,0.042531701035789245,0.8513587699112379,0.023599072598734866,0.6399853784827022,0.04702837143719457,0.008002385399993272,0.0004792433323793684,0.0014242957999954342,7.301712635611886e-05,0.7816091954022989,0.5102631578947369,0.7638134526292422,0.6282242301778065
landsat,standard,hierarchical,pca,ksvc,hyperbolic,standard|hierarchical|pca|ksvc|hyperbolic,4,0.6339958592132506,0.05251537819268588,0.39909829623383175,0.05055055875928614,0.6785031792509177,0.03528350696219823,0.36787532450008287,0.0840279519849779,0.007590576799998416,0.0003544920935928018,0.0012905700000089837,6.601047245544567e-05,0.6666666666666666,0.3896223043012034,0.5842666836087889,0.3997114909084304
landsat,standard,hierarchical,pca,ksvc,triangle,standard|hierarchical|pca|ksvc|triangle,4,0.7824223602484472,0.02579197388207626,0.5966223899311272,0.07250351996334632,0.8540629904080015,0.029789233648090514,0.6310954323487581,0.04233802966883097,0.008251892399994177,0.00036640237132355176,0.0015643881000073634,8.819627680768561e-05,0.7586206896551724,0.49085450829191246,0.8039656250182566,0.5793735652498547
landsat,standard,hierarchical,pca,ksvc,radial_basic,standard|hierarchical|pca|ksvc|radial_basic,4,0.7536231884057971,0.040269136354413634,0.5630666609894484,0.0656333066973699,0.8603962974842128,0.04199672367776749,0.5781013745968054,0.06559670425244393,0.011231031400001257,0.0002833492308452759,0.0026264128000036634,7.773094933745827e-05,0.7241379310344828,0.47459501093222023,0.7991971478813584,0.5168801071413985
landsat,standard,hierarchical,pca,ksvc,rquadratic,standard|hierarchical|pca|ksvc|rquadratic,4,0.7823395445134576,0.026569609131196943,0.5746187989253266,0.06069484378415807,0.8672647974430119,0.02866967973099783,0.6288427658245315,0.04703953437547645,0.008247674200003986,0.0004653149536030174,0.001424384499983944,7.571182764327448e-05,0.7701149425287356,0.4881118881118881,0.7611650776124461,0.593451996968392
landsat,standard,hierarchical,pca,ksvc,canberra,standard|hierarchical|pca|ksvc|canberra,4,0.7620910973084886,0.036444210096029044,0.5689353983487581,0.09371135696083423,0.8618610794049731,0.040358499874686676,0.5948278090334441,0.06859302489086508,0.014192797000004021,0.0007211328442563173,0.0035512373000017305,0.00027019387060266944,0.6666666666666666,0.4083133253301321,0.7504679530995322,0.4481652015950511
landsat,standard,hierarchical,pca,ksvc,truncated,standard|hierarchical|pca|ksvc|truncated,4,0.7678674948240165,0.037125436928189016,0.5915367990111786,0.08320174051663122,0.8646152933309009,0.03757301976519254,0.6065383645539287,0.06595779706714279,0.012038503599990235,0.0011260494880806658,0.0031714341999986573,0.0003882171716476744,0.7701149425287356,0.48333333333333334,0.7551263064420959,0.6092589328766637
landsat,standard,hierarchical,pca,kann,linear,standard|hierarchical|pca|kann|linear,4,0.7751966873706004,0.031513355018726895,0.5862736818186146,0.07737091366773549,0.9125868970396651,0.03785621935892077,0.6186719515289425,0.05061507700362465,0.14059784059999175,0.012362803641955598,0.0009825399000078505,2.168229086676056e-05,0.7241379310344828,0.47177010383965223,0.8961720297246614,0.5367344018166991
landsat,standard,hierarchical,pca,kann,poly,standard|hierarchical|pca|kann|poly,4,0.7824016563146998,0.031536047510252796,0.6159662624853045,0.06375927443134886,0.9008334743398796,0.03748547515903451,0.6330243530916669,0.05266680209593474,0.17467944789999593,0.043624250144946454,0.0013421724000068024,0.00013723352298345725,0.735632183908046,0.49134057971014494,0.8961999258051889,0.5586568723939481
landsat,standard,hierarchical,pca,kann,rbf,standard|hierarchical|pca|kann|rbf,4,0.7766666666666666,0.03255503671320268,0.604134926875789,0.07081469844756501,0.9114912700325484,0.0316166438959441,0.6222245063219984,0.05203367768269271,0.20986837500000205,0.004820787162934282,0.0014474827000015011,8.601956058636994e-05,0.7011494252873564,0.4644497607655502,0.8934601217495954,0.49817565536131925
landsat,standard,hierarchical,pca,kann,hyperbolic,standard|hierarchical|pca|kann|hyperbolic,4,0.7608902691511388,0.04780675838341124,0.5736270082690416,0.07446220383324517,0.8944813029220615,0.02818487816595172,0.5932179123799949,0.07498791957139876,0.21049276779999673,0.016443259486601386,0.0013051111999971,9.918829405943021e-05,0.7586206896551724,0.5207417582417583,0.8930350351402983,0.5766394895317682
landsat,standard,hierarchical,pca,kann,triangle,standard|hierarchical|pca|kann|triangle,4,0.7680124223602485,0.02900509542204953,0.5753889371495312,0.08049514287278536,0.9035748744736776,0.03682940217472843,0.6048009549322282,0.04732688013865528,0.2079581287999929,0.005988627838202842,0.0014963841999986016,0.00013976736907261208,0.7471264367816092,0.43432054215807075,0.875964094385147,0.5509667316353526
landsat,standard,hierarchical,pca,kann,radial_basic,standard|hierarchical|pca|kann|radial_basic,4,0.74351966873706,0.030742347802706627,0.5420049453216456,0.059740036640951004,0.8964936843979316,0.037547274170108294,0.5623805101471285,0.05181893931134967,0.21561448030000746,0.029053609509557776,0.0019471489999943969,0.0003521620514363017,0.7241379310344828,0.4368131868131868,0.8698760304023463,0.5195294646466767
landsat,standard,hierarchical,pca,kann,rquadratic,standard|hierarchical|pca|kann|rquadratic,4,0.7665631469979296,0.025282028561677602,0.585604262115712,0.05091820332211482,0.910952453069043,0.03258764585160875,0.6046974957108078,0.042422135919245575,0.2053530640999952,0.02016162482307394,0.0014924469000050066,0.00023914569116086838,0.735632183908046,0.5053845569235446,0.905681453049874,0.5454168458022758
landsat,standard,hierarchical,pca,kann,canberra,standard|hierarchical|pca|kann|canberra,4,0.7565838509316769,0.019425701749872546,0.5642142457463541,0.04492004733074879,0.9002678611389016,0.017887715568664274,0.5873624539559078,0.036949892241239436,0.21954294129999424,0.007149514908939486,0.002036395699997229,0.0001837424816839117,0.7126436781609196,0.49438943894389437,0.8810544718439456,0.5108287107674618
landsat,standard,hierarchical,pca,kann,truncated,standard|hierarchical|pca|kann|truncated,4,0.7579089026915113,0.02438127876890684,0.5666841294109439,0.05351830331966368,0.9062069605285122,0.028546699874892688,0.5878587975092587,0.042807254447414636,0.20556740050000713,0.0150568669616624,0.0018482874999904198,9.601364107418391e-05,0.7471264367816092,0.47291842549598984,0.8780869715080242,0.5608680863786009
landsat,standard,hierarchical,pca,kridge,linear,standard|hierarchical|pca|kridge|linear,4,0.7579296066252588,0.025239520940415417,0.4207167338061516,0.046525302897289095,0.8758924675496471,0.03258575425447959,0.5867952839592552,0.047117617879744104,0.008403576300003124,0.0003262613315860411,0.001035346699990214,3.5881096560485374e-05,0.7816091954022989,0.4071152877999664,0.8138520835889258,0.6426836731056353
landsat,standard,hierarchical,pca,kridge,poly,standard|hierarchical|pca|kridge|poly,4,0.7810351966873706,0.025501292927637375,0.5561902357341132,0.04929099157243209,0.905523265247535,0.027613025251214954,0.6150136927059893,0.048367872979745145,0.008501531500007787,0.00043332873719501057,0.0010585936999973455,4.702041046038712e-05,0.7586206896551724,0.484527518172378,0.8164286736655159,0.5602563511634482
landsat,standard,hierarchical,pca,kridge,rbf,standard|hierarchical|pca|kridge|rbf,4,0.7880745341614908,0.032049172284298814,0.5834062624965891,0.06796845805790505,0.9088214498488434,0.039303553742669424,0.6350374583626869,0.054791921907742784,0.008627739299998893,0.0004771027082183037,0.0012222899999983384,5.278365026335195e-05,0.7241379310344828,0.467808519982433,0.8721402866139709,0.5378331084258202
landsat,standard,hierarchical,pca,kridge,hyperbolic,standard|hierarchical|pca|kridge|hyperbolic,4,0.5781573498964802,0.12916383401215437,0.41691065526407733,0.1041762976329744,0.6507996197181651,0.12476998222945988,0.33453201691637335,0.17049737048453323,0.008634517199999437,0.0005337329120441457,0.0011236190999966312,2.915038736248652e-05,0.7126436781609196,0.4417557932263814,0.7466330453172558,0.5035019912964094
landsat,standard,hierarchical,pca,kridge,triangle,standard|hierarchical|pca|kridge|triangle,4,0.747991718426501,0.030543397905299745,0.5584337396078887,0.06015217184573183,0.8397507610187878,0.04658009242744126,0.5702736280720834,0.05387789725645247,0.008863572600006364,0.00044655807650040877,0.0013705092999941825,0.00014778664570027448,0.7241379310344828,0.48186554397813863,0.8099330494067336,0.5283723637277414
landsat,standard,hierarchical,pca,kridge,radial_basic,standard|hierarchical|pca|kridge|radial_basic,4,0.7636853002070393,0.041935015824801504,0.5686383895329115,0.09356509042355735,0.8688153786235244,0.048191049708777134,0.5961518287141913,0.07182356462169483,0.010911636299994143,0.00045267585487329546,0.002418291800000816,7.609708942330035e-05,0.7011494252873564,0.4178338001867413,0.8418405424984372,0.4803208308952434
landsat,standard,hierarchical,pca,kridge,rquadratic,standard|hierarchical|pca|kridge|rquadratic,4,0.7751552795031056,0.029508896472996468,0.5693542520814967,0.06990442448761311,0.9100421740097925,0.03858000932294232,0.6141616437758656,0.049480187015623255,0.010053836300005514,0.002197708950932681,0.0013845064000008733,0.0002643332480923551,0.735632183908046,0.48738095238095236,0.8747820892557735,0.5518481983841166
landsat,standard,hierarchical,pca,kridge,canberra,standard|hierarchical|pca|kridge|canberra,4,0.770703933747412,0.04816049781218282,0.5781927434765692,0.09492487349228486,0.8819008928943666,0.04678144650624676,0.6105191925091329,0.08240778730538455,0.016003551499989044,0.0020471574373322186,0.0035424548000037247,0.0005017082132145785,0.735632183908046,0.46119047619047615,0.8088637970216918,0.549996550082364
landsat,standard,hierarchical,pca,kridge,truncated,standard|hierarchical|pca|kridge|truncated,4,0.7793581780538303,0.04484982131451533,0.5897343511864382,0.09822832375320455,0.8915008265813984,0.045380127842483936,0.6250804563658512,0.0800098915047882,0.013443747900004155,0.001541311100511517,0.0032591534999880877,0.0005840174758267487,0.7471264367816092,0.46095709570957094,0.8038430137114347,0.5637270260168172
landsat,standard,hierarchical,lda,ksvc,linear,standard|hierarchical|lda|ksvc|linear,4,0.821097308488613,0.04400671864247108,0.663527088479901,0.09067016923967572,0.8722647150334426,0.05683420985379467,0.6967241680816645,0.0751250374993321,0.013267146299995147,0.0026018025939505826,0.0016626970000061191,0.0006219696345050233,0.7816091954022989,0.5928869202709744,0.8811060284744495,0.6339525511547439
landsat,standard,hierarchical,lda,ksvc,poly,standard|hierarchical|lda|ksvc|poly,4,0.6744306418219461,0.02877412323033866,0.40873261656950544,0.05651206070729342,0.7744073779377116,0.035458160622013034,0.3784577489395033,0.06805630389505599,0.009616563900004848,0.0003789905742253957,0.0013910414000008586,6.546533305850101e-05,0.6896551724137931,0.3885354411670201,0.745565764644712,0.4019147330167936
landsat,standard,hierarchical,lda,ksvc,rbf,standard|hierarchical|lda|ksvc|rbf,4,0.8427950310559005,0.04204762851147727,0.6881754189854732,0.08334697550114037,0.9011520098919986,0.051094574317050244,0.7333881550656025,0.07029059918020451,0.008951499299996613,0.0009633488974326786,0.0015469531000064762,0.00033061766465315387,0.7816091954022989,0.5936997885835096,0.9032162282162283,0.6354045633698427
landsat,standard,hierarchical,lda,ksvc,hyperbolic,standard|hierarchical|lda|ksvc|hyperbolic,4,0.7003312629399586,0.03735595057685148,0.47097710609188104,0.0536751958641253,0.765044699800303,0.04417160701765714,0.5002254667394994,0.06468195070486006,0.009897050199992919,0.002103254655285553,0.001410726900019199,0.0003475285894729691,0.6896551724137931,0.41602728047740833,0.6969109107267002,0.4896452669906255
landsat,standard,hierarchical,lda,ksvc,triangle,standard|hierarchical|lda|ksvc|triangle,4,0.8197308488612837,0.047630553415387855,0.6618320868074449,0.09352625696836389,0.8966028427706363,0.05206262169016338,0.6930875497945492,0.08043678064552182,0.009651292399985323,0.0015525466538929113,0.0017876477000072556,0.0003522606627645688,0.8275862068965517,0.6556698564593302,0.9273482365587629,0.7133173982226831
landsat,standard,hierarchical,lda,ksvc,radial_basic,standard|hierarchical|lda|ksvc|radial_basic,4,0.7779917184265009,0.05151828154114139,0.5964304276168054,0.10121737510568161,0.8687110745529107,0.04878119468797371,0.6224423057414177,0.08398398951112901,0.013281612399998722,0.001032968613774931,0.003039062300007345,0.00043123316061499526,0.7816091954022989,0.6000276361425473,0.8987848408901041,0.6475888133627385
landsat,standard,hierarchical,lda,ksvc,rquadratic,standard|hierarchical|lda|ksvc|rquadratic,4,0.8340993788819876,0.05143676955513828,0.6779458928415073,0.10056938853038147,0.9031911146277377,0.046689682194131346,0.7175923711172434,0.08652231015519013,0.009864033399998107,0.001370343007517924,0.0018371359000013854,0.0011229658786761848,0.7816091954022989,0.6097967113784549,0.9362153927943401,0.6314982671493717
landsat,standard,hierarchical,lda,ksvc,canberra,standard|hierarchical|lda|ksvc|canberra,4,0.8009109730848861,0.0625077632548698,0.6394889718703851,0.10895977919599029,0.8715041740107088,0.049953226497375304,0.6611843640059121,0.10377944941928414,0.014656922099993608,0.0010174391696240314,0.003457224699991457,0.00013977169482404114,0.7816091954022989,0.600587077938563,0.9195069550332708,0.6340716315748145
landsat,standard,hierarchical,lda,ksvc,truncated,standard|hierarchical|lda|ksvc|truncated,4,0.8009730848861285,0.040468061645023055,0.6403849973262361,0.0671706306629605,0.8933027091649766,0.04501923515012272,0.6617275689669228,0.06434909217293204,0.013510812599997734,0.0014595064012700013,0.003564380099999198,0.0005076734302045609,0.7931034482758621,0.6152771618625278,0.9151978138820245,0.6562793235867472
landsat,standard,hierarchical,lda,kann,linear,standard|hierarchical|lda|kann|linear,4,0.812567287784679,0.03911394484233743,0.6566127474732469,0.09213744938343728,0.9216816585540742,0.025219028741298898,0.6812237712909976,0.06412327358730609,0.15318445739999903,0.015109716669785112,0.0009997484999928474,0.00010699910655343349,0.8045977011494253,0.6081143828668581,0.9284316560632351,0.6686455122553013
landsat,standard,hierarchical,lda,kann,poly,standard|hierarchical|lda|kann|poly,4,0.8068530020703933,0.045446007056429545,0.6401258479997752,0.08595647348164151,0.9215228533417651,0.027475506916148165,0.6715066051595058,0.07520391642712887,0.18117792809999855,0.03543633622420815,0.0012452784000004159,8.539447296461322e-05,0.8045977011494253,0.668030303030303,0.95548559627507,0.6781225355843848
landsat,standard,hierarchical,lda,kann,rbf,standard|hierarchical|lda|kann|rbf,4,0.8112008281573498,0.04230131693978627,0.6579867816791218,0.08365268743998791,0.9237574690315083,0.024173212965854358,0.6790803963573531,0.06972578896936574,0.20587379509998982,0.025764138610256046,0.0013808545999950184,8.918947940982837e-05,0.8160919540229885,0.673982683982684,0.9532780815675552,0.6943484542162617
landsat,standard,hierarchical,lda,kann,hyperbolic,standard|hierarchical|lda|kann|hyperbolic,4,0.793913043478261,0.04310035464768317,0.6313430292806893,0.09179483621595734,0.909811106667278,0.027067005195364986,0.6527145467888757,0.07092374554339168,0.22025828139999248,0.02889620358310831,0.0012756237000075999,9.286771365442164e-05,0.8275862068965517,0.6888636363636363,0.9585433572275678,0.7168336637851778
landsat,standard,hierarchical,lda,kann,triangle,standard|hierarchical|lda|kann|triangle,4,0.8068737060041407,0.04162054881542115,0.6528157981453186,0.0835465089982191,0.9209348351582856,0.02536052449892351,0.6713823464917328,0.06953257354380413,0.21453537950000054,0.02695799817684202,0.0014521248999812997,0.00011753689702124577,0.7931034482758621,0.654040404040404,0.9422662863452338,0.6641916145729007
landsat,standard,hierarchical,lda,kann,radial_basic,standard|hierarchical|lda|kann|radial_basic,4,0.7894824016563147,0.033009600074358825,0.6247107211854915,0.08211439290567793,0.8950387616192701,0.035226903845318375,0.6454590751110316,0.052220615351571124,0.20166169170000786,0.03173335280524627,0.0017061920999935864,9.757742239056104e-05,0.7931034482758621,0.642620706819313,0.924600253547622,0.6711795245424709
landsat,standard,hierarchical,lda,kann,rquadratic,standard|hierarchical|lda|kann|rquadratic,4,0.8010973084886128,0.029094253595294252,0.6298573106995333,0.07131989504841413,0.917281571439991,0.023447300435365033,0.6643935922638974,0.04370685865340215,0.19437811500000635,0.03114375147796071,0.001467751299981046,0.000168315553297765,0.7931034482758621,0.6411363636363636,0.9505537591063906,0.6587481045650811
landsat,standard,hierarchical,lda,kann,canberra,standard|hierarchical|lda|kann|canberra,4,0.789399585921325,0.039797511006828025,0.6309282080352295,0.09236295526057041,0.8990787418733376,0.036582595399973786,0.6442556423832693,0.06478031780500183,0.22432717839998303,0.019081916808783385,0.0021460488000229817,0.00030153443108656575,0.8045977011494253,0.6352428099952853,0.9281474373579637,0.6698653830007242
landsat,standard,hierarchical,lda,kann,truncated,standard|hierarchical|lda|kann|truncated,4,0.795175983436853,0.04551487234613419,0.6329531034741696,0.09357648719606791,0.9038022687055072,0.037703925212946576,0.6543467791816591,0.0741205780758602,0.22790116510002462,0.01982830971700474,0.001904410400004508,7.565203755765202e-05,0.8275862068965517,0.6804761904761905,0.9323734744787378,0.7154322603381539
landsat,standard,hierarchical,lda,kridge,linear,standard|hierarchical|lda|kridge|linear,4,0.7996687370600414,0.0260709215637755,0.5468914710902334,0.05461146679260595,0.8851902677424777,0.04342755528593262,0.6473671441319973,0.050451759689154496,0.009544706600001973,0.0006485047066121482,0.0010969681999995374,0.00015465706758872115,0.7931034482758621,0.48831775700934577,0.8844061640114271,0.6238885999248319
landsat,standard,hierarchical,lda,kridge,poly,standard|hierarchical|lda|kridge|poly,4,0.8168737060041409,0.039062061804166395,0.6184713710450416,0.09862537434683796,0.915528329177889,0.033304481567924635,0.6835340749670918,0.0691056106687327,0.009204535599997144,0.0004796888680188568,0.001069947400003457,3.0654105164567824e-05,0.7816091954022989,0.561473488794614,0.8922992942729786,0.6213747409278197
landsat,standard,hierarchical,lda,kridge,rbf,standard|hierarchical|lda|kridge|rbf,4,0.8356314699792963,0.03950425940879251,0.6800778118355738,0.08648530039583135,0.9278237277485115,0.02927181558791843,0.7202953241116071,0.06645255065793917,0.010128726899995399,0.0010559977157581512,0.0013349983000125575,0.00016575939603372502,0.7931034482758621,0.6152771618625278,0.9337559370454107,0.6562793235867472
landsat,standard,hierarchical,lda,kridge,hyperbolic,standard|hierarchical|lda|kridge|hyperbolic,4,0.684265010351967,0.1613644637777327,0.5350206668819896,0.17179284741534795,0.779746416343629,0.14079476071474034,0.5127546852519511,0.20493227262406216,0.010438916199996129,0.0014807759267778183,0.0012220922000096834,0.00013405829852155795,0.5402298850574713,0.45462962962962966,0.6834644887276465,0.3589231833644315
landsat,standard,hierarchical,lda,kridge,triangle,standard|hierarchical|lda|kridge|triangle,4,0.7663768115942029,0.0968898974369949,0.627606216215222,0.11121418273861823,0.8686952764779218,0.08866181757349725,0.6211507149778035,0.130883645442693,0.01070650580001029,0.0015809029911181723,0.0014767624999990404,0.00018526027304060854,0.735632183908046,0.539008214008214,0.860926354347407,0.566229308016809
landsat,standard,hierarchical,lda,kridge,radial_basic,standard|hierarchical|lda|kridge|radial_basic,4,0.7982401656314699,0.029828238456679833,0.6277648212745117,0.0735222168301672,0.8505412911739322,0.04799610844854587,0.6570949869923448,0.04749628712071448,0.012243857699991168,0.001172176608193138,0.0025994496000294022,0.00014165816640040725,0.7816091954022989,0.6284438775510204,0.9018065268065268,0.6550761832845916
landsat,standard,hierarchical,lda,kridge,rquadratic,standard|hierarchical|lda|kridge|rquadratic,4,0.8283436853002071,0.04642622925782609,0.6751629082748305,0.09145369196920207,0.9212997238290477,0.027233134334761145,0.7092175144618406,0.0766049733933926,0.011888545299996167,0.002464785831798973,0.001607914099986374,0.00041100101430280984,0.7931034482758621,0.6203030303030302,0.9272313213102688,0.6540834473809557
landsat,standard,hierarchical,lda,kridge,canberra,standard|hierarchical|lda|kridge|canberra,4,0.8109937888198757,0.05373001679015186,0.649097896634669,0.08186296259572827,0.8955847287413148,0.034452914219918196,0.6821295691505529,0.08701202652382731,0.0163212475000023,0.0021618872265051223,0.003429681600005097,0.0005530617361772994,0.7701149425287356,0.5379041490949669,0.8844432614169456,0.6065906276860591
landsat,standard,hierarchical,lda,kridge,truncated,standard|hierarchical|lda|kridge|truncated,4,0.8009316770186334,0.04940280893486356,0.6295598195965038,0.06998041635664043,0.8950385744349628,0.03664859789137534,0.664834650051699,0.0787832913873019,0.0131019320000064,0.0008240863821665735,0.0029045645000110197,0.00011122492586335429,0.7586206896551724,0.5390831181650942,0.8939565551407657,0.59334386356103
landsat,minmax,uniform,pca,ksvc,linear,minmax|uniform|pca|ksvc|linear,4,0.7652173913043477,0.02147716446399991,0.5052926565171153,0.052741831917693154,0.7950491933921691,0.015296808440609976,0.6041998368477584,0.03874037208449593,0.009139945399988391,0.0011221497269325762,0.0013647646999856988,0.00020335059527050212,0.7586206896551724,0.5138461538461538,0.7566813803452972,0.6036064531706842
landsat,minmax,uniform,pca,ksvc,poly,minmax|uniform|pca|ksvc|poly,4,0.6311594202898552,0.018527996465767832,0.3258879651846185,0.026649550495952336,0.702209408952785,0.04877084073564691,0.2902893236343057,0.050571079884835016,0.011484616800021285,0.0020602102343799324,0.0013616110000043591,8.365895669077272e-05,0.6436781609195402,0.3497545582047686,0.6838592327724322,0.33620405951684756
landsat,minmax,uniform,pca,ksvc,rbf,minmax|uniform|pca|ksvc|rbf,4,0.7493788819875775,0.02623319946829447,0.5207909817024168,0.03961320333812944,0.8047433766539809,0.0255398499426471,0.5780036912016493,0.047233222158463095,0.008233963500003938,0.0002494655219070756,0.001434082099990519,7.085992600939695e-05,0.7816091954022989,0.6038150827341245,0.8042114234546085,0.6445399166641473
landsat,minmax,uniform,pca,ksvc,hyperbolic,minmax|uniform|pca|ksvc|hyperbolic,4,0.6053002070393375,0.038777288195379796,0.3372642047045551,0.0493598830167267,0.6748452494348339,0.04062342113599061,0.3070293145512862,0.0688936516661631,0.007756918199993379,0.0004832454169242725,0.0011925863999977082,2.476947915032539e-05,0.6091954022988506,0.3068903318903319,0.6142870373447848,0.30554022558937827
landsat,minmax,uniform,pca,ksvc,triangle,minmax|uniform|pca|ksvc|triangle,4,0.7552380952380952,0.04387180442496056,0.5483467728736549,0.06193605132167381,0.8220333338699495,0.030515267962410875,0.5926713282737731,0.07246818486977541,0.008317037799986337,0.0002533476789453117,0.0014729187000284583,9.090401440871021e-05,0.7931034482758621,0.6093898899766093,0.8202313509451242,0.6627519069130936
landsat,minmax,uniform,pca,ksvc,radial_basic,minmax|uniform|pca|ksvc|radial_basic,4,0.7262732919254657,0.052216750227218924,0.544120652482421,0.08593198470993835,0.8468685577327136,0.04541254889417062,0.545288811781891,0.08928049147797963,0.011785216099985974,0.0005904689877440561,0.0026135359000022617,0.00014523604480180956,0.7241379310344828,0.5553715437788018,0.8011035435927831,0.5605519449529726
landsat,minmax,uniform,pca,ksvc,rquadratic,minmax|uniform|pca|ksvc|rquadratic,4,0.7550931677018633,0.026629127760223692,0.545663700840049,0.05733287846223207,0.8155926972204597,0.037447177566025426,0.5911631181900991,0.043615067549783566,0.008142497699986961,0.00035467210619420983,0.0013420676999999158,8.908644535104611e-05,0.7701149425287356,0.5906958616780045,0.8014350482374155,0.6214685709771697
landsat,minmax,uniform,pca,ksvc,canberra,minmax|uniform|pca|ksvc|canberra,4,0.7306004140786749,0.03393365688217925,0.5540322243059939,0.05908137801163839,0.8047672149455428,0.03594054762308204,0.5514369292920674,0.05810696879300041,0.013644596899996485,0.00023694934250335063,0.0033253264999984823,0.00011689861166679739,0.7126436781609196,0.5256684491978609,0.7560739831346001,0.5247291323782023
landsat,minmax,uniform,pca,ksvc,truncated,minmax|uniform|pca|ksvc|truncated,4,0.7233540372670808,0.033611695588391395,0.5094787926011862,0.06455088165494857,0.7931173827340526,0.036335898645454195,0.5362306640327639,0.05647804713878743,0.011784296899975288,0.00032601064185678626,0.002944704100002582,5.307220304363621e-05,0.7126436781609196,0.5345016794596626,0.7529697075123905,0.5269826541116098
landsat,minmax,uniform,pca,kann,linear,minmax|uniform|pca|kann|linear,4,0.7579503105590061,0.0329212729045236,0.5601152407424063,0.05765130606703363,0.9008019110094079,0.025949927818904837,0.595199801545755,0.05898047612627343,0.15659519000000727,0.020362082858945918,0.0010192597000127535,0.00013778179540728397,0.7586206896551724,0.5788491532976827,0.8832123592130765,0.6115770380939095
landsat,minmax,uniform,pca,kann,poly,minmax|uniform|pca|kann|poly,4,0.7466666666666667,0.058545349112189726,0.5718517438233794,0.08195445484736855,0.8869783910725422,0.020921367080885184,0.5794035513568769,0.09685941474922709,0.19132767759999753,0.04067360992988737,0.0012738672999944357,0.00012457257625250292,0.7126436781609196,0.5227130325814536,0.9108859133267311,0.544535944066231
landsat,minmax,uniform,pca,kann,rbf,minmax|uniform|pca|kann|rbf,4,0.7581573498964803,0.05647368338434108,0.5896253741300622,0.09304599246887678,0.8869886340460154,0.022642394045603108,0.600812669430144,0.09323556414577143,0.20979753379998556,0.013952749586363854,0.0014433786000040527,0.0001494963307563506,0.7586206896551724,0.581020811948647,0.9131660388098695,0.6075963116099373
landsat,minmax,uniform,pca,kann,hyperbolic,minmax|uniform|pca|kann|hyperbolic,4,0.7233540372670808,0.04891455456213589,0.5295819660963648,0.08526301715615257,0.8677885054784991,0.02450102576147982,0.5414828882469168,0.07906524152715738,0.21500670749999246,0.022356056957325204,0.0013102008000032584,8.021039855004897e-05,0.7471264367816092,0.5635884235485167,0.8847244421096645,0.5914076834139929
landsat,minmax,uniform,pca,kann,triangle,minmax|uniform|pca|kann|triangle,4,0.7421946169772256,0.037654707749239014,0.5690058956350226,0.05644320993988778,0.8827379007648893,0.024887050567825773,0.572217833715403,0.06302202445057882,0.21200874909997083,0.015283092538042593,0.0016163289000019176,0.00033519250575356517,0.735632183908046,0.5467516121622059,0.904856475147006,0.5754237373302109
landsat,minmax,uniform,pca,kann,radial_basic,minmax|uniform|pca|kann|radial_basic,4,0.7002898550724638,0.03903168350049821,0.5066161582088206,0.0766791270838749,0.8846812402705406,0.02448932821430256,0.5035553998255672,0.06760952734656293,0.22122275950000586,0.02880613345257915,0.0018676831999869137,0.0003186449389277574,0.7586206896551724,0.5705358619549038,0.8897468866694118,0.6078245687480004
landsat,minmax,uniform,pca,kann,rquadratic,minmax|uniform|pca|kann|rquadratic,4,0.7551966873706004,0.03907875645370745,0.5627095412917849,0.07798920555247503,0.8875892194105217,0.02178520850332095,0.5895992755508348,0.06964304947071673,0.19111380900001224,0.024290983409497025,0.0013413620000164884,5.213848340215368e-05,0.7471264367816092,0.5641780142234963,0.9070844740518342,0.5903515413392675
landsat,minmax,uniform,pca,kann,canberra,minmax|uniform|pca|kann|canberra,4,0.7089855072463769,0.044713808086374665,0.5145424855728612,0.06653441489479513,0.8668388746807321,0.0234870687553294,0.5159212382798147,0.07355300245240422,0.22704266329999429,0.02045079882206012,0.0020774372999881052,0.0002550735747587421,0.6551724137931034,0.47237227967278905,0.8352684640471585,0.45544117080854973
landsat,minmax,uniform,pca,kann,truncated,minmax|uniform|pca|kann|truncated,4,0.7248861283643893,0.02714379677881105,0.5345412430307159,0.04496051379854012,0.8824997356009157,0.022110366439305442,0.5419113275870104,0.04853993815697271,0.22233854590001556,0.012262860068270444,0.0018981451999593446,0.00012533343030587948,0.7241379310344828,0.5449859418931584,0.8780679544578398,0.5535518163005048
landsat,minmax,uniform,pca,kridge,linear,minmax|uniform|pca|kridge|linear,4,0.750703933747412,0.010044407474014496,0.40881109796394527,0.016330614257905166,0.8406445907161674,0.033100650958253146,0.5910590499446228,0.017070698081326222,0.008981016599989289,0.0003988902026308209,0.0011117215000012947,0.000194695683147037,0.7011494252873564,0.3710124826629681,0.8188872988586045,0.5313620726427074
landsat,minmax,uniform,pca,kridge,poly,minmax|uniform|pca|kridge|poly,4,0.7391511387163561,0.020316468698608738,0.42860528592207814,0.03557396357209853,0.8761907502906471,0.026964912560492247,0.5525202533466982,0.04345283433370603,0.00902096340003027,0.0005594483774238766,0.001180151599976398,0.00015956915042439075,0.7241379310344828,0.4371203898293342,0.8290561423793131,0.5468972876017711
landsat,minmax,uniform,pca,kridge,rbf,minmax|uniform|pca|kridge|rbf,4,0.7506625258799172,0.035089357184005084,0.5308077917242003,0.07150215452947713,0.8896274529966472,0.01918959076054524,0.5760016540302795,0.06242745433466922,0.00999870689998943,0.0011241112315861187,0.0013858415000072455,0.00026536346188188095,0.7701149425287356,0.5892690409497132,0.8910865384753477,0.6219049955354401
landsat,minmax,uniform,pca,kridge,hyperbolic,minmax|uniform|pca|kridge|hyperbolic,4,0.6327329192546584,0.07719242039412431,0.4630362948930314,0.06892117962853013,0.7349337099139659,0.07242948147691447,0.4214026740288136,0.09261047686265549,0.008985900699985904,0.000537591572153225,0.0012337992999846392,0.00014274386961818223,0.5862068965517241,0.400174531351002,0.6809615028535402,0.32524057097867504
landsat,minmax,uniform,pca,kridge,triangle,minmax|uniform|pca|kridge|triangle,4,0.6008281573498966,0.10300359052023,0.4179132594441183,0.09559959230368904,0.7039330002592955,0.12316350538834843,0.35293307784685213,0.15818255016546426,0.010812237299990101,0.0013933090518842156,0.0015364254000019173,0.0002463064627263029,0.7471264367816092,0.6019354838709677,0.8699556691863005,0.5807920521823663
landsat,minmax,uniform,pca,kridge,radial_basic,minmax|uniform|pca|kridge|radial_basic,4,0.7421946169772257,0.057685368752790955,0.5539496019894925,0.08355817695698033,0.86041345106215,0.030778177657748176,0.5724538215510655,0.09367244120715669,0.011274748500011356,0.0008976528731927528,0.0025063809999778643,0.00020769460567145125,0.7701149425287356,0.5512570558526441,0.8767869868228548,0.6184167129513782
landsat,minmax,uniform,pca,kridge,rquadratic,minmax|uniform|pca|kridge|rquadratic,4,0.7479089026915113,0.033454806547742084,0.5249199508116121,0.07241967184077122,0.8829450561235819,0.023006679043485887,0.5758932155248878,0.058688877990074724,0.008899711299989121,0.00035439332674849967,0.001147526600027504,3.164029009251083e-05,0.7701149425287356,0.5953278515707359,0.9020387863268063,0.6151821721665147
landsat,minmax,uniform,pca,kridge,canberra,minmax|uniform|pca|kridge|canberra,4,0.7334368530020704,0.02543378989969461,0.5213577944921217,0.046875164879980474,0.8263560430863949,0.025993581183221644,0.5454055603364477,0.04895760110193934,0.013909826400004021,0.0005543387035317042,0.0030256250999855182,9.644469002572056e-05,0.6781609195402298,0.4319888670894739,0.8160207258395925,0.45748198592266004
landsat,minmax,uniform,pca,kridge,truncated,minmax|uniform|pca|kridge|truncated,4,0.7377846790890269,0.021729433572976964,0.5104576055767617,0.05694934288798206,0.8396501516168966,0.03208814314980044,0.551917894345787,0.041529344771274984,0.011829978900027526,0.00039642011270557353,0.0027717632999838316,0.000109016094029223,0.7241379310344828,0.4946078431372549,0.8193289192553899,0.5370944004832252
landsat,minmax,uniform,lda,ksvc,linear,minmax|uniform|lda|ksvc|linear,4,0.814223602484472,0.04535805637453191,0.6649814794275358,0.08431400872502408,0.8602421421701874,0.030413889815315672,0.6890960010308731,0.07769139853444944,0.009604157799981295,0.000514191667717993,0.0010699302000148237,3.58171810555536e-05,0.8160919540229885,0.6997159090909091,0.8816575686159618,0.6964222186444453
landsat,minmax,uniform,lda,ksvc,poly,minmax|uniform|lda|ksvc|poly,4,0.6930848861283643,0.027098910591625745,0.3855442743062668,0.017737584836537344,0.7280184811653063,0.03149400506095844,0.4370194509141852,0.06261655652465878,0.010779487500008145,0.002228706107771329,0.0013860366000017165,0.0002703554999885757,0.6896551724137931,0.36790189282857905,0.7569294381489504,0.44574119489024905
landsat,minmax,uniform,lda,ksvc,rbf,minmax|uniform|lda|ksvc|rbf,4,0.7912008281573499,0.04006771389521814,0.6215333551115753,0.07295192164916432,0.8712313578551741,0.035582580851367424,0.6501163799231915,0.0670567109015359,0.008374007299983078,0.0012185090312126412,0.0014071975000092608,0.00032342599728446965,0.8390804597701149,0.7316083031453051,0.9014431386705419,0.7333682904175333
landsat,minmax,uniform,lda,ksvc,hyperbolic,minmax|uniform|lda|ksvc|hyperbolic,4,0.6873498964803313,0.05028688165305752,0.466872874301136,0.06333275933419036,0.7498686607116914,0.0526805412929551,0.4810985187800874,0.08132646362021524,0.009258455299982416,0.0017941630462812608,0.001439896800002316,0.00033073495072627235,0.5632183908045977,0.2779166666666667,0.6821913617860533,0.2754086569734373
landsat,minmax,uniform,lda,ksvc,triangle,minmax|uniform|lda|ksvc|triangle,4,0.7998136645962732,0.04043926367779494,0.6346778124025735,0.07214510746200782,0.8741021036325318,0.037586976818235016,0.6652253570913232,0.06875423003677456,0.00873324589999811,0.0007285253176270731,0.0016348318999803268,0.00040800152638562607,0.8160919540229885,0.6638317827130853,0.8582097405357807,0.6980702406004675
landsat,minmax,uniform,lda,ksvc,radial_basic,minmax|uniform|lda|ksvc|radial_basic,4,0.7666045548654244,0.03413436961494561,0.5915165603328062,0.06809226932607337,0.8582621193346899,0.04305518076196803,0.6103394277820196,0.05464131508746936,0.011996162899981755,0.0012929269085277758,0.00260653270001967,0.000427718328383602,0.6896551724137931,0.4880393279877816,0.8277474135849316,0.5141497186852342
landsat,minmax,uniform,lda,ksvc,rquadratic,minmax|uniform|lda|ksvc|rquadratic,4,0.8056107660455487,0.03842294734009894,0.6429197054676354,0.07770416258337262,0.8779523397867722,0.03305740138874219,0.675175191544584,0.0649695903959942,0.008564249300002302,0.0008994210074333671,0.0012903319000088231,8.998166621064236e-05,0.8505747126436781,0.7360235003092146,0.8962243705070104,0.7551490200298411
landsat,minmax,uniform,lda,ksvc,canberra,minmax|uniform|lda|ksvc|canberra,4,0.7882815734989649,0.05293977820948842,0.6246906954901249,0.0886158104471844,0.8624800771893929,0.04665127944927725,0.646673456515808,0.0913077154816936,0.01373970049997979,0.0008182966912213127,0.0032902502000297317,0.0001728393340262686,0.7126436781609196,0.4729004329004329,0.8270406540994776,0.538226553643226
landsat,minmax,uniform,lda,ksvc,truncated,minmax|uniform|lda|ksvc|truncated,4,0.7811387163561077,0.048812467572767616,0.6002083242351006,0.08154108893731223,0.8679251732843444,0.03960373386020723,0.6329440180594753,0.08402705517323328,0.011544093200018323,0.0003575271741154607,0.0028767423999852327,6.496394864694287e-05,0.735632183908046,0.5209396258503401,0.8828972713746746,0.5683395475301997
landsat,minmax,uniform,lda,kann,linear,minmax|uniform|lda|kann|linear,4,0.7882815734989649,0.03899823453914029,0.6281662179467237,0.06857400628681228,0.9148308593039299,0.03366402687616784,0.6474718547942442,0.06515276219898337,0.14546306120000735,0.024506881313968668,0.0009855967000135025,0.00010017985086072962,0.7816091954022989,0.5825884889247938,0.921090700251389,0.6310906472669044
landsat,minmax,uniform,lda,kann,poly,minmax|uniform|lda|kann|poly,4,0.7868737060041407,0.032123094535950775,0.6224886941425147,0.07565670366286255,0.9056204697866118,0.035009899969600265,0.6442989447903369,0.05853045602597578,0.1847885163000001,0.02854814612986203,0.0012356157999988682,0.00011633748911292527,0.8160919540229885,0.639795918367347,0.9232830075925487,0.6977987978647282
landsat,minmax,uniform,lda,kann,rbf,minmax|uniform|lda|kann|rbf,4,0.7868944099378882,0.04354416226541299,0.6196343206301379,0.0776638498053421,0.9149055230190287,0.03503666965189667,0.6440190763146616,0.07174094558030393,0.1887273137999955,0.026232452742484615,0.0013992401999871618,0.0002421688304269694,0.8275862068965517,0.6485071301247771,0.9309459167099052,0.7139720217328606
landsat,minmax,uniform,lda,kann,hyperbolic,minmax|uniform|lda|kann|hyperbolic,4,0.7868115942028986,0.033227939579670684,0.6206522081718849,0.07012231370612598,0.9024946358854302,0.03258961259416045,0.643183294479995,0.058924895564391955,0.21045291929998483,0.01922721766120919,0.001280157400015014,0.0001290434400759606,0.7701149425287356,0.5429292929292929,0.9111439147181615,0.6180787194553252
landsat,minmax,uniform,lda,kann,triangle,minmax|uniform|lda|kann|triangle,4,0.7854037267080746,0.05687955477613938,0.6190267433813179,0.09635900343106613,0.9189229033943362,0.03321129134594116,0.642418336622541,0.09356312556624759,0.21216469150000422,0.01609331884485914,0.0014118735000124617,7.464419057000574e-05,0.7701149425287356,0.5800205664896387,0.9233994288406053,0.6244702083188355
landsat,minmax,uniform,lda,kann,radial_basic,minmax|uniform|lda|kann|radial_basic,4,0.7854037267080745,0.0426318133564959,0.6307654582544113,0.06929957629049806,0.8955766555151724,0.03821396503622719,0.6438993466369812,0.071934928073515,0.2033662220999986,0.023033101685528207,0.0020670687000006183,0.0007307871761520625,0.7471264367816092,0.5448248594189316,0.879946514202253,0.5910150664118575
landsat,minmax,uniform,lda,kann,rquadratic,minmax|uniform|lda|kann|rquadratic,4,0.7854865424430642,0.04157150207330148,0.6233094781922668,0.07793292035056283,0.9113867420506508,0.03804623880766792,0.6420309640484054,0.07073351236002959,0.20815044110001962,0.02560369052451258,0.0013515792999669429,6.779657445718438e-05,0.7931034482758621,0.602127263417586,0.9277625022029614,0.6563462537309085
landsat,minmax,uniform,lda,kann,canberra,minmax|uniform|lda|kann|canberra,4,0.7724637681159421,0.04374081340417799,0.6034416211091289,0.07357676489539411,0.8955060617520878,0.03309428074983455,0.6210670408055253,0.0751210957016569,0.23036616650001634,0.011821859357688001,0.002061756600028275,0.0002311429757369229,0.6896551724137931,0.4489530077765371,0.8753734858039018,0.4934689895145535
landsat,minmax,uniform,lda,kann,truncated,minmax|uniform|lda|kann|truncated,4,0.7795859213250518,0.045882998171638205,0.6106175638659725,0.09107793154352042,0.8973418086774949,0.0454457602440941,0.6326486856712001,0.08051559793727504,0.24244809469998926,0.0399823313569666,0.00218322469999066,0.00041850815459273336,0.7471264367816092,0.5438967572396435,0.8887154142767486,0.5919431097546247
landsat,minmax,uniform,lda,kridge,linear,minmax|uniform|lda|kridge|linear,4,0.7666045548654243,0.012417010580316428,0.46747683925070965,0.021548737128738362,0.8616794591114723,0.035330363646577954,0.6038847594767874,0.02688385157358983,0.010598841500006983,0.002953320721559492,0.001291587699995489,0.000614696691816943,0.7471264367816092,0.4986902632251469,0.9085058695711493,0.5893805617466882
landsat,minmax,uniform,lda,kridge,poly,minmax|uniform|lda|kridge|poly,4,0.7795859213250517,0.02573480365063788,0.5630992620927265,0.03982008245597137,0.8982505227243542,0.03244457654927841,0.62244797459228,0.04714795625073538,0.010366989099998137,0.00128554422804554,0.0012175877999993645,0.0001881935878121829,0.7816091954022989,0.6132732732732733,0.9314633176935904,0.6431785633940745
landsat,minmax,uniform,lda,kridge,rbf,minmax|uniform|lda|kridge|rbf,4,0.796935817805383,0.03933042688682135,0.6323828845227465,0.0685588984869629,0.9133726387984593,0.02675232472908319,0.6587463145707237,0.06559464994939218,0.009165532599990912,0.00042959268429459545,0.0012241211999935331,6.610895867327789e-05,0.8505747126436781,0.7437458854509547,0.9496930343953299,0.7545912801482629
landsat,minmax,uniform,lda,kridge,hyperbolic,minmax|uniform|lda|kridge|hyperbolic,4,0.7539130434782608,0.05444563372447626,0.5935759014746113,0.07896094408998057,0.8181849198106198,0.05324364477529533,0.5983662833761099,0.08125560256772672,0.009317045900002086,0.0004049835933889085,0.0011517647000005126,9.83105323125571e-05,0.7126436781609196,0.5359426555922175,0.7612411889241157,0.5454582391216138
landsat,minmax,uniform,lda,kridge,triangle,minmax|uniform|lda|kridge|triangle,4,0.7680538302277433,0.10422314687446314,0.6032137202017418,0.12241646759312381,0.8691027451871687,0.09687139337968716,0.6212274617541386,0.15179264740718137,0.009793394500024987,0.000719299718973369,0.0014617259999681665,0.0003580464350270138,0.7816091954022989,0.5568915066026411,0.9069681682092012,0.6426979564603036
landsat,minmax,uniform,lda,kridge,radial_basic,minmax|uniform|lda|kridge|radial_basic,4,0.7709109730848862,0.043492526716295846,0.5978240938042034,0.07154212382379649,0.839831729524484,0.0401700951837071,0.6184205905758933,0.07550832621288416,0.012035442699993838,0.001370150929054474,0.0024376100000040426,0.00021838870193418582,0.7241379310344828,0.5182490854672431,0.832617266785129,0.5557611572164932
landsat,minmax,uniform,lda,kridge,rquadratic,minmax|uniform|lda|kridge|rquadratic,4,0.8042236024844721,0.043138682880738376,0.6436996528392096,0.07762988342250358,0.9075803842977163,0.032382605288422156,0.6728480937384779,0.0726176564877203,0.009157085100048335,0.0003670441985531186,0.0011732338999649982,7.074268968440635e-05,0.8390804597701149,0.6941626650660264,0.928176664059017,0.7359331526529866
landsat,minmax,uniform,lda,kridge,canberra,minmax|uniform|lda|kridge|canberra,4,0.7939958592132506,0.030657361499645097,0.6037769968982609,0.07579674523614832,0.8699460226580001,0.03555234416238805,0.6534370952897425,0.052663489587144355,0.014314857299996219,0.0005168876747137744,0.003034508999996888,0.0003103054584070949,0.735632183908046,0.5218670573953947,0.8996327265982933,0.5580371360225767
landsat,minmax,uniform,lda,kridge,truncated,minmax|uniform|lda|kridge|truncated,4,0.7925672877846791,0.032164767728362166,0.6041393854631383,0.0762663074453514,0.880742160962048,0.03277853730978482,0.652407800828173,0.05298647146081683,0.014593143900015093,0.00186518251098154,0.003070161199980248,0.00040096335641425456,0.7701149425287356,0.5736397058823529,0.9097942977821026,0.6161825084443037
landsat,minmax,kmeans,pca,ksvc,linear,minmax|kmeans|pca|ksvc|linear,4,0.7680538302277432,0.013368981745950958,0.4777458964931629,0.041140128638717605,0.781526063318754,0.01819986015194911,0.6016818313804858,0.023798268065685062,0.008248914399985097,0.00046084116522360544,0.0012270242000340659,0.0002249811911363263,0.7586206896551724,0.4962021937487866,0.7682136759319611,0.6052854334961947
landsat,minmax,kmeans,pca,ksvc,poly,minmax|kmeans|pca|ksvc|poly,4,0.6456314699792961,0.027426126966328915,0.33705904666553554,0.03503131691094766,0.6993773815897331,0.039283260447821926,0.320056253500145,0.06416651130443653,0.010960444800002734,0.0007998060910337033,0.0013828470000021298,8.32870249178273e-05,0.6896551724137931,0.35080645161290325,0.659894061402787,0.41566234320351786
landsat,minmax,kmeans,pca,ksvc,rbf,minmax|kmeans|pca|ksvc|rbf,4,0.7537267080745341,0.03582854136330362,0.5054838031979131,0.053668885711203616,0.7910761746740876,0.03192010666943672,0.5791563005027521,0.06446546415246615,0.008268211999984487,0.00026899178397018033,0.0014117452000164121,7.72552259349492e-05,0.7701149425287356,0.5769039323046291,0.7997683784444058,0.620588366146824
landsat,minmax,kmeans,pca,ksvc,hyperbolic,minmax|kmeans|pca|ksvc|hyperbolic,4,0.6499171842650104,0.027006701244258465,0.37897181433184873,0.04696762026221888,0.6925833970279449,0.048556039819290416,0.3785531944851174,0.04461108807545749,0.007632703100000526,0.00031251368014128015,0.0013539684999727796,0.00046737658587185296,0.6436781609195402,0.32024749306592704,0.6277604149249878,0.3588992960242086
landsat,minmax,kmeans,pca,ksvc,triangle,minmax|kmeans|pca|ksvc|triangle,4,0.7622981366459627,0.03926675686827574,0.5465564694416685,0.05948868001997496,0.8157275615170574,0.03180273134796489,0.5991929103835665,0.06524321125217473,0.008262141700004121,0.0005265806307516042,0.0014695121999920957,0.00012941705946959507,0.7816091954022989,0.5981514847025398,0.8332376735322418,0.6399671925927228
landsat,minmax,kmeans,pca,ksvc,radial_basic,minmax|kmeans|pca|ksvc|radial_basic,4,0.7218840579710145,0.048470307056391264,0.5192857839338745,0.08292048292790678,0.8134802413444951,0.051101370602270615,0.5375256553976764,0.080803008345407,0.01159884329997567,0.0008479804059762819,0.002670054400027766,0.00016215756411595172,0.7011494252873564,0.5158091765234623,0.7953822353107474,0.5121881939230081
landsat,minmax,kmeans,pca,ksvc,rquadratic,minmax|kmeans|pca|ksvc|rquadratic,4,0.7552173913043478,0.04055459122192609,0.5126580590045846,0.05360341710603276,0.8093248722012826,0.04003360747086969,0.5834923477836725,0.07280891386963477,0.008483757000010427,0.000491856261294286,0.0014191153999945528,9.465867658386947e-05,0.7586206896551724,0.5612167500779115,0.8061350842448344,0.598190995619671
landsat,minmax,kmeans,pca,ksvc,canberra,minmax|kmeans|pca|ksvc|canberra,4,0.7276604554865425,0.04151173997223788,0.5103978812435602,0.07205676477206813,0.7896059426062723,0.028970096459314445,0.542958103732212,0.0678575533593718,0.014185662400007005,0.001712109988331136,0.0033326240000064898,0.00015914271055362617,0.7241379310344828,0.5270588235294118,0.7639642172151832,0.5405496482312679
landsat,minmax,kmeans,pca,ksvc,truncated,minmax|kmeans|pca|ksvc|truncated,4,0.7493788819875775,0.03303101232580948,0.5258422019699455,0.048080370552730435,0.7853595921658053,0.032731687211143556,0.5747213672363031,0.052856046648975884,0.011428525500014075,0.00038295457265290314,0.002889344999982768,8.053594221228279e-05,0.7126436781609196,0.5086654135338345,0.7494642559518518,0.5169606375047443
landsat,minmax,kmeans,pca,kann,linear,minmax|kmeans|pca|kann|linear,4,0.7494824016563146,0.04154933276912187,0.5158614467136742,0.056718307458947834,0.8948268385401376,0.04452208343669272,0.5759928011776183,0.06894693395206657,0.14015367900000228,0.01243143169894788,0.0009767562999854818,9.786046616306296e-05,0.7471264367816092,0.5422059946544482,0.8890924889497536,0.5891182863116602
landsat,minmax,kmeans,pca,kann,poly,minmax|kmeans|pca|kann|poly,4,0.7408074534161491,0.04319586337757995,0.5268170144288945,0.07342029370695491,0.8785854887365611,0.04059764585167004,0.5678437962813039,0.07327094794748568,0.2015713526000013,0.0456311321819469,0.001325231800012716,0.00015565446019983107,0.7011494252873564,0.49401491365777084,0.8994075634986843,0.5089771615408476
landsat,minmax,kmeans,pca,kann,rbf,minmax|kmeans|pca|kann|rbf,4,0.7465217391304348,0.04106263374880743,0.5364559564695465,0.06698098507296797,0.8871704915204282,0.04317988568692651,0.5766675810122159,0.06980789352540229,0.21344888830002445,0.01727279711487454,0.001525508199995329,0.0003835863185527514,0.7241379310344828,0.4830401125967628,0.9001676944106016,0.54367658384753
landsat,minmax,kmeans,pca,kann,hyperbolic,minmax|kmeans|pca|kann|hyperbolic,4,0.737784679089027,0.028170920896360273,0.528778445130772,0.03942431498300683,0.8723759210165418,0.046282284696663165,0.5634133308069018,0.0438074000112802,0.2129386382000007,0.010483844174565861,0.0012880667000217728,9.594676417398874e-05,0.735632183908046,0.5504627076055648,0.8916178561635807,0.5653035376845024
landsat,minmax,kmeans,pca,kann,triangle,minmax|kmeans|pca|kann|triangle,4,0.7450931677018634,0.036157576040435534,0.5413252184614686,0.05391258812006791,0.8920069790696772,0.04385356050240398,0.5759886801515266,0.058493790146208764,0.20839276609997343,0.009834841720372575,0.0016584233000230598,0.0005294723506187366,0.7011494252873564,0.4524489795918367,0.9092976016826166,0.5081795996304319
landsat,minmax,kmeans,pca,kann,radial_basic,minmax|kmeans|pca|kann|radial_basic,4,0.7320910973084886,0.044255220037951404,0.5321761639842746,0.054225262484616725,0.8850254023890891,0.042210823343964365,0.5558820286695036,0.062421559228133444,0.21836402389998283,0.0188195501080338,0.0017933151999955043,0.00014783319424436177,0.7816091954022989,0.6267917917917918,0.9050055815129986,0.6352685643420951
landsat,minmax,kmeans,pca,kann,rquadratic,minmax|kmeans|pca|kann|rquadratic,4,0.7494409937888198,0.045567137642996525,0.5385563254946012,0.07074899216251561,0.8917266749052046,0.03719085203315488,0.5808952832323616,0.07669683193216424,0.20373140699999795,0.013990615193380358,0.0014275418000124773,0.00024737318629248367,0.735632183908046,0.549234693877551,0.8991626902201425,0.5637278091512208
landsat,minmax,kmeans,pca,kann,canberra,minmax|kmeans|pca|kann|canberra,4,0.7436438923395444,0.04567758901575247,0.5408191494282768,0.07152176156249418,0.8766553224461473,0.029812282897798106,0.5709957513320718,0.07829314086998908,0.232620007800017,0.019039540536327736,0.0020694863999779047,0.0002618650422791379,0.7011494252873564,0.47130541871921183,0.8761339185769627,0.5013213610433753
landsat,minmax,kmeans,pca,kann,truncated,minmax|kmeans|pca|kann|truncated,4,0.7334989648033126,0.03257372120705949,0.5281995974906991,0.07194379340596067,0.883464885736764,0.031013824720414716,0.5543246738515313,0.056165012668225676,0.20462805850000904,0.00733738849455372,0.0019843596999749025,0.00037992124771967086,0.735632183908046,0.5814715359828142,0.8909597071620846,0.5660161242025167
landsat,minmax,kmeans,pca,kridge,linear,minmax|kmeans|pca|kridge|linear,4,0.7680331262939958,0.009960005294521493,0.41368481125515116,0.0065286714792117655,0.8368376926274275,0.05551168506145127,0.6113422997946492,0.021744308710320695,0.008734335599967835,0.0005095157930974374,0.0010686331000215432,7.589256346225606e-05,0.7471264367816092,0.3933870672284301,0.8285025758427493,0.5908090926188705
landsat,minmax,kmeans,pca,kridge,poly,minmax|kmeans|pca|kridge|poly,4,0.7565424430641822,0.020065483830423815,0.4235250935903795,0.02863892753269531,0.8767163489601751,0.03468077967461124,0.5769062946440779,0.036508986777341046,0.009675411200009875,0.0012826334177163602,0.0010667307999824515,8.348761444895388e-05,0.735632183908046,0.39451183137800755,0.8332111778193868,0.5471780321469829
landsat,minmax,kmeans,pca,kridge,rbf,minmax|kmeans|pca|kridge|rbf,4,0.7565631469979296,0.02490097916841879,0.5066827726685965,0.04134742922839687,0.8866142053943691,0.03878881024456428,0.5797213411637002,0.049923735176348745,0.010457739299999958,0.0015573726120904567,0.0015074660000095718,0.00022475009352818933,0.7471264367816092,0.536923076923077,0.8951875648733676,0.5752871649157325
landsat,minmax,kmeans,pca,kridge,hyperbolic,minmax|kmeans|pca|kridge|hyperbolic,4,0.647287784679089,0.15465129268609654,0.4947447700334956,0.14420046111763324,0.7281111429824189,0.12060669304664935,0.4408867608588235,0.22127164751432693,0.010339967400000205,0.003685226107415629,0.0011060872000143718,5.4252588932413106e-05,0.6091954022988506,0.4075336586247402,0.6711472993160547,0.36164887669172585
landsat,minmax,kmeans,pca,kridge,triangle,minmax|kmeans|pca|kridge|triangle,4,0.5648447204968943,0.12912590519898084,0.393967638805798,0.11543767241920372,0.7021417283385641,0.12409438683457105,0.3134680937776505,0.181262821386913,0.00927881210002397,0.0005244332487777771,0.001412329399954615,0.00016318772265080394,0.7816091954022989,0.6515126512651266,0.8944494189668296,0.6322348396820856
landsat,minmax,kmeans,pca,kridge,radial_basic,minmax|kmeans|pca|kridge|radial_basic,4,0.757991718426501,0.02792285371057003,0.5559009245157424,0.05943150584457096,0.8616265067747599,0.05186126864849671,0.5939914642035506,0.04932545506936668,0.011628024299989192,0.0006120244453630761,0.0024636718000124345,7.875133614200662e-05,0.735632183908046,0.5058571192872463,0.8999448879345793,0.5597547942763096
landsat,minmax,kmeans,pca,kridge,rquadratic,minmax|kmeans|pca|kridge|rquadratic,4,0.762360248447205,0.033141071008245114,0.5268637504882474,0.061988334379462766,0.8819292019378558,0.041494852438674096,0.5942431221311831,0.05895990724296466,0.009843321299990748,0.0031775405979498346,0.0012740956000016012,0.00015098968045182108,0.7586206896551724,0.5644782866317519,0.9101688968620609,0.5909650048842392
landsat,minmax,kmeans,pca,kridge,canberra,minmax|kmeans|pca|kridge|canberra,4,0.7277225672877846,0.04162542914330016,0.48812207340004254,0.05440983267342453,0.8209268700368193,0.0378098025522375,0.5369902767425468,0.06908010150958735,0.014470355700007076,0.0005758566932546598,0.0031108522999943487,0.00013572914910747204,0.6896551724137931,0.41405277570326116,0.8359070619197382,0.462637403729275
landsat,minmax,kmeans,pca,kridge,truncated,minmax|kmeans|pca|kridge|truncated,4,0.7377846790890268,0.02636197014129783,0.49276776008217943,0.04560397917877222,0.8324737956038002,0.03942242981754621,0.5502194354700193,0.04614837848357455,0.012625931100001254,0.000894163098646109,0.0029406870999878266,0.00017841186232461927,0.7241379310344828,0.46524770206311794,0.8265661927046684,0.526684127554342
landsat,minmax,kmeans,lda,ksvc,linear,minmax|kmeans|lda|ksvc|linear,4,0.8227950310559006,0.04575037936760588,0.6601403857249554,0.07221209396301814,0.8530795653534151,0.039543427337675456,0.7034380926321392,0.07619671858260581,0.010430830500013144,0.0018212751331289736,0.0011412980000045537,0.0001278710641142537,0.8275862068965517,0.6806030227082859,0.863049750231065,0.7141657670616468
landsat,minmax,kmeans,lda,ksvc,poly,minmax|kmeans|lda|ksvc|poly,4,0.7104140786749482,0.031713165992286026,0.3827459815638458,0.03300129589114245,0.7328627508753467,0.05291051831498156,0.4701499510365973,0.07005897956106887,0.009712148800019804,0.0005632419717886928,0.0013001538999787953,7.759068595268205e-05,0.7241379310344828,0.382172373081464,0.719418719885992,0.4941817265245755
landsat,minmax,kmeans,lda,ksvc,rbf,minmax|kmeans|lda|ksvc|rbf,4,0.8185093167701863,0.0392111346414016,0.6533358348051115,0.071593944590931,0.8793001976958518,0.04204104079744867,0.6949370157083661,0.06616926307730592,0.008359503600001972,0.0009173263520819092,0.0013329569999882551,0.0001878998701335949,0.8045977011494253,0.6351196172248804,0.8768238799658314,0.6754186758407263
landsat,minmax,kmeans,lda,ksvc,hyperbolic,minmax|kmeans|lda|ksvc|hyperbolic,4,0.6960248447204969,0.04860510761000244,0.4369681896861882,0.05414701539203295,0.7277821920099367,0.03871072312477294,0.4831952414499449,0.07520220786253452,0.008206713000015497,0.000418596944938307,0.0012156477999951676,5.4665298597447264e-05,0.6666666666666666,0.37687814834114985,0.6540490133733936,0.4396995294249017
landsat,minmax,kmeans,lda,ksvc,triangle,minmax|kmeans|lda|ksvc|triangle,4,0.78824016563147,0.04418044607771542,0.6017088909388366,0.08028562004231,0.8668790367488548,0.04886680628109461,0.6465581531226847,0.07358487143930266,0.008848761399997329,0.0007090538806251007,0.001549552800008769,0.00015854781274578122,0.8160919540229885,0.6609108324625566,0.875722441553576,0.6962631965757342
landsat,minmax,kmeans,lda,ksvc,radial_basic,minmax|kmeans|lda|ksvc|radial_basic,4,0.7636645962732919,0.05873816646256971,0.5873147957133152,0.10465659519536281,0.8465601311034959,0.07403748640851406,0.6073022903211395,0.09621465846777319,0.011421819499992126,0.00033345988191166856,0.0025656015000208752,0.0001957743925620403,0.7241379310344828,0.5305094875242791,0.8144751336258738,0.5603043764270816
landsat,minmax,kmeans,lda,ksvc,rquadratic,minmax|kmeans|lda|ksvc|rquadratic,4,0.805527950310559,0.03559137423337294,0.6270254064142394,0.07232019478152671,0.8708106775556143,0.04414316498442014,0.6742763297421217,0.05875600649645996,0.008387956800004304,0.00038208014806118725,0.001305234099993413,7.953502955919625e-05,0.7931034482758621,0.596800766283525,0.8661125616452003,0.6537724940278077
landsat,minmax,kmeans,lda,ksvc,canberra,minmax|kmeans|lda|ksvc|canberra,4,0.806935817805383,0.05142410094046997,0.6269301483272585,0.09654552234916661,0.8428836581609292,0.05673469483958737,0.6760902884788285,0.08734665244828034,0.01394979870003681,0.0006917773386734869,0.0034853408999651948,0.00048614257394144185,0.8045977011494253,0.6241666666666666,0.8879322945071979,0.6751120076671763
landsat,minmax,kmeans,lda,ksvc,truncated,minmax|kmeans|lda|ksvc|truncated,4,0.8198343685300207,0.044579992111040724,0.6604246633397032,0.08529862433360666,0.8551171955329318,0.05721032372355927,0.6996937935242726,0.07548856755603513,0.011858977800000049,0.0004295977071858937,0.0029437138000048433,9.913884131842364e-05,0.8160919540229885,0.6521592442645074,0.8898302357811663,0.6972985774193434
landsat,minmax,kmeans,lda,kann,linear,minmax|kmeans|lda|kann|linear,4,0.8113250517598344,0.05299173988495942,0.6525491381672713,0.09260359095099434,0.9017307903555297,0.045306130451138266,0.6865374507702854,0.08789669822608136,0.15457211150002195,0.01066608739583644,0.0009312552999631407,5.591301102258615e-05,0.8160919540229885,0.6172022863199333,0.918032988087538,0.6850843217103083
landsat,minmax,kmeans,lda,kann,poly,minmax|kmeans|lda|kann|poly,4,0.7939337474120083,0.03829587919626293,0.6339189070409997,0.06112114865605911,0.8958442127721261,0.04237888656243155,0.6590413110903387,0.05838544352172074,0.18080068729999538,0.03176602956250543,0.0012432264000267423,0.00015288165109274615,0.8390804597701149,0.6856096004610857,0.9324763242337772,0.7292829319819243
landsat,minmax,kmeans,lda,kann,rbf,minmax|kmeans|lda|kann|rbf,4,0.7953830227743272,0.03304943493353569,0.6212794694422253,0.07011756192053746,0.9033429296957856,0.041373860918582576,0.6580987989073254,0.0556015271202416,0.4510297001999902,0.029734828324094784,0.002638618700018469,0.0021119999226310035,0.8160919540229885,0.6296202236719478,0.925228290401962,0.69134139175218
landsat,minmax,kmeans,lda,kann,hyperbolic,minmax|kmeans|lda|kann|hyperbolic,4,0.7839337474120083,0.025516976564829395,0.6174725851839394,0.04980684128645155,0.8902059971725643,0.041474745264765446,0.6412966857529421,0.04374821788911307,0.5131927260000338,0.1441748507295032,0.0035431787999868902,0.0022826081752245395,0.8275862068965517,0.6934580283726394,0.9262759942349688,0.7065354893797825
landsat,minmax,kmeans,lda,kann,triangle,minmax|kmeans|lda|kann|triangle,4,0.7910144927536231,0.042472757487910066,0.6189495098906476,0.054603950836355344,0.8982718019152518,0.0462599879909856,0.6523289107386965,0.06893396021712979,0.22240762149999682,0.0402677763528421,0.0016888853999944332,0.0005785979917773908,0.8160919540229885,0.6299019607843137,0.93374531864359,0.6869430313686412
landsat,minmax,kmeans,lda,kann,radial_basic,minmax|kmeans|lda|kann|radial_basic,4,0.7679503105590062,0.06155666340435174,0.588180234244923,0.10573511301583882,0.875271547839465,0.05577843200884987,0.6146470191320389,0.09883262493156714,0.22032958019999568,0.03822207852988536,0.0020651133000114895,0.0008533929768912709,0.8275862068965517,0.6326018876018876,0.9100550725124554,0.7113479083891083
landsat,minmax,kmeans,lda,kann,rquadratic,minmax|kmeans|lda|kann|rquadratic,4,0.7794409937888198,0.04382566846798177,0.6078076342092487,0.0810205526577876,0.8948082685446602,0.04527851334638414,0.6334260238622975,0.07276565963447267,0.19848987330000228,0.027635685113442096,0.0013320816000032209,0.00010298235916270217,0.8275862068965517,0.6383755760368663,0.9248192205316133,0.7118362128605783
landsat,minmax,kmeans,lda,kann,canberra,minmax|kmeans|lda|kann|canberra,4,0.79527950310559,0.05593475940443196,0.6253225708927014,0.10286033227948092,0.8865999275726356,0.05287365532425118,0.663596399643872,0.0878745705363172,0.21140187809999134,0.013600466137198494,0.002118786500011538,0.0005125352882086523,0.7931034482758621,0.625,0.9408245794313221,0.6591276161728375
landsat,minmax,kmeans,lda,kann,truncated,minmax|kmeans|lda|kann|truncated,4,0.7867287784679089,0.06063032299023436,0.6118435561482435,0.097614608329126,0.8858569900339655,0.05244496648268047,0.6459656966932913,0.0974638363341712,0.22430488119999836,0.013256752005493424,0.0018339742999955889,9.210063143900474e-05,0.8390804597701149,0.6923277173277174,0.9244903276316829,0.7342182625773799
landsat,minmax,kmeans,lda,kridge,linear,minmax|kmeans|lda|kridge|linear,4,0.7809730848861284,0.01327294585067741,0.449204274854819,0.03178892899674937,0.8567490688470325,0.048279624859231755,0.624512769246568,0.024937859338738353,0.009085750800011283,0.0005264084268096124,0.0010084769999934907,5.213763479961545e-05,0.8045977011494253,0.5265306122448979,0.8996745130715638,0.6824895768736429
landsat,minmax,kmeans,lda,kridge,poly,minmax|kmeans|lda|kridge|poly,4,0.7953623188405797,0.031186780422037232,0.557106599122027,0.05412575959737473,0.8943827675650189,0.04864595096647105,0.647261949165112,0.058205667518950725,0.010696714100004102,0.0032059931486026765,0.001105032499981462,0.00020980183730251022,0.7816091954022989,0.5503640776699029,0.914553942015679,0.6281850865093035
landsat,minmax,kmeans,lda,kridge,rbf,minmax|kmeans|lda|kridge|rbf,4,0.8113043478260871,0.04366138437849396,0.6285521223749494,0.08067068422999435,0.9028127342956971,0.04943830320825197,0.6818235958549305,0.07443921084431636,0.010458018799999991,0.0012023815174126648,0.001304819800009227,0.00012894585535044097,0.8045977011494253,0.6117105263157895,0.9370624680749671,0.6718485426718996
landsat,minmax,kmeans,lda,kridge,hyperbolic,minmax|kmeans|lda|kridge|hyperbolic,4,0.649399585921325,0.21969472547496036,0.5073128747911533,0.1824246808176289,0.7435880691406257,0.1188214544832671,0.4815189032882728,0.2340874552362043,0.009609826999962934,0.0007227696575854828,0.0011809644000095431,0.00010922815909052987,0.7011494252873564,0.5225503663003663,0.8177369322167659,0.515453248074166
landsat,minmax,kmeans,lda,kridge,triangle,minmax|kmeans|lda|kridge|triangle,4,0.7838302277432712,0.04612074072200353,0.6000834927523467,0.08944019497865469,0.8714257665575695,0.04749081245805901,0.6395919630597351,0.0759128608166885,0.009619912800008023,0.0008016588765608503,0.001295766399994136,6.129491342710126e-05,0.6206896551724138,0.4888439071280686,0.7456778137151419,0.40848095001114704
landsat,minmax,kmeans,lda,kridge,radial_basic,minmax|kmeans|lda|kridge|radial_basic,4,0.7549896480331262,0.0429704258018285,0.5666554862313389,0.06872984582791401,0.822117828975831,0.062620543399692,0.5919792907381645,0.06894409200120125,0.011546476499995606,0.00059106942986391,0.0024248316999774034,6.890375386164268e-05,0.7701149425287356,0.6129592902991918,0.8288365830181307,0.6247227554238588
landsat,minmax,kmeans,lda,kridge,rquadratic,minmax|kmeans|lda|kridge|rquadratic,4,0.8011801242236025,0.03547489473654284,0.6175784959786671,0.0717363200420794,0.8941794803893233,0.04925541304121858,0.6663391977415907,0.060370037294988646,0.009242806699990069,0.0005280779913396424,0.0011668485999848598,5.5136148091763545e-05,0.7816091954022989,0.5816239515377446,0.9069788537653867,0.6333220659491836
landsat,minmax,kmeans,lda,kridge,canberra,minmax|kmeans|lda|kridge|canberra,4,0.8024637681159421,0.044983893396443125,0.6134177871795117,0.08708937272666169,0.8753648080259315,0.042827392430477895,0.6682409822237098,0.07407618800435624,0.014578041400011444,0.0006745614782746001,0.0029685563000043658,9.760527389394077e-05,0.8160919540229885,0.6503053053053053,0.939354135136661,0.6930605111156353
landsat,minmax,kmeans,lda,kridge,truncated,minmax|kmeans|lda|kridge|truncated,4,0.8054037267080745,0.046266531646167786,0.6246472641478448,0.08511356788325733,0.8809151371941532,0.03352102558065771,0.6723009661087996,0.07651055925703719,0.012589522499990836,0.00045929625767572574,0.002853978300004201,5.017875901921807e-05,0.8275862068965517,0.6916347687400319,0.9481577157893255,0.718000836582356
landsat,minmax,dbscan,pca,ksvc,linear,minmax|dbscan|pca|ksvc|linear,4,0.9048033126293996,0.02315033517467389,0.4637224137187473,0.011359769449035394,0.6310801135079129,0.048782754272718484,0.8135123905944786,0.043928895608751725,0.008383609600014098,0.0008410006817165532,0.0010630119000097694,5.629120148545881e-05,0.9195402298850575,0.46535211267605636,0.5914699719739904,0.8486113201554156
landsat,minmax,dbscan,pca,ksvc,poly,minmax|dbscan|pca|ksvc|poly,4,0.7118012422360248,0.040063880186068886,0.3352245182039415,0.029554302141541575,0.658942384525911,0.05560205817259931,0.3867274078091309,0.0989112581668934,0.020580174099995928,0.004551111154207812,0.0034612745000117684,0.0030791145829732526,0.735632183908046,0.34394303363074813,0.5163728029836101,0.46690991227435796
landsat,minmax,dbscan,pca,ksvc,rbf,minmax|dbscan|pca|ksvc|rbf,4,0.9062732919254659,0.023076203698261404,0.4650370303871611,0.01169187514595087,0.6907254295663662,0.07183336665529992,0.8179105018930659,0.04366573455463309,0.013447855800006892,0.0053682679606570265,0.0012517042000013134,8.4478940719398e-05,0.9195402298850575,0.46535211267605636,0.5952500773849954,0.8486113201554156
landsat,minmax,dbscan,pca,ksvc,hyperbolic,minmax|dbscan|pca|ksvc|hyperbolic,4,0.803975155279503,0.0389582290329145,0.439637052202949,0.0633398365349834,0.6541989453383675,0.06805237347776759,0.6117693350511196,0.07301771224656516,0.008193652599982216,0.0004067451451556707,0.0013148152000098889,0.00018148929563051468,0.8505747126436781,0.4274240654205608,0.6134198052289707,0.695040740503951
landsat,minmax,dbscan,pca,ksvc,triangle,minmax|dbscan|pca|ksvc|triangle,4,0.8947412008281572,0.02191189688120901,0.48927412379303775,0.061344062259199986,0.6740066030954914,0.08286271173612797,0.7960351264727159,0.04110752947540674,0.008309140799997294,0.0005486894478477751,0.00145360859999073,8.281287740284707e-05,0.9195402298850575,0.46535211267605636,0.5948199009437894,0.8486113201554156
landsat,minmax,dbscan,pca,ksvc,radial_basic,minmax|dbscan|pca|ksvc|radial_basic,4,0.8658592132505175,0.026179621879368564,0.526639899574091,0.06155493355743092,0.7444100124133032,0.07059353779153443,0.741453352826369,0.04606326905914275,0.01136645489999637,0.0008593044672356551,0.0026505901999939853,0.00012852337036051931,0.8620689655172413,0.44323529411764706,0.7608567838625123,0.7365094327995946
landsat,minmax,dbscan,pca,ksvc,rquadratic,minmax|dbscan|pca|ksvc|rquadratic,4,0.8976190476190476,0.02431578863690986,0.46119211757541867,0.011099660490133218,0.6971208345060589,0.08265738908869572,0.8007438683689415,0.04616721535837565,0.008262717500019789,0.0008232302113389188,0.001305756300007488,0.000115330354931126,0.9310344827586207,0.4711456859971711,0.6067500855847299,0.8686138448845743
landsat,minmax,dbscan,pca,ksvc,canberra,minmax|dbscan|pca|ksvc|canberra,4,0.8774741200828157,0.021019631279158624,0.4969773093274248,0.0716735711736861,0.725999704265484,0.0655605843338694,0.7629642813973884,0.034991823609166424,0.01346496799999386,0.0003291261397779508,0.0033194703999924967,0.00011676755617322752,0.8735632183908046,0.4428181948629646,0.7483382063388049,0.7540046256034089
landsat,minmax,dbscan,pca,ksvc,truncated,minmax|dbscan|pca|ksvc|truncated,4,0.8947204968944099,0.025921429783907456,0.4758471065936048,0.058407996236962,0.7162703431476684,0.0773226132164337,0.7936843226992697,0.04810592237968621,0.011618551399976695,0.0006476861154057455,0.0029441915999996126,8.022506044421718e-05,0.9195402298850575,0.46483375959079287,0.6899703301998958,0.8430247643565939
landsat,minmax,dbscan,pca,kann,linear,minmax|dbscan|pca|kann|linear,4,0.896231884057971,0.02613762647284685,0.46274909251966373,0.010037770154689627,0.8974812134775133,0.03728910470716958,0.7993795326653805,0.050033557753284934,0.16325551709998082,0.017841218371364858,0.0011656853000204137,0.000248504803194262,0.9195402298850575,0.4685714285714285,0.8580561260729693,0.8479642342027127
landsat,minmax,dbscan,pca,kann,poly,minmax|dbscan|pca|kann|poly,4,0.8846583850931677,0.021818940553047426,0.5221632381861826,0.05945699402834894,0.8826900883714262,0.04639431057753429,0.7781254345587418,0.039236763441283296,0.3038988887999835,0.12764243114900484,0.001794381000024714,0.001304269638286223,0.8850574712643678,0.4506330914781619,0.9099273567574696,0.7831639567511611
landsat,minmax,dbscan,pca,kann,rbf,minmax|dbscan|pca|kann|rbf,4,0.883271221532091,0.022060200904981665,0.5145657354401048,0.07118427607765021,0.898075963317878,0.03483188086793529,0.7747527322303707,0.04376534193816352,0.22914511860000175,0.053732393694988986,0.0013986947999910626,0.00014341221018035867,0.896551724137931,0.4564285714285714,0.8885701529148007,0.8025095894857466
landsat,minmax,dbscan,pca,kann,hyperbolic,minmax|dbscan|pca|kann|hyperbolic,4,0.8889855072463767,0.017166600769831182,0.5571002488127126,0.07538328404291852,0.8885156102526729,0.04925039375588613,0.7881975163364676,0.02815146323925027,0.4630679442000087,0.19829315926218832,0.0025003944999753003,0.0016902533982158193,0.8735632183908046,0.44681006731050626,0.9087746683890665,0.7524753496921572
landsat,minmax,dbscan,pca,kann,triangle,minmax|dbscan|pca|kann|triangle,4,0.8961697722567287,0.020556236465158622,0.5203960680635322,0.058990195859758704,0.9050058523842199,0.03156762821128801,0.7990596323954559,0.03867317052329434,0.22202075339999966,0.03810068155119693,0.001748174299996208,0.0010799887199407908,0.896551724137931,0.45268542199488493,0.8750449576073721,0.7968388988030525
landsat,minmax,dbscan,pca,kann,radial_basic,minmax|dbscan|pca|kann|radial_basic,4,0.8759834368530022,0.02118376570709934,0.5238347501020864,0.08263956677496406,0.8930641321875019,0.04963520533919046,0.7596271547234594,0.038136418975306764,0.22716372719999073,0.06821603527837401,0.0021662056999957715,0.0008587697810059936,0.8505747126436781,0.43493761140819964,0.9155551122099514,0.7090712931992779
landsat,minmax,dbscan,pca,kann,rquadratic,minmax|dbscan|pca|kann|rquadratic,4,0.8947619047619048,0.018339590272828568,0.535566977102637,0.0661055976762816,0.9002389191443031,0.038224520875312834,0.7971665822141992,0.033325622849559346,0.2342558676000067,0.03261421557578133,0.0016337154999746418,0.0002719824861661428,0.8850574712643678,0.45006457167455877,0.9058248843324939,0.7767976771765487
landsat,minmax,dbscan,pca,kann,canberra,minmax|dbscan|pca|kann|canberra,4,0.883209109730849,0.020206457148800955,0.5180043022575643,0.08442344406857372,0.8584990062437818,0.04880855245104379,0.7738319259072416,0.03680015051892728,0.21470064900000807,0.019537411614990334,0.002052915599995231,0.00017410015536319557,0.8505747126436781,0.4315018315018315,0.898666332385125,0.6996115591227658
landsat,minmax,dbscan,pca,kann,truncated,minmax|dbscan|pca|kann|truncated,4,0.8933333333333332,0.014238728103474612,0.5558528949012922,0.08986402319164272,0.8759495790310086,0.0531211033432173,0.7921479892729268,0.028450123377696788,0.19470063400001436,0.006727448712961522,0.0018627821999984916,0.0001218771902061385,0.8735632183908046,0.4445732502535864,0.8893446370660802,0.7493318659085253
landsat,minmax,dbscan,pca,kridge,linear,minmax|dbscan|pca|kridge|linear,4,0.8947204968944099,0.03076812454099689,0.4590470591226459,0.015702594422831395,0.8490643981390293,0.03790269539837223,0.7969111261426032,0.05682976409863926,0.008821861900003114,0.0007947143967410045,0.0010196756000027563,4.98155956087084e-05,0.9195402298850575,0.46535211267605636,0.81604711977489,0.8486113201554156
landsat,minmax,dbscan,pca,kridge,poly,minmax|dbscan|pca|kridge|poly,4,0.8961697722567287,0.026481842961282375,0.4603672474764397,0.013372498696297917,0.858386894641731,0.03612925862826348,0.7937754794839886,0.05324105061568226,0.00871314959998699,0.0006051900837977478,0.001040568100006567,5.050549689646148e-05,0.9080459770114943,0.45845231296402056,0.7777514914121446,0.8177230746437834
landsat,minmax,dbscan,pca,kridge,rbf,minmax|dbscan|pca|kridge|rbf,4,0.8976397515527952,0.025127445856080736,0.46144966645640545,0.010774042792110554,0.8369739161787892,0.04612956926505234,0.7999917378058574,0.04784908720938647,0.009123877800038826,0.0005327277688035703,0.0013366259999656905,0.00020476517904620666,0.9080459770114943,0.4627258500497937,0.8394315948244642,0.8287725066451554
landsat,minmax,dbscan,pca,kridge,hyperbolic,minmax|dbscan|pca|kridge|hyperbolic,4,0.7071635610766046,0.20821108953502923,0.37483940116188025,0.10542150211996931,0.6752548387841955,0.14335132740002246,0.5157101050106407,0.25615435729884345,0.009409049199996388,0.0010273243999122136,0.0011332389999893166,4.606075909470844e-05,0.5862068965517241,0.31745098039215686,0.7037502895531281,0.3100069370187215
landsat,minmax,dbscan,pca,kridge,triangle,minmax|dbscan|pca|kridge|triangle,4,0.7679503105590062,0.06452610133922501,0.3929570652604329,0.0376403657916435,0.7160983148486857,0.10755649178126848,0.5501536229417352,0.12707571183480704,0.009026389799998924,0.0006871536905460936,0.001300652000008995,5.473113837067744e-05,0.896551724137931,0.46388059701492534,0.6681936181123938,0.8058285038857358
landsat,minmax,dbscan,pca,kridge,radial_basic,minmax|dbscan|pca|kridge|radial_basic,4,0.8947619047619048,0.024720387074305256,0.49126843716765956,0.06229605954331864,0.7752639806632147,0.07218351303863182,0.7967510402019558,0.0472134295244568,0.01112014130002308,0.0005867765096258397,0.0024437227999783316,0.00010068860200754003,0.8735632183908046,0.44362745098039214,0.7880019710966188,0.75160388118734
landsat,minmax,dbscan,pca,kridge,rquadratic,minmax|dbscan|pca|kridge|rquadratic,4,0.8976190476190476,0.02431578863690986,0.46170027160548266,0.01020033445518495,0.821700440077618,0.08106028541116603,0.8012193233631735,0.04598853871917433,0.008971913300001688,0.0007040938091745782,0.0012178954999967572,5.749360986213273e-05,0.9310344827586207,0.4711456859971711,0.8638302660062236,0.8686138448845743
landsat,minmax,dbscan,pca,kridge,canberra,minmax|dbscan|pca|kridge|canberra,4,0.8760455486542442,0.030749512326530278,0.4655398825458259,0.0612543897023143,0.7892748694685501,0.059318656164654315,0.7596223082548058,0.05572535041875309,0.014660493500014127,0.0011757610851997886,0.003171822199988128,0.0003247102474544123,0.8735632183908046,0.440537084398977,0.799021735361082,0.7506530332495112
landsat,minmax,dbscan,pca,kridge,truncated,minmax|dbscan|pca|kridge|truncated,4,0.880351966873706,0.02488675418258213,0.4502218104705401,0.012129956211026627,0.8223256303677429,0.06023565764210315,0.7667204842541928,0.04540919498527324,0.012185676300009617,0.0005090446494703149,0.002927076099979331,0.0002374499341525805,0.9080459770114943,0.45905233380480903,0.8289385289812785,0.822577046526391
landsat,minmax,dbscan,lda,ksvc,linear,minmax|dbscan|lda|ksvc|linear,4,0.9091304347826087,0.025813570349769666,0.48706406155092896,0.03890143900066397,0.6879787280748951,0.06251805111668866,0.8240460041715497,0.04806248047834252,0.010024193899982946,0.0012588222721071996,0.0012136534999967808,0.00024579502337708373,0.9310344827586207,0.4775669314504266,0.5609326591670983,0.8647363089482594
landsat,minmax,dbscan,lda,ksvc,poly,minmax|dbscan|lda|ksvc|poly,4,0.7853002070393376,0.05072956694968874,0.3901116682554192,0.03196682244023361,0.6602700918264262,0.061809398055757366,0.5600120214208667,0.11079531222793475,0.009479276999979903,0.0005864396223104527,0.0012937453000176902,0.00010803372673407945,0.8045977011494253,0.39697802197802196,0.6001195068611279,0.6131642379541274
landsat,minmax,dbscan,lda,ksvc,rbf,minmax|dbscan|lda|ksvc|rbf,4,0.9091097308488614,0.0230664907762599,0.47522814837604066,0.026387549394411364,0.6817785650000765,0.05821421358565007,0.8230527082576264,0.04465261997699367,0.01309261089999154,0.004003988934565097,0.001973096200015334,0.0018599346930912026,0.9080459770114943,0.4724722472247225,0.5242643514146592,0.825759665089373
landsat,minmax,dbscan,lda,ksvc,hyperbolic,minmax|dbscan|lda|ksvc|hyperbolic,4,0.8702070393374741,0.029295793938098773,0.45408139806108744,0.014115620224689722,0.637051532525774,0.0484300802333036,0.7487355571348605,0.056104479250349004,0.01977467589998696,0.005441607556165546,0.002969682799994189,0.0028738585157032123,0.8735632183908046,0.45875,0.7120552861126561,0.7663780085390156
landsat,minmax,dbscan,lda,ksvc,triangle,minmax|dbscan|lda|ksvc|triangle,4,0.900455486542443,0.024468005101182928,0.47315712090767137,0.023154314577183817,0.703336984965485,0.08206115210811152,0.8071327444745802,0.04510724964574606,0.02220500250001578,0.004143308381094366,0.0025106040999844483,0.0018970384655433233,0.9195402298850575,0.47504456327985745,0.5690347848970455,0.8440447465070382
landsat,minmax,dbscan,lda,ksvc,radial_basic,minmax|dbscan|lda|ksvc|radial_basic,4,0.88472049689441,0.03667497314835592,0.49486502194710036,0.06654774372471241,0.7805532105472837,0.09161552546910606,0.7773964673949442,0.06852779792138111,0.01133958220001432,0.0004757981204965454,0.0026358271999924908,0.00020380747234658515,0.8735632183908046,0.4557501904036558,0.7038436255946515,0.7596232840706338
landsat,minmax,dbscan,lda,ksvc,rquadratic,minmax|dbscan|lda|ksvc|rquadratic,4,0.9062525879917185,0.021058342290591833,0.4814493272422862,0.029842324932608025,0.6866117361384012,0.0682449554710145,0.8179248511086387,0.039653370101283794,0.009069201099998736,0.0008140477977807121,0.0014037501999837332,0.0002236202287462109,0.896551724137931,0.4673847087378641,0.519170358113159,0.7992913765919099
landsat,minmax,dbscan,lda,ksvc,canberra,minmax|dbscan|lda|ksvc|canberra,4,0.8947204968944099,0.025844696530541663,0.4639437480686598,0.009678999534684398,0.7108702460608158,0.062145431006783686,0.7943036680587718,0.04923020893147909,0.014490644500006056,0.0011211596964102323,0.0035708882000108134,0.0009079014856821839,0.9195402298850575,0.4717548076923077,0.6922519319770517,0.8415015641293013
landsat,minmax,dbscan,lda,ksvc,truncated,minmax|dbscan|lda|ksvc|truncated,4,0.8990683229813664,0.021860550199784858,0.49748628942527046,0.05654186587859699,0.7916486205094858,0.06605685263026115,0.8035569837789982,0.04002117490127005,0.012152622500025245,0.0005736670104142169,0.002928708900003585,9.657964609918245e-05,0.9080459770114943,0.4686333084391337,0.7435268583161025,0.8199840191382696
landsat,minmax,dbscan,lda,kann,linear,minmax|dbscan|lda|kann|linear,4,0.9019254658385094,0.02466039475500592,0.5118299755203914,0.06386525524201601,0.8955003300999023,0.04379928554834809,0.8108608762474606,0.04468809196190926,0.16296684320000168,0.029365206435068337,0.0009836236999944958,9.262249247761855e-05,0.9195402298850575,0.4800515776699029,0.8319558327274641,0.8435677427026372
landsat,minmax,dbscan,lda,kann,poly,minmax|dbscan|lda|kann|poly,4,0.8932505175983436,0.036538933588665126,0.5209065473534257,0.07120708221124084,0.8960704156538941,0.04634898293936561,0.7943160013146817,0.06751826853380985,0.2124901019000049,0.013918956039475107,0.0012208839999971132,4.103257596729136e-05,0.9195402298850575,0.4763256161314414,0.834750280926324,0.842552386637488
landsat,minmax,dbscan,lda,kann,rbf,minmax|dbscan|lda|kann|rbf,4,0.8976397515527952,0.026945568585248433,0.538167995050029,0.08418264750678196,0.8900076794620185,0.06221552878921979,0.8032271147231589,0.049315121773711744,0.23020323319999533,0.015838617149476868,0.0014547242000162441,0.00017056657095417414,0.9080459770114943,0.4699519230769231,0.796347272341202,0.8195097619968682
landsat,minmax,dbscan,lda,kann,hyperbolic,minmax|dbscan|lda|kann|hyperbolic,4,0.896128364389234,0.035000338668150915,0.5136692808106138,0.06281211209499148,0.8745145025716292,0.04870497771342184,0.8002190859638603,0.06302825249393708,0.3323844125000278,0.14645252426959704,0.001258254499987288,0.00013986401349217216,0.9080459770114943,0.4699519230769231,0.8602753628895043,0.8188216892596455
landsat,minmax,dbscan,lda,kann,triangle,minmax|dbscan|lda|kann|triangle,4,0.9018840579710146,0.02919498559787639,0.4966765673838923,0.053844920243262186,0.8945936171786313,0.04026209592974349,0.8093607666748435,0.05586615236781578,0.21591627479999714,0.01877782738530101,0.001569906700001411,0.00023898366038662054,0.9080459770114943,0.4745710784313726,0.7741254171614979,0.8250170397539228
landsat,minmax,dbscan,lda,kann,radial_basic,minmax|dbscan|lda|kann|radial_basic,4,0.881801242236025,0.03412326112355262,0.49272392532461523,0.06017755852888571,0.8966647209928592,0.03805542141800021,0.7716001660524063,0.06202371576594302,0.19010480660001577,0.019542271842698532,0.0018976304000034362,0.00033482846180599244,0.896551724137931,0.4660633484162896,0.8571933645185184,0.8003263318913925
landsat,minmax,dbscan,lda,kann,rquadratic,minmax|dbscan|lda|kann|rquadratic,4,0.9019461697722567,0.028120146195398238,0.5353677332608376,0.06200478733347474,0.8938973050411313,0.05085633064260356,0.8105520768865077,0.05211565182068561,0.22149564439998812,0.02775892278263902,0.0014295674999971197,0.00013422364610592226,0.9195402298850575,0.4763256161314414,0.8011315804578458,0.842552386637488
landsat,minmax,dbscan,lda,kann,canberra,minmax|dbscan|lda|kann|canberra,4,0.8745755693581779,0.028370148137794413,0.4678512700631742,0.025606806541630278,0.8604043872131923,0.042636707670599794,0.758158515514594,0.04956167958042736,0.19648368550001577,0.025731106592139476,0.0020469592999802443,0.00018083721715339215,0.9080459770114943,0.47054334554334554,0.9048798713256648,0.8202523223741565
landsat,minmax,dbscan,lda,kann,truncated,minmax|dbscan|lda|kann|truncated,4,0.8860662525879919,0.03192601334380776,0.5095093103363246,0.06500555242724927,0.882411549916178,0.04386130035006306,0.7805834269690078,0.056934208272497296,0.2349741657999857,0.03539062195077976,0.0020074660999853224,0.00024676588104885976,0.9310344827586207,0.5770934466019417,0.8838690550215856,0.8659633464912029
landsat,minmax,dbscan,lda,kridge,linear,minmax|dbscan|lda|kridge|linear,4,0.919254658385093,0.021978482317076553,0.4714469270266382,0.011292818530316492,0.8523689038213268,0.04547853310189617,0.8422509291597097,0.042682570997656405,0.00956374480001614,0.00095420763671468,0.0010382862000142268,0.00013983865782086395,0.9310344827586207,0.4701298701298701,0.7632599317577087,0.8614404252493261
landsat,minmax,dbscan,lda,kridge,poly,minmax|dbscan|lda|kridge|poly,4,0.9134368530020704,0.0219323736645258,0.46791214368493605,0.011761271298397805,0.9053122303524856,0.027267573323226286,0.8295338581699336,0.04253260319587452,0.009381076599993321,0.0007373536455306571,0.001078067200012356,0.00016930520076409187,0.9195402298850575,0.46712853773584906,0.755530402822212,0.8382140628758312
landsat,minmax,dbscan,lda,kridge,rbf,minmax|dbscan|lda|kridge|rbf,4,0.9134989648033127,0.018123216522301543,0.47090694804472627,0.007022299746466784,0.9018818580526526,0.03379628221260645,0.8314737191025655,0.03373764571598569,0.010417884999981197,0.0009730105277773604,0.0013958969000213983,0.00028701021060961593,0.9195402298850575,0.4724702380952381,0.7275341386554622,0.8399313204229945
landsat,minmax,dbscan,lda,kridge,hyperbolic,minmax|dbscan|lda|kridge|hyperbolic,4,0.7923188405797101,0.08585333547973095,0.4196882636556925,0.040484026196704784,0.7551134840233292,0.08945219391627458,0.6166313657572019,0.15246331544137337,0.010614173700014362,0.000994032944794383,0.001259130000028108,0.00025071181095521035,0.8850574712643678,0.45608663181478715,0.7708256603177943,0.7745878776168532
landsat,minmax,dbscan,lda,kridge,triangle,minmax|dbscan|lda|kridge|triangle,4,0.9033540372670806,0.025918223318423323,0.4931734827101836,0.060322070445047456,0.8313060308218467,0.08313744921732964,0.8111261154710367,0.049618525476905505,0.009946663999994599,0.0006631990766741149,0.0013340460000108578,3.8902855793439004e-05,0.9080459770114943,0.4686333084391337,0.7903224831768778,0.8199840191382696
landsat,minmax,dbscan,lda,kridge,radial_basic,minmax|dbscan|lda|kridge|radial_basic,4,0.8846583850931677,0.025846944719103027,0.48475203591365723,0.05459680328223973,0.7664462183631404,0.13171740235018983,0.7741693651052617,0.048338360910099326,0.012239419300010468,0.0009827324601046118,0.002498452900010761,0.0001987474705646993,0.8850574712643678,0.4618566176470588,0.613606957765217,0.77985563577896
landsat,minmax,dbscan,lda,kridge,rquadratic,minmax|dbscan|lda|kridge|rquadratic,4,0.9019254658385092,0.02566676426387434,0.48853427972446484,0.05996078826050155,0.8672132682760703,0.07660817518915645,0.8105479596418446,0.047391501025903705,0.009842028300010953,0.0007534663590758647,0.001222901400012688,5.256603702201996e-05,0.9080459770114943,0.4699519230769231,0.7546382183138339,0.8188216892596455
landsat,minmax,dbscan,lda,kridge,canberra,minmax|dbscan|lda|kridge|canberra,4,0.9062732919254659,0.023047496957983006,0.46532658674419985,0.011169391396736098,0.7753421560732543,0.0794088182851779,0.81547751401946,0.04576134435983696,0.015251898200006053,0.0010623650207934178,0.003059164499995859,0.00011178281383206533,0.8850574712643678,0.4595722087378641,0.8662719355712687,0.7764410103436508
landsat,minmax,dbscan,lda,kridge,truncated,minmax|dbscan|lda|kridge|truncated,4,0.9048240165631469,0.020968643641245496,0.4641959680728284,0.01089310296081888,0.822077466139107,0.06793134376059067,0.8120194628376594,0.04130935159402507,0.012784814000019651,0.0005630787816996827,0.0028624625000020385,7.427427945442244e-05,0.9080459770114943,0.4646577380952381,0.8604786970895042,0.8169376058613833
landsat,minmax,hierarchical,pca,ksvc,linear,minmax|hierarchical|pca|ksvc|linear,4,0.7939130434782609,0.022831181517065823,0.5819000498374596,0.0385152530356841,0.8187152026674799,0.026662585003739782,0.6454297085939404,0.04251592773670295,0.008877118999987488,0.00105827335509092,0.0013214026999889938,0.0002790230809380722,0.7586206896551724,0.4874120082815735,0.7181353003721426,0.5896766912589161
landsat,minmax,hierarchical,pca,ksvc,poly,minmax|hierarchical|pca|ksvc|poly,4,0.6426293995859214,0.02881038325752246,0.3644402522813054,0.06488960404838387,0.7521315940126446,0.02954809339860272,0.29195561933350284,0.07739843362492606,0.011630033399990225,0.001713994230075154,0.0013797769999769117,5.929649620299957e-05,0.6436781609195402,0.2932539682539682,0.6302849197586039,0.28052349134954346
landsat,minmax,hierarchical,pca,ksvc,rbf,minmax|hierarchical|pca|ksvc|rbf,4,0.7953002070393376,0.0395230147865075,0.5961310895006967,0.06543454865665288,0.8431951504472348,0.022757193136489856,0.6506882542290161,0.06341330380335078,0.008449851199998193,0.0004050394745304442,0.0014553267999872332,0.00011108567555655103,0.7701149425287356,0.5026368952684742,0.7482183021656706,0.6131362090855205
landsat,minmax,hierarchical,pca,ksvc,hyperbolic,minmax|hierarchical|pca|ksvc|hyperbolic,4,0.636935817805383,0.04463929015598802,0.39053154038856974,0.04553248793382191,0.6775137587681404,0.036070627658240824,0.3673450825326518,0.0764924270219749,0.00851938150000251,0.0010586675187545605,0.001421334899998783,0.00023251749094040108,0.6896551724137931,0.3987968822432325,0.6167301996249365,0.4345655932742912
landsat,minmax,hierarchical,pca,ksvc,triangle,minmax|hierarchical|pca|ksvc|triangle,4,0.8039130434782609,0.03416036833033709,0.6307750161656271,0.05517174482588692,0.8624517995301861,0.03526826687511426,0.6671108794840206,0.05530762098609711,0.010023891299999832,0.003974211495975941,0.001533404899987545,0.00013083547778515719,0.735632183908046,0.45536474164133733,0.7928852580168371,0.548789840944225
landsat,minmax,hierarchical,pca,ksvc,radial_basic,minmax|hierarchical|pca|ksvc|radial_basic,4,0.7723809523809523,0.039816582802515856,0.6085638330934038,0.04969572797378267,0.8736096390792298,0.03527583083694375,0.6124809803070639,0.0678783449649771,0.012864043100012167,0.0014167527034545436,0.00289218749999236,0.00029474769568909573,0.7241379310344828,0.5075561515778907,0.7926567584462321,0.53650149471013
landsat,minmax,hierarchical,pca,ksvc,rquadratic,minmax|hierarchical|pca|ksvc|rquadratic,4,0.7923809523809524,0.03218731910448249,0.5974392124962392,0.05597510788525444,0.8670105752661538,0.025290097880178466,0.6464829386041717,0.05262413051078924,0.008694927599981384,0.0005689185311754533,0.0015173972000070534,0.00024220185075716997,0.7241379310344828,0.45173777246145663,0.7641465259886312,0.535973938637635
landsat,minmax,hierarchical,pca,ksvc,canberra,minmax|hierarchical|pca|ksvc|canberra,4,0.7492546583850931,0.03295539797712226,0.5657756347593748,0.05570412837886167,0.8245303368853996,0.03499259355142758,0.5709830547374765,0.054799897131041005,0.014416967300019224,0.0010078368334227696,0.0035659229999964737,0.00045208281821416057,0.7011494252873564,0.4689393939393939,0.7495425627004575,0.5044316600013868
landsat,minmax,hierarchical,pca,ksvc,truncated,minmax|hierarchical|pca|ksvc|truncated,4,0.7579089026915113,0.027247343467476128,0.5569588382211169,0.027551261927120565,0.822890435942538,0.02597977916101646,0.5850837247834805,0.043619783770151896,0.01305748089998815,0.0020150806754460618,0.003231274899997061,0.0004687071662756865,0.6781609195402298,0.418266516092603,0.7189004708741551,0.45828510587094884
landsat,minmax,hierarchical,pca,kann,linear,minmax|hierarchical|pca|kann|linear,4,0.7953002070393376,0.034419358424899155,0.6159418349770613,0.05557127492103037,0.9154228048223929,0.03470077116971748,0.6495591698878198,0.05738270357258567,0.15319801610000922,0.013114736714890128,0.001015502400002788,9.081565272756689e-05,0.735632183908046,0.4836300477637864,0.8607685443211759,0.561782892931573
landsat,minmax,hierarchical,pca,kann,poly,minmax|hierarchical|pca|kann|poly,4,0.7881987577639752,0.040856462046126946,0.6199598316923283,0.0734732098284235,0.9133428012142228,0.03735871585529884,0.6418982120727723,0.0690738266450207,0.2132540222999751,0.03978622888714404,0.001360145899991494,0.00021503969300278042,0.7586206896551724,0.5531048058221971,0.9115941076467392,0.5951637863395157
landsat,minmax,hierarchical,pca,kann,rbf,minmax|hierarchical|pca|kann|rbf,4,0.7953209109730849,0.03883632195142647,0.6365158996362996,0.06796820663038161,0.9262847656132914,0.02603777834203978,0.6548064627325484,0.059759684497045155,0.21058615219997137,0.022426052200303925,0.0015122766000331468,0.0003464415117107577,0.7586206896551724,0.5470851370851372,0.8886644787960578,0.5945210300561355
landsat,minmax,hierarchical,pca,kann,hyperbolic,minmax|hierarchical|pca|kann|hyperbolic,4,0.7737060041407867,0.03824447419334077,0.6062647446959886,0.061731727356929236,0.9085877906236807,0.033866622230707286,0.6188743470990301,0.05971128200711246,0.2235456849999764,0.008356726764337673,0.00132923370001663,7.013007482574827e-05,0.735632183908046,0.4997635417803485,0.8845985885459571,0.5575582609995153
landsat,minmax,hierarchical,pca,kann,triangle,minmax|hierarchical|pca|kann|triangle,4,0.7867494824016563,0.04247654758289863,0.612739237075494,0.0775894401980059,0.918164321275766,0.03133962927178474,0.6419700644062519,0.0701275127969414,0.19932157249998,0.019341082411447698,0.0013781822000169086,5.792308731415786e-05,0.7126436781609196,0.4566312056737589,0.8879133293606978,0.513217371564399
landsat,minmax,hierarchical,pca,kann,radial_basic,minmax|hierarchical|pca|kann|radial_basic,4,0.7766252587991718,0.03568818121601609,0.6043137266316416,0.05584117014236929,0.9097515596522128,0.02542369502988295,0.622417428430269,0.0593761416270921,0.19019244740001112,0.03655749393625662,0.0018973267999854216,0.00015533469561398972,0.7126436781609196,0.47453823953823954,0.8927126966600651,0.5145839409736498
landsat,minmax,hierarchical,pca,kann,rquadratic,minmax|hierarchical|pca|kann|rquadratic,4,0.7953002070393375,0.04431265798441257,0.6302308343905663,0.09174327231884476,0.9229061337426346,0.030090997980514823,0.6539104610766188,0.07210318601048936,0.21269275759998435,0.0157928829856403,0.004539166600011413,0.009820830539162375,0.735632183908046,0.5450020925944778,0.8995943384101279,0.5571795161652121
landsat,minmax,hierarchical,pca,kann,canberra,minmax|hierarchical|pca|kann|canberra,4,0.7651138716356107,0.035430857434336306,0.5714562681599166,0.062282664949475354,0.8954119897794289,0.03340101732848177,0.5975106264209341,0.06481270150438209,0.2280535154000063,0.028886229008095215,0.001981177100003606,0.00018440096382128232,0.6436781609195402,0.4120579915134371,0.8340942683047946,0.4011748327161247
landsat,minmax,hierarchical,pca,kann,truncated,minmax|hierarchical|pca|kann|truncated,4,0.7838095238095237,0.03937992454831169,0.6105843873935254,0.05966401834990731,0.9134405463682678,0.03344679068268251,0.6317036568801677,0.06730196877567071,0.20232847779999474,0.01035962136636279,0.0019530490999954964,0.0001660871268719595,0.6781609195402298,0.44363636363636366,0.839121185831712,0.4573597709657168
landsat,minmax,hierarchical,pca,kridge,linear,minmax|hierarchical|pca|kridge|linear,4,0.7593788819875776,0.011434037826786111,0.423955427665183,0.03932838170716525,0.8741417207745295,0.03240184607953728,0.5861933830682464,0.024998870183202748,0.008463117700011935,0.0002872507425204639,0.0010283797000056438,5.478165622950561e-05,0.7931034482758621,0.41260987153482087,0.7985485274958959,0.6588140306168732
landsat,minmax,hierarchical,pca,kridge,poly,minmax|hierarchical|pca|kridge|poly,4,0.7795652173913044,0.02504616021085471,0.5399918429073791,0.04604165111905663,0.9006168557171597,0.025416545196608773,0.6116975475983071,0.05002538932644212,0.008525185299993155,0.0003984959597213505,0.0010283138999966468,4.753228237419843e-05,0.735632183908046,0.44842047930283224,0.802463983385036,0.5143118945812563
landsat,minmax,hierarchical,pca,kridge,rbf,minmax|hierarchical|pca|kridge|rbf,4,0.7925051759834367,0.0206389133150209,0.6016978146806657,0.04434169472929105,0.9065530715634857,0.039106764257531276,0.6423741265559013,0.03508023297199237,0.01782708640000692,0.002549503727129319,0.0023902032000250985,0.0017836870160875867,0.7471264367816092,0.4691666666666667,0.8685656448814343,0.5711421415685832
landsat,minmax,hierarchical,pca,kridge,hyperbolic,minmax|hierarchical|pca|kridge|hyperbolic,4,0.5904761904761905,0.10993574370259511,0.4214792061085654,0.07352998404037225,0.6935952560055837,0.06304368058085782,0.38004488387104357,0.12681803732033947,0.012107763600010913,0.005120765500772686,0.0019389775999911762,0.0018414791924968189,0.5402298850574713,0.40429822291235334,0.6663820098030624,0.30314912084746726
landsat,minmax,hierarchical,pca,kridge,triangle,minmax|hierarchical|pca|kridge|triangle,4,0.6686128364389233,0.13473905590447469,0.504940935630996,0.12814253947369647,0.7500487890741551,0.12281514373913985,0.46661529866267915,0.21107298381949408,0.01957579990000795,0.0024635114132487137,0.002347921800014774,0.0008854486340299671,0.7241379310344828,0.47953823953823954,0.8025077992183256,0.5341592810981394
landsat,minmax,hierarchical,pca,kridge,radial_basic,minmax|hierarchical|pca|kridge|radial_basic,4,0.7909730848861283,0.03926054007471706,0.6237629621841242,0.07401689670407448,0.8890760140339322,0.04772429502247218,0.6462088143637466,0.06414132776909907,0.013793632899978547,0.00476525205909547,0.003105083100012962,0.001455652439807857,0.7126436781609196,0.492280701754386,0.837666573192889,0.5154804232819734
landsat,minmax,hierarchical,pca,kridge,rquadratic,minmax|hierarchical|pca|kridge|rquadratic,4,0.793913043478261,0.030594875718793466,0.6093741907990253,0.06402099939013609,0.9078797171536767,0.03932961055197297,0.6473218300293369,0.05196550769657806,0.009467923900035657,0.001185918896994383,0.0014210595000008653,0.0005504849367989795,0.735632183908046,0.4648964896489649,0.8824453324453325,0.5467649894265136
landsat,minmax,hierarchical,pca,kridge,canberra,minmax|hierarchical|pca|kridge|canberra,4,0.7305383022774328,0.02902052667793951,0.5051951496872079,0.04936403713567566,0.8505970343461768,0.03663013639815629,0.5326362149083604,0.04905055872094991,0.015807325199978094,0.005036069185770836,0.004098805100034042,0.0018240049982326662,0.6896551724137931,0.4026315789473684,0.7895608777187724,0.4672952407763515
landsat,minmax,hierarchical,pca,kridge,truncated,minmax|hierarchical|pca|kridge|truncated,4,0.752111801242236,0.04643901005917769,0.528030811050222,0.07454874563334553,0.8686669708704308,0.03722490927087729,0.5710060890048341,0.07632810114706454,0.022312220200012688,0.007299639734589379,0.00573644629997716,0.002508650726100819,0.735632183908046,0.47339466089466087,0.7658121848911323,0.5532703569061143
landsat,minmax,hierarchical,lda,ksvc,linear,minmax|hierarchical|lda|ksvc|linear,4,0.821097308488613,0.04400671864247108,0.663527088479901,0.09067016923967572,0.8722647150334426,0.05683420985379467,0.6967241680816645,0.0751250374993321,0.024030855800015162,0.00341798121909668,0.0026268912999853457,0.002103104239880902,0.7816091954022989,0.5928869202709744,0.8811060284744495,0.6339525511547439
landsat,minmax,hierarchical,lda,ksvc,poly,minmax|hierarchical|lda|ksvc|poly,4,0.6744306418219461,0.02877412323033866,0.40873261656950544,0.05651206070729342,0.7744073779377116,0.035458160622013034,0.3784577489395033,0.06805630389505599,0.021753018000015344,0.0037503361548766297,0.003149625400010336,0.002202131140799855,0.6896551724137931,0.3885354411670201,0.745565764644712,0.4019147330167936
landsat,minmax,hierarchical,lda,ksvc,rbf,minmax|hierarchical|lda|ksvc|rbf,4,0.8427950310559005,0.04204762851147727,0.6881754189854732,0.08334697550114037,0.9011520098919986,0.051094574317050244,0.7333881550656025,0.07029059918020451,0.019315211700006784,0.0032879196435415653,0.003633297200030938,0.0022945018303756697,0.7816091954022989,0.5936997885835096,0.9032162282162283,0.6354045633698427
landsat,minmax,hierarchical,lda,ksvc,hyperbolic,minmax|hierarchical|lda|ksvc|hyperbolic,4,0.7003312629399586,0.03735595057685148,0.47097710609188104,0.0536751958641253,0.7651471588166965,0.044133830667853355,0.5002254667394994,0.06468195070486006,0.016318716999967363,0.0006273214450692541,0.0032300092000014046,0.00213953946983181,0.6896551724137931,0.41602728047740833,0.6969109107267002,0.4896452669906255
landsat,minmax,hierarchical,lda,ksvc,triangle,minmax|hierarchical|lda|ksvc|triangle,4,0.8197308488612837,0.047630553415387855,0.6618320868074449,0.09352625696836389,0.8966028427706363,0.05206262169016338,0.6930875497945492,0.08043678064552182,0.018422222399988187,0.0038460885275249123,0.0022760023999808254,0.0017388019599684638,0.8275862068965517,0.6556698564593302,0.9273482365587629,0.7133173982226831
landsat,minmax,hierarchical,lda,ksvc,radial_basic,minmax|hierarchical|lda|ksvc|radial_basic,4,0.7779917184265009,0.05151828154114139,0.5964304276168054,0.10121737510568161,0.8687110745529107,0.04878119468797371,0.6224423057414177,0.08398398951112901,0.023300771000015173,0.001736874598483242,0.00591123419997075,0.0027366119388461457,0.7816091954022989,0.6000276361425473,0.8987848408901041,0.6475888133627385
landsat,minmax,hierarchical,lda,ksvc,rquadratic,minmax|hierarchical|lda|ksvc|rquadratic,4,0.8340993788819876,0.05143676955513828,0.6779458928415073,0.10056938853038147,0.9032423441359345,0.0466002282094545,0.7175923711172434,0.08652231015519013,0.0180211872999962,0.0026076937008042596,0.0034806599999910757,0.0022029465206429817,0.7816091954022989,0.6097967113784549,0.9362153927943401,0.6314982671493717
landsat,minmax,hierarchical,lda,ksvc,canberra,minmax|hierarchical|lda|ksvc|canberra,4,0.8009109730848861,0.0625077632548698,0.6394889718703851,0.10895977919599029,0.8715041740107088,0.049953226497375304,0.6611843640059121,0.10377944941928414,0.03237022389998856,0.004545434535703634,0.00771328620002123,0.0019520880251574434,0.7816091954022989,0.600587077938563,0.9195069550332708,0.6340716315748145
landsat,minmax,hierarchical,lda,ksvc,truncated,minmax|hierarchical|lda|ksvc|truncated,4,0.8009730848861285,0.040468061645023055,0.6403849973262361,0.0671706306629605,0.8933027091649766,0.04501923515012272,0.6617275689669228,0.06434909217293204,0.025095978600006674,0.002224889131576074,0.005873133900024641,0.0019649517191881326,0.7931034482758621,0.6152771618625278,0.9151978138820245,0.6562793235867472
landsat,minmax,hierarchical,lda,kann,linear,minmax|hierarchical|lda|kann|linear,4,0.812567287784679,0.03911394484233743,0.6566127474732469,0.09213744938343728,0.9216816585540742,0.025219028741298898,0.6812237712909976,0.06412327358730609,0.18844981629999893,0.0663378770117803,0.0013945908999744461,0.001329418303475805,0.8045977011494253,0.6081143828668581,0.9284316560632351,0.6686455122553013
landsat,minmax,hierarchical,lda,kann,poly,minmax|hierarchical|lda|kann|poly,4,0.8068530020703933,0.045446007056429545,0.6401258479997752,0.08595647348164151,0.9215228533417651,0.027475506916148165,0.6715066051595058,0.07520391642712887,0.18731640890000562,0.044031873823323714,0.001301495900008831,0.00015435936044173756,0.8045977011494253,0.668030303030303,0.95548559627507,0.6781225355843848
landsat,minmax,hierarchical,lda,kann,rbf,minmax|hierarchical|lda|kann|rbf,4,0.8112008281573498,0.04230131693978627,0.6579867816791218,0.08365268743998791,0.9237574690315083,0.024173212965854358,0.6790803963573531,0.06972578896936574,0.21345816160002187,0.023664625506737934,0.0015657397999802925,0.0003601038573391827,0.8160919540229885,0.673982683982684,0.9532780815675552,0.6943484542162617
landsat,minmax,hierarchical,lda,kann,hyperbolic,minmax|hierarchical|lda|kann|hyperbolic,4,0.793913043478261,0.04310035464768317,0.6313430292806893,0.09179483621595734,0.909811106667278,0.027067005195364986,0.6527145467888757,0.07092374554339168,0.2172273177000193,0.029955702618964224,0.0016141483999831507,0.0009141425035272565,0.8275862068965517,0.6888636363636363,0.9585433572275678,0.7168336637851778
landsat,minmax,hierarchical,lda,kann,triangle,minmax|hierarchical|lda|kann|triangle,4,0.8068737060041407,0.04162054881542115,0.6528157981453186,0.0835465089982191,0.9209348351582856,0.02536052449892351,0.6713823464917328,0.06953257354380413,0.19861041179999575,0.029402644315584276,0.0014218917999983204,0.00020218030696640064,0.7931034482758621,0.654040404040404,0.9422662863452338,0.6641916145729007
landsat,minmax,hierarchical,lda,kann,radial_basic,minmax|hierarchical|lda|kann|radial_basic,4,0.7894824016563147,0.033009600074358825,0.6247107211854915,0.08211439290567793,0.8950387616192701,0.035226903845318375,0.6454590751110316,0.052220615351571124,0.1932056529999727,0.022030963536895123,0.0017822099999989405,0.00019079200924061862,0.7931034482758621,0.642620706819313,0.924600253547622,0.6711795245424709
landsat,minmax,hierarchical,lda,kann,rquadratic,minmax|hierarchical|lda|kann|rquadratic,4,0.8010973084886128,0.029094253595294252,0.6298573106995333,0.07131989504841413,0.917281571439991,0.023447300435365033,0.6643935922638974,0.04370685865340215,0.19624866079999492,0.027281857708906895,0.0013433003999921312,7.557034276112983e-05,0.7931034482758621,0.6411363636363636,0.9505537591063906,0.6587481045650811
landsat,minmax,hierarchical,lda,kann,canberra,minmax|hierarchical|lda|kann|canberra,4,0.789399585921325,0.039797511006828025,0.6309282080352295,0.09236295526057041,0.8990787418733376,0.036582595399973786,0.6442556423832693,0.06478031780500183,0.20688008259996876,0.010864149016176817,0.0021247432000109255,0.0004958985614539461,0.8045977011494253,0.6352428099952853,0.9281474373579637,0.6698653830007242
landsat,minmax,hierarchical,lda,kann,truncated,minmax|hierarchical|lda|kann|truncated,4,0.795175983436853,0.04551487234613419,0.6329531034741696,0.09357648719606791,0.9038022687055072,0.037703925212946576,0.6543467791816591,0.0741205780758602,0.39271568919998573,0.12128955743640393,0.0028568306000011034,0.0017414571913094892,0.8275862068965517,0.6804761904761905,0.9323734744787378,0.7154322603381539
landsat,minmax,hierarchical,lda,kridge,linear,minmax|hierarchical|lda|kridge|linear,4,0.7996687370600414,0.0260709215637755,0.5468914710902334,0.05461146679260595,0.8851902677424777,0.04342755528593262,0.6473671441319973,0.050451759689154496,0.010397715999988576,0.0011673413545311886,0.0011754309000139075,0.00020394082759006267,0.7931034482758621,0.48831775700934577,0.8844061640114271,0.6238885999248319
landsat,minmax,hierarchical,lda,kridge,poly,minmax|hierarchical|lda|kridge|poly,4,0.8168737060041409,0.039062061804166395,0.6184713710450416,0.09862537434683796,0.915528329177889,0.033304481567924635,0.6835340749670918,0.0691056106687327,0.009305394600016826,0.000595066638944987,0.0010966580999820508,0.0001345182362845591,0.7816091954022989,0.561473488794614,0.8922992942729786,0.6213747409278197
landsat,minmax,hierarchical,lda,kridge,rbf,minmax|hierarchical|lda|kridge|rbf,4,0.8356314699792963,0.03950425940879251,0.6800778118355738,0.08648530039583135,0.9278237277485115,0.02927181558791843,0.7202953241116071,0.06645255065793917,0.013045895100003691,0.0015682019149971767,0.0016111132999981237,0.0002267421729640945,0.7931034482758621,0.6152771618625278,0.9337559370454107,0.6562793235867472
landsat,minmax,hierarchical,lda,kridge,hyperbolic,minmax|hierarchical|lda|kridge|hyperbolic,4,0.684265010351967,0.1613644637777327,0.5350206668819896,0.17179284741534795,0.779746416343629,0.14079476071474034,0.5127546852519511,0.20493227262406216,0.009170549800035132,0.0005174840950780349,0.0011276199999770142,6.484385733451701e-05,0.5402298850574713,0.45462962962962966,0.6834644887276465,0.3589231833644315
landsat,minmax,hierarchical,lda,kridge,triangle,minmax|hierarchical|lda|kridge|triangle,4,0.7663768115942029,0.0968898974369949,0.627606216215222,0.11121418273861823,0.8686952764779218,0.08866181757349725,0.6211507149778035,0.130883645442693,0.009647872300001836,0.0005226323087147187,0.0013466082999912033,9.09269826309189e-05,0.735632183908046,0.539008214008214,0.860926354347407,0.566229308016809
landsat,minmax,hierarchical,lda,kridge,radial_basic,minmax|hierarchical|lda|kridge|radial_basic,4,0.7982401656314699,0.029828238456679833,0.6277648212745117,0.0735222168301672,0.8505412911739322,0.04799610844854587,0.6570949869923448,0.04749628712071448,0.013219702799995047,0.0022717593733173522,0.0027108101999715473,0.00034018261980661973,0.7816091954022989,0.6284438775510204,0.9018065268065268,0.6550761832845916
landsat,minmax,hierarchical,lda,kridge,rquadratic,minmax|hierarchical|lda|kridge|rquadratic,4,0.8283436853002071,0.04642622925782609,0.6751629082748305,0.09145369196920207,0.9212997238290477,0.027233134334761145,0.7092175144618406,0.0766049733933926,0.009352584800001295,0.0005404140702377002,0.0012087659000030726,5.2697925420769936e-05,0.7931034482758621,0.6203030303030302,0.9272313213102688,0.6540834473809557
landsat,minmax,hierarchical,lda,kridge,canberra,minmax|hierarchical|lda|kridge|canberra,4,0.8109937888198757,0.05373001679015186,0.649097896634669,0.08186296259572827,0.8955847287413148,0.034452914219918196,0.6821295691505529,0.08701202652382731,0.014781203100028506,0.0004973578380806529,0.0030152802999737103,0.00012554675928592638,0.7701149425287356,0.5379041490949669,0.8844432614169456,0.6065906276860591
landsat,minmax,hierarchical,lda,kridge,truncated,minmax|hierarchical|lda|kridge|truncated,4,0.8009316770186334,0.04940280893486356,0.6295598195965038,0.06998041635664043,0.8950385744349628,0.03664859789137534,0.664834650051699,0.0787832913873019,0.014915994199986926,0.0019411769192171982,0.0032823174000100154,0.00043945857144458755,0.7586206896551724,0.5390831181650942,0.8939565551407657,0.59334386356103
landsat,normalizer,uniform,pca,ksvc,linear,normalizer|uniform|pca|ksvc|linear,4,0.5792546583850932,0.004798074295523432,0.18339231641983936,0.0009631637181283869,0.681228856213085,0.039351541839320874,0.0,0.0,0.007652686099993389,0.0005401872954977683,0.0015879453000252398,8.284655997919642e-05,0.5747126436781609,0.18248175182481752,0.7057021353183477,0.0
landsat,normalizer,uniform,pca,ksvc,poly,normalizer|uniform|pca|ksvc|poly,4,0.5792546583850932,0.004798074295523432,0.18339231641983936,0.0009631637181283869,0.5448232173953332,0.04775919033752901,0.0,0.0,0.17908620420004126,0.163149145343899,0.002651572800004942,0.0015078786244499289,0.5747126436781609,0.18248175182481752,0.5040798328047252,0.0
landsat,normalizer,uniform,pca,ksvc,rbf,normalizer|uniform|pca|ksvc|rbf,4,0.6527950310559006,0.023894488383042686,0.36753017546705724,0.02513630623055104,0.6781561219997804,0.03803090117945645,0.34743198708737877,0.05583534529732469,0.022007027900019693,0.0018053744344052288,0.0037744889999885346,0.0021808476802135197,0.5747126436781609,0.31838173577304013,0.6831300035944942,0.2284140027100634
landsat,normalizer,uniform,pca,ksvc,hyperbolic,normalizer|uniform|pca|ksvc|hyperbolic,4,0.5805590062111802,0.05092900713244641,0.32798887281604233,0.05469712518137615,0.6446847618628795,0.03596674689962603,0.2470943805462035,0.08460115386368265,0.01609106769999471,0.002298621044811952,0.003383418500004609,0.0022314526559481674,0.5517241379310345,0.38951361126975065,0.599914536641581,0.24283349656975228
landsat,normalizer,uniform,pca,ksvc,triangle,normalizer|uniform|pca|ksvc|triangle,4,0.6556521739130434,0.03396410058878972,0.4022244531303191,0.05933034000411397,0.7316893620020578,0.017101619387075544,0.36294515508628294,0.07486966531851322,0.018403472100010275,0.0030036319194363453,0.003669242899991332,0.002263646495344062,0.5632183908045977,0.313990638990639,0.7184158594954866,0.22155800971133402
landsat,normalizer,uniform,pca,ksvc,radial_basic,normalizer|uniform|pca|ksvc|radial_basic,4,0.7046583850931677,0.026721044779968013,0.5057478404596368,0.04296081220834087,0.705712925598103,0.02291971436024768,0.46741682906544046,0.05323278350332781,0.02140785549999009,0.007562697801979354,0.006042725900010737,0.002968017868474458,0.7816091954022989,0.6763379688158448,0.8178934968479445,0.6164518672247539
landsat,normalizer,uniform,pca,ksvc,rquadratic,normalizer|uniform|pca|ksvc|rquadratic,4,0.654223602484472,0.0328006843575008,0.3983092019446185,0.06065213099566007,0.6824839989853254,0.04381682930973674,0.3509888305155679,0.08529289552891024,0.010805699700006244,0.001647945264413482,0.0019086221999828012,0.000245907419263266,0.5862068965517241,0.3374338624338624,0.6959086728150573,0.27226973791946407
landsat,normalizer,uniform,pca,ksvc,canberra,normalizer|uniform|pca|ksvc|canberra,4,0.7248861283643893,0.028880944529088484,0.5332297865747903,0.03348797155932718,0.7639680734330447,0.025589632433233336,0.5223284542265392,0.054611570422649885,0.014222184500022194,0.0006336533846533736,0.003853170199977285,0.00013394192173063417,0.6896551724137931,0.5100529510811769,0.7718956338486468,0.46440986535706946
landsat,normalizer,uniform,pca,ksvc,truncated,normalizer|uniform|pca|ksvc|truncated,4,0.7162111801242236,0.04309348620744071,0.5213897029531196,0.052678562124376486,0.7140216737129668,0.030495417327481476,0.4949396754336419,0.07701034353947468,0.01295863399998325,0.0005884241601200619,0.0034120817999905738,0.00032277174834670043,0.8045977011494253,0.6979742605667436,0.7908033833177305,0.658525602201848
landsat,normalizer,uniform,pca,kann,linear,normalizer|uniform|pca|kann|linear,4,0.631159420289855,0.02839136875764275,0.3015061545078095,0.04549251147652333,0.6984949707682262,0.031227714421784073,0.2854056176810282,0.11245046125860292,0.12394590030000927,0.04025241798988696,0.0013886516000070515,0.0002721847083327938,0.5517241379310345,0.2700505383432213,0.6807021353183477,0.19416105539386774
landsat,normalizer,uniform,pca,kann,poly,normalizer|uniform|pca|kann|poly,4,0.6513043478260869,0.03514045766196612,0.38753856210481724,0.059104252342013094,0.7312287227394143,0.04937939377915955,0.3535660451200085,0.08313271949489211,0.10765375699996867,0.019016634563202788,0.0016371454000022822,0.00011565340303524426,0.5632183908045977,0.29464285714285715,0.7287325914764939,0.2027236783602947
landsat,normalizer,uniform,pca,kann,rbf,normalizer|uniform|pca|kann|rbf,4,0.6542028985507247,0.03160797538430429,0.3932224648838091,0.06217481145577882,0.7281949712181646,0.04373686469843358,0.3545156754339019,0.07771209614497636,0.12408884180000541,0.025096895082164148,0.0018457415000057154,0.00016999296926006356,0.5977011494252874,0.3489639302267522,0.7266564117407015,0.29995135954238156
landsat,normalizer,uniform,pca,kann,hyperbolic,normalizer|uniform|pca|kann|hyperbolic,4,0.6585507246376812,0.027332991489242245,0.37575307471482755,0.03484882505784492,0.7328942331465504,0.03982632037458435,0.3666130942478444,0.058918045275403265,0.14249902609999482,0.05080294014420816,0.0022328230999960398,0.0007287969177546989,0.5632183908045977,0.3131752305665349,0.7155043040068148,0.21270815691721026
landsat,normalizer,uniform,pca,kann,triangle,normalizer|uniform|pca|kann|triangle,4,0.708944099378882,0.03231093397852286,0.49518609792905177,0.04297521804563339,0.7831055946879926,0.043346034122074495,0.49604557209218514,0.05223910338471671,0.22180492930000356,0.02412163647374537,0.002216682400000991,0.0004476905539673194,0.7011494252873564,0.46494949494949495,0.7413211215417097,0.4988429017154055
landsat,normalizer,uniform,pca,kann,radial_basic,normalizer|uniform|pca|kann|radial_basic,4,0.6338716356107661,0.06034037084652206,0.41202475707911496,0.07533790839142712,0.6956521137963015,0.04089597294045254,0.3201618286786916,0.12119933652753316,0.10042596910000157,0.024590682643362415,0.002323233799995705,0.00010786895137214464,0.5977011494252874,0.3594757094757095,0.7259103328579655,0.27817359775455014
landsat,normalizer,uniform,pca,kann,rquadratic,normalizer|uniform|pca|kann|rquadratic,4,0.6527950310559005,0.029939125891050723,0.3961587566429069,0.055003846809577484,0.7390074618953948,0.041928533302710125,0.3558054572786007,0.06611840097008377,0.13484889039999642,0.022225692718562444,0.002141922299995258,0.0005487344037485893,0.5632183908045977,0.29680327480952157,0.7293241122348009,0.19472278686687733
landsat,normalizer,uniform,pca,kann,canberra,normalizer|uniform|pca|kann|canberra,4,0.7046997929606625,0.04023790570459616,0.5006620552841166,0.06862580224480642,0.835538945972624,0.027361256446144625,0.49576203304272337,0.0706972954475395,0.24052112960000613,0.031479728459115806,0.0024347973999852,0.0002550927325180295,0.6091954022988506,0.4098746081504703,0.7844225689616651,0.36372287745086573
landsat,normalizer,uniform,pca,kann,truncated,normalizer|uniform|pca|kann|truncated,4,0.6715320910973085,0.03580620158805159,0.4610321117537728,0.051084802897173404,0.7515224050080948,0.04103345151166511,0.41409836946001743,0.06924637729461623,0.14677866629999697,0.03335974340510168,0.0023627893000025325,0.00029245029365634217,0.632183908045977,0.3667528735632184,0.7710960412144057,0.32111675106747684
landsat,normalizer,uniform,pca,kridge,linear,normalizer|uniform|pca|kridge|linear,4,0.5792546583850932,0.004798074295523432,0.18339231641983936,0.0009631637181283869,0.7231312808254031,0.029947717244407722,0.0,0.0,0.008959058799996455,0.001383304643454793,0.0014436816000056752,0.0001594833955070202,0.5747126436781609,0.18248175182481752,0.6849704280012745,0.0
landsat,normalizer,uniform,pca,kridge,poly,normalizer|uniform|pca|kridge|poly,4,0.6267908902691511,0.027604071748704943,0.29420063279013153,0.031417096860313985,0.7326132495761651,0.028791643356167875,0.2709464084978272,0.08088105167392809,0.008693065700015268,0.0008527771993494307,0.001534460800007764,0.0003244398355428623,0.5862068965517241,0.2799847211611918,0.6599704280012745,0.2137441606434411
landsat,normalizer,uniform,pca,kridge,rbf,normalizer|uniform|pca|kridge|rbf,4,0.658592132505176,0.030730447130709226,0.38141089456569904,0.049449254018727816,0.739644944765033,0.04568533408289282,0.3646201269736683,0.06899964208054267,0.00950272180000411,0.001756766426069497,0.001756860399996185,0.00043300237568784605,0.5747126436781609,0.3260879471405787,0.7075049160146004,0.23791597933808947
landsat,normalizer,uniform,pca,kridge,hyperbolic,normalizer|uniform|pca|kridge|hyperbolic,4,0.4234989648033126,0.1349148366355687,0.25711663345295455,0.05445269132323572,0.6205713101824896,0.05418278294451776,0.15104375059012337,0.08949795039875645,0.008595296999988022,0.0005888390969635005,0.0014376168000239885,3.056317973285877e-05,0.5977011494252874,0.3734265734265734,0.7340326214716459,0.269471152055457
landsat,normalizer,uniform,pca,kridge,triangle,normalizer|uniform|pca|kridge|triangle,4,0.6975569358178054,0.028557722680533616,0.4706748285977138,0.025680686598246228,0.782531780744194,0.039297615688181936,0.4581929737799436,0.05981357178951346,0.010111348599991743,0.0013858312131427844,0.0020348037999951885,0.0002841482492355826,0.6551724137931034,0.4042531542531542,0.7398364246086628,0.39101336658945324
landsat,normalizer,uniform,pca,kridge,radial_basic,normalizer|uniform|pca|kridge|radial_basic,4,0.7147619047619047,0.025245794583384294,0.5227655265785813,0.036512240018471906,0.7386003865396885,0.03840999732626059,0.4884650358582775,0.049220526555143654,0.013997103100018648,0.0008246090703260635,0.0037407049999842457,0.00026676768366523174,0.7816091954022989,0.6763379688158448,0.8570612019069694,0.6164518672247539
landsat,normalizer,uniform,pca,kridge,rquadratic,normalizer|uniform|pca|kridge|rquadratic,4,0.6614285714285715,0.030004128278159937,0.40651544837799286,0.05627502457695126,0.7355718395338393,0.03580923138918742,0.3694988553713614,0.0716684484934824,0.00860557159999189,0.0004883792306043048,0.0015896951999934573,8.341292513332274e-05,0.5862068965517241,0.33704333050127444,0.7157501583362416,0.27640238295571035
landsat,normalizer,uniform,pca,kridge,canberra,normalizer|uniform|pca|kridge|canberra,4,0.743623188405797,0.03066265092030043,0.5378277379342531,0.033717273131278626,0.7992642750882866,0.0455215814323817,0.5529567800587494,0.054962469307823614,0.013954643399995349,0.000828705136892452,0.003345135699998991,6.127175050444919e-05,0.6896551724137931,0.5160656495607951,0.7876928065593776,0.46575851097538057
landsat,normalizer,uniform,pca,kridge,truncated,normalizer|uniform|pca|kridge|truncated,4,0.7147619047619048,0.027952619420863738,0.5184203905130722,0.03726274302120193,0.7526952768510629,0.03923385669350006,0.48913085594629563,0.05478108647823567,0.011286011700008203,0.0004399001187135481,0.002998529299986785,7.379034037994707e-05,0.7931034482758621,0.6866940832458073,0.8479915617092806,0.6375882555866098
landsat,normalizer,uniform,lda,ksvc,linear,normalizer|uniform|lda|ksvc|linear,4,0.806935817805383,0.02879331761926937,0.653950413851233,0.06159945939711423,0.8612734247709385,0.03511912002595201,0.6768163413102458,0.05064583552262818,0.009901892500010945,0.0008419842800038135,0.001406087199995909,3.596630437503805e-05,0.7931034482758621,0.658357771260997,0.8793119623517758,0.6596196217593144
landsat,normalizer,uniform,lda,ksvc,poly,normalizer|uniform|lda|ksvc|poly,4,0.7002277432712214,0.025962408214382303,0.3887191979744414,0.025505769232881236,0.7276588416036975,0.03522441431068789,0.4550708209881593,0.058468888321375506,0.009515928999996958,0.0003862596310761222,0.0015408896999929312,6.060120657352022e-05,0.7011494252873564,0.4010560146923783,0.6999162169445526,0.469149083427276
landsat,normalizer,uniform,lda,ksvc,rbf,normalizer|uniform|lda|ksvc|rbf,4,0.7983229813664596,0.026695936524548717,0.628261043163328,0.06015308470715405,0.8646259598660604,0.03591948215504253,0.6604936434143123,0.04792769681568107,0.007911224800000127,0.0001993436256998502,0.00155526920000284,4.545673761163688e-05,0.7931034482758621,0.6537145650048876,0.8851390840522835,0.6595134760031965
landsat,normalizer,uniform,lda,ksvc,hyperbolic,normalizer|uniform|lda|ksvc|hyperbolic,4,0.6858178053830228,0.04003596328816789,0.46817411947381454,0.05848314555261417,0.7336012397851451,0.05815544299877907,0.4721296714449852,0.07046817249341923,0.007922078399985821,0.0002888963998632493,0.0015340426000079788,3.499346834419052e-05,0.5977011494252874,0.3662298940194635,0.6665341307181336,0.35508953178236924
landsat,normalizer,uniform,lda,ksvc,triangle,normalizer|uniform|lda|ksvc|triangle,4,0.8055693581780539,0.036232271843861234,0.6523685789910699,0.06465625304688478,0.8780343638460067,0.03662154956128421,0.6747889967065386,0.06300704759789842,0.008456508000017493,0.00027048811021357654,0.0017856691999782015,6.860556152507378e-05,0.8045977011494253,0.6183823529411765,0.842625702921614,0.6676431489420701
landsat,normalizer,uniform,lda,ksvc,radial_basic,normalizer|uniform|lda|ksvc|radial_basic,4,0.7709730848861284,0.04858511355779725,0.6140586345725735,0.08142303605297492,0.856422466683075,0.04027641783839557,0.61977695239783,0.08136148927510685,0.011525310199999694,0.0001448745380726291,0.0029567669000016396,4.798441033158524e-05,0.7701149425287356,0.5865003315649867,0.8416348809354548,0.6197168245822843
landsat,normalizer,uniform,lda,ksvc,rquadratic,normalizer|uniform|lda|ksvc|rquadratic,4,0.7969358178053831,0.03145511375071777,0.6291837492666235,0.06824055228215811,0.876433567595997,0.03402552701136232,0.6582452061990676,0.05577999826835714,0.008255109300023378,0.00040453173893823034,0.0016682618000004369,0.00012821396968358878,0.8045977011494253,0.6484067761614871,0.8661851811331726,0.6722115815403261
landsat,normalizer,uniform,lda,ksvc,canberra,normalizer|uniform|lda|ksvc|canberra,4,0.7781987577639751,0.033326838609591646,0.602286632189344,0.05867323486590386,0.8626620884621605,0.044553068097783685,0.6288272564411376,0.05614773353963261,0.015009649700004957,0.0018323385455117462,0.004142005799997151,0.0004949192684447268,0.8160919540229885,0.6727941176470589,0.8805600850902142,0.6904004146006567
landsat,normalizer,uniform,lda,ksvc,truncated,normalizer|uniform|lda|ksvc|truncated,4,0.7840372670807454,0.03259296490146497,0.616272266514145,0.04761546694836758,0.8820812432575247,0.027197724710182832,0.6372381352939722,0.05609571306839055,0.014210409800011804,0.0017380961717613271,0.0037966573999710816,0.0006515327388678464,0.7816091954022989,0.615,0.8885786927017201,0.6375885771443733
landsat,normalizer,uniform,lda,kann,linear,normalizer|uniform|lda|kann|linear,4,0.7882608695652173,0.02054321099053689,0.6200048290422497,0.04662290506668475,0.9112228373603191,0.03200423227201031,0.6459922818709628,0.035610600489834936,0.13588510230000567,0.02064156522520282,0.001284077899993008,4.871118315783239e-05,0.7931034482758621,0.6349353685368537,0.9286663531229529,0.6519076319540645
landsat,normalizer,uniform,lda,kann,poly,normalizer|uniform|lda|kann|poly,4,0.7881987577639752,0.030960054536264388,0.6216295824295985,0.060241950320903306,0.9052808770178581,0.02677552567036722,0.646215071983221,0.05589871667224863,0.20084520319999227,0.020342222279793303,0.0017752993999920364,0.000289146854328927,0.8390804597701149,0.699375,0.9337962891155143,0.7320088300220751
landsat,normalizer,uniform,lda,kann,rbf,normalizer|uniform|lda|kann|rbf,4,0.8056107660455487,0.043502074826134975,0.6572907731082743,0.07181863886843388,0.910176263852783,0.032710713129439115,0.6755781039696306,0.07565419475630954,0.1865685693000046,0.03357452630224634,0.0016964899999834416,8.633518983932055e-05,0.8045977011494253,0.6194191919191919,0.9335188575540083,0.6733810611160806
landsat,normalizer,uniform,lda,kann,hyperbolic,normalizer|uniform|lda|kann|hyperbolic,4,0.7911180124223602,0.027656689469763088,0.6283682215245018,0.05850274241748721,0.8919838952366552,0.03921576006049031,0.6509184899950875,0.048487369586027514,0.22242735030002905,0.026017274170814553,0.0018991484000025593,0.0006085064003181718,0.8160919540229885,0.6289378937893789,0.9047040881832848,0.6899059698151666
landsat,normalizer,uniform,lda,kann,triangle,normalizer|uniform|lda|kann|triangle,4,0.7752173913043479,0.04732347934903723,0.6030194596036381,0.08316022853116048,0.9099283854213981,0.030625397954037906,0.6257627652810642,0.08059966979663404,0.20831212429999368,0.020582617493132265,0.0018065718999991987,0.0001867897082033587,0.8045977011494253,0.6106298129812981,0.9299887056558507,0.6713109723509183
landsat,normalizer,uniform,lda,kann,radial_basic,normalizer|uniform|lda|kann|radial_basic,4,0.7839130434782609,0.03272896200175977,0.6284232081294735,0.05747778070986757,0.887727484751523,0.03910046047729684,0.6420089311885203,0.056334845096766575,0.23902205529998355,0.05863023864074472,0.002293985700009671,0.00040588593672338824,0.7816091954022989,0.5966112740306289,0.8969499313312082,0.6391566024288939
landsat,normalizer,uniform,lda,kann,rquadratic,normalizer|uniform|lda|kann|rquadratic,4,0.7968944099378883,0.038261905245817476,0.6348075828713211,0.07174262698529478,0.9082897757842735,0.03400970101137022,0.6608206368641236,0.06485841181184183,0.219796664099988,0.03858298478258302,0.0019030101999987891,0.0002504844587785155,0.8160919540229885,0.625282986078494,0.939070854775661,0.691741431312575
landsat,normalizer,uniform,lda,kann,canberra,normalizer|uniform|lda|kann|canberra,4,0.7781573498964803,0.0499317619078089,0.6108164577629781,0.08063337685877978,0.8917815813868888,0.03822342940334988,0.631307432094584,0.08289345291570223,0.22711377900001253,0.0331469058756919,0.002302258499992149,0.00010116256731304717,0.8045977011494253,0.6259191176470589,0.9227500330315969,0.6685450647123398
landsat,normalizer,uniform,lda,kann,truncated,normalizer|uniform|lda|kann|truncated,4,0.77527950310559,0.03135523254800316,0.611149387296931,0.05436808705278942,0.8909148591385903,0.035065923049031916,0.6267164737815633,0.05331780725613107,0.24317720499997222,0.05351353278628198,0.0024378568000201994,0.000341167972723718,0.8045977011494253,0.6194191919191919,0.9333471591595695,0.6733810611160806
landsat,normalizer,uniform,lda,kridge,linear,normalizer|uniform|lda|kridge|linear,4,0.7608695652173914,0.01968749483910759,0.4498980987369209,0.025631571528686736,0.8643774881148524,0.033786133229732916,0.5952750050295046,0.04129637079216933,0.009569251799996436,0.0007966879080460759,0.0013778942999920218,0.00011503350599756599,0.735632183908046,0.41427467880956254,0.8959620991148968,0.5662691877562637
landsat,normalizer,uniform,lda,kridge,poly,normalizer|uniform|lda|kridge|poly,4,0.7910973084886128,0.01508690410123121,0.5639299039451886,0.02991255632144462,0.9006690908350657,0.02980224746405957,0.6434973359444103,0.02603277740208266,0.009908789199994317,0.0012387755473668458,0.0014730221999798231,7.658154511063975e-05,0.7701149425287356,0.6235294117647059,0.9171913964076805,0.6118753924269091
landsat,normalizer,uniform,lda,kridge,rbf,normalizer|uniform|lda|kridge|rbf,4,0.7969151138716356,0.027674937905664797,0.6181210006338036,0.060821790338600815,0.9113691896712923,0.023220950975502388,0.6573368238413733,0.049280985175987564,0.009717255299995032,0.0008213445118685743,0.0016372144999763805,0.00015865527575479354,0.7586206896551724,0.5850980392156863,0.9273270703579168,0.5995144277921386
landsat,normalizer,uniform,lda,kridge,hyperbolic,normalizer|uniform|lda|kridge|hyperbolic,4,0.7521946169772257,0.07439558789623621,0.6132862829013987,0.07611511044127704,0.8117703315651965,0.031083725772148355,0.6062948345151006,0.10332462968502591,0.009438208899996425,0.000647161928514291,0.00142171650002183,4.187467260765587e-05,0.7011494252873564,0.5391336040820577,0.7944006904014078,0.5132018846276792
landsat,normalizer,uniform,lda,kridge,triangle,normalizer|uniform|lda|kridge|triangle,4,0.7867701863354036,0.035574562569685,0.6265247524435505,0.056415630167102965,0.8673723166533737,0.05590438101760078,0.6439894611936416,0.0590364575911405,0.010635503699984384,0.0021241544683134133,0.001817000300025029,0.00033812026035627486,0.5862068965517241,0.45173616129498484,0.6825446321500841,0.39490147835684664
landsat,normalizer,uniform,lda,kridge,radial_basic,normalizer|uniform|lda|kridge|radial_basic,4,0.7940372670807453,0.031819131489706436,0.6372758792785612,0.06595968569414411,0.8465199005997652,0.036077914362501275,0.658222107166189,0.056629214872457756,0.01226562509999667,0.0013926950540776686,0.0029294622999941566,0.00034251281137021516,0.735632183908046,0.5329439845614747,0.8303596699794691,0.5723040128370933
landsat,normalizer,uniform,lda,kridge,rquadratic,normalizer|uniform|lda|kridge|rquadratic,4,0.7911180124223602,0.026996470624359854,0.6114962055918657,0.06410889566067643,0.9089717003713117,0.02724700591898011,0.6488058116536648,0.047446943156164934,0.009605975199997374,0.0006360005271442131,0.0016021225000372396,9.86683949436042e-05,0.7931034482758621,0.6042676767676768,0.922286239662495,0.6541289571669847
landsat,normalizer,uniform,lda,kridge,canberra,normalizer|uniform|lda|kridge|canberra,4,0.7882401656314699,0.01971742185785338,0.6018445761472208,0.030766358834682785,0.8781641521850254,0.02856453975284387,0.6433546216341218,0.033186301740882294,0.015980713200008267,0.0011257702175314997,0.003490855500001544,0.0002788306311621602,0.7701149425287356,0.5741830065359477,0.9131995566482654,0.6118661334714123
landsat,normalizer,uniform,lda,kridge,truncated,normalizer|uniform|lda|kridge|truncated,4,0.7767494824016563,0.03525537401532795,0.5870340741016531,0.06017942917727715,0.8880692928622217,0.031174063356060513,0.623796727902739,0.05804102372579046,0.01426252169998179,0.0016480377959429474,0.0034147507999932715,0.00034166982472393705,0.7816091954022989,0.5886426767676768,0.904847496092116,0.6348768532178887
landsat,normalizer,kmeans,pca,ksvc,linear,normalizer|kmeans|pca|ksvc|linear,4,0.582111801242236,0.0031005249700487296,0.18396561699313993,0.0006188749320330288,0.6620457004754539,0.05726815927031391,0.0,0.0,0.008839998799976457,0.0017099186805398323,0.001772226600007798,0.0002744647607061917,0.5862068965517241,0.18478260869565216,0.6982937664877491,0.0
landsat,normalizer,kmeans,pca,ksvc,poly,normalizer|kmeans|pca|ksvc|poly,4,0.582111801242236,0.0031005249700487296,0.18396561699313993,0.0006188749320330288,0.5572300002624471,0.05449359322734886,0.0,0.0,0.13363244590002524,0.09259974231420896,0.002141034599969771,0.0002078422626354763,0.5862068965517241,0.18478260869565216,0.4983728551374481,0.0
landsat,normalizer,kmeans,pca,ksvc,rbf,normalizer|kmeans|pca|ksvc|rbf,4,0.6512629399585922,0.038485835258521416,0.33305256627232216,0.04670165790567095,0.694195765736876,0.05315999925487741,0.33218811116594626,0.08976919270543351,0.014238789099999849,0.0031361100735291868,0.003182243200001267,0.0005957321287208343,0.6091954022988506,0.3299487818383167,0.7169848529630579,0.27415559377788734
landsat,normalizer,kmeans,pca,ksvc,hyperbolic,normalizer|kmeans|pca|ksvc|hyperbolic,4,0.6109109730848862,0.056114243054432966,0.33793342451890285,0.04713705844487409,0.671270032584795,0.04862097900941622,0.28851241812526274,0.08441799334858446,0.009494809900002111,0.0012204574562673127,0.0020999491000111446,0.0004995150374712519,0.5747126436781609,0.32623479663455257,0.661846889674414,0.20430116047173794
landsat,normalizer,kmeans,pca,ksvc,triangle,normalizer|kmeans|pca|ksvc|triangle,4,0.6470186335403727,0.03740325426616327,0.35009235698866686,0.05903545903775792,0.7236492752616686,0.039920187658256015,0.3375364447143866,0.09054544795851374,0.011121356499995728,0.0015556725366650307,0.002662643299981937,0.0005976377207628778,0.6091954022988506,0.44337825380799795,0.7239771920059567,0.2890951367435402
landsat,normalizer,kmeans,pca,ksvc,radial_basic,normalizer|kmeans|pca|ksvc|radial_basic,4,0.7032919254658385,0.03140293034150052,0.47834386957355185,0.06125003762497559,0.6890119402233144,0.05613194167119146,0.45875497785554664,0.0648377543681654,0.013776264699993135,0.0013569231818578767,0.003595694000000549,0.0002993721155561793,0.8045977011494253,0.7156200846944949,0.8576646339803775,0.6528325657810131
landsat,normalizer,kmeans,pca,ksvc,rquadratic,normalizer|kmeans|pca|ksvc|rquadratic,4,0.645527950310559,0.03971168851720486,0.34841741354319383,0.06077165499867268,0.6762004636654411,0.03978739377963095,0.32438727928061795,0.09383572005552021,0.009759379700017234,0.0006397700692966964,0.001861201600002005,0.00015132554009600482,0.632183908045977,0.375,0.7194753182026558,0.3376643020097016
landsat,normalizer,kmeans,pca,ksvc,canberra,normalizer|kmeans|pca|ksvc|canberra,4,0.7221739130434782,0.045594895698610166,0.4903678078728267,0.08398500168494683,0.770637443304971,0.03852643919490129,0.5112109599986955,0.08608529019338752,0.015608442200016271,0.0021080052907744323,0.004499381999983143,0.0005865945774355837,0.735632183908046,0.5758343508343509,0.7655826935350875,0.5260202480296817
landsat,normalizer,kmeans,pca,ksvc,truncated,normalizer|kmeans|pca|ksvc|truncated,4,0.7119254658385092,0.025692757799329665,0.48739519414267374,0.059844449397195285,0.6965570594627314,0.053294355098938075,0.4781120366022439,0.05328466268964164,0.01254808349999621,0.0004851991448043516,0.003314524999996138,0.00012758216570546923,0.8390804597701149,0.7506418918918919,0.8424546840103226,0.7155048323076348
landsat,normalizer,kmeans,pca,kann,linear,normalizer|kmeans|pca|kann|linear,4,0.6425879917184265,0.04446287805340107,0.3069285304260812,0.05615652792588665,0.6899593869513885,0.046869033907395025,0.29895596901142707,0.13880285379615268,0.12378910290001385,0.04044411772410737,0.0013475569000092947,0.00014169308149783853,0.5862068965517241,0.28918918918918923,0.6915166580540142,0.23512852695435665
landsat,normalizer,kmeans,pca,kann,poly,normalizer|kmeans|pca|kann|poly,4,0.6498136645962733,0.049322817396192174,0.3507756087544392,0.05621174783167454,0.7317711341686406,0.048482217464802385,0.34032612005573737,0.10614297855897131,0.10015032530000098,0.01807798953724477,0.0016723899999988134,0.0001262927718738362,0.6206896551724138,0.36001984126984127,0.727814070833813,0.29464783951492746
landsat,normalizer,kmeans,pca,kann,rbf,normalizer|kmeans|pca|kann|rbf,4,0.6498136645962733,0.0463399488714276,0.3476210275749749,0.06258882534085176,0.7226275819376624,0.04357094232999002,0.3339209167730405,0.10578016071975414,0.10761027929999045,0.013121230081718152,0.001707576599994809,0.00011712093298017667,0.6206896551724138,0.34707231516459797,0.730379806890453,0.31141096752646064
landsat,normalizer,kmeans,pca,kann,hyperbolic,normalizer|kmeans|pca|kann|hyperbolic,4,0.644120082815735,0.03816324657324871,0.3252870157283571,0.042928746426998274,0.7257098538787593,0.049814546169411784,0.32489450927288,0.0933139738907842,0.12394529710001052,0.02809858870565949,0.001846143000000211,0.00044496852951107633,0.632183908045977,0.375,0.7350194928223999,0.3376643020097016
landsat,normalizer,kmeans,pca,kann,triangle,normalizer|kmeans|pca|kann|triangle,4,0.7075776397515529,0.056642841586095116,0.4762367183917626,0.07769485797475437,0.7800116251998673,0.04015809864307363,0.4939746524906414,0.09856321731278095,0.20547776820002356,0.00816910629864913,0.0018385972999908518,0.00013989809466839894,0.7241379310344828,0.476256597785214,0.7675571221142816,0.5289691646306022
landsat,normalizer,kmeans,pca,kann,radial_basic,normalizer|kmeans|pca|kann|radial_basic,4,0.6339751552795031,0.04049705082994869,0.3730138531414402,0.07613032284395875,0.7062877627637798,0.05380307521703027,0.30318159328557187,0.11169543625714251,0.09860798169999044,0.019437697149923553,0.0022521434999930533,8.242499137104446e-05,0.6206896551724138,0.3429335370511841,0.736950812075418,0.2762699293139309
landsat,normalizer,kmeans,pca,kann,rquadratic,normalizer|kmeans|pca|kann|rquadratic,4,0.6440993788819875,0.041254142994378754,0.34808715397750595,0.058370544324721635,0.7240915372131307,0.05014473752063843,0.3298047489124657,0.09794673528346824,0.11697183760001054,0.030917297663123223,0.0016823818999682771,7.623310848683318e-05,0.6206896551724138,0.34613277268093784,0.7495689768101949,0.3125364940676654
landsat,normalizer,kmeans,pca,kann,canberra,normalizer|kmeans|pca|kann|canberra,4,0.7234368530020705,0.03631385777601114,0.5326702164780629,0.061531062756181275,0.837537183181092,0.0407553643311019,0.5307921222251453,0.06236171580663371,0.23242909580001198,0.02321872859230137,0.0027079790999778195,0.0004374236862075121,0.632183908045977,0.4453388047138047,0.8027886503206345,0.40403883957607656
landsat,normalizer,kmeans,pca,kann,truncated,normalizer|kmeans|pca|kann|truncated,4,0.6671428571428571,0.03139513365469893,0.4311828728195833,0.044468939387990174,0.7565760220076952,0.05358194400236516,0.3861460107836283,0.05950803905957453,0.16125101679999715,0.03523759894510908,0.0025335171999813612,0.0004973505928075952,0.6781609195402298,0.3609530583214794,0.8102640025922179,0.41277772214374975
landsat,normalizer,kmeans,pca,kridge,linear,normalizer|kmeans|pca|kridge|linear,4,0.582111801242236,0.0031005249700487296,0.18396561699313993,0.0006188749320330288,0.699292084244015,0.06971170405813185,0.0,0.0,0.009370184599981712,0.0016304255652614934,0.0018667025000240756,0.0013169353418658186,0.5862068965517241,0.18478260869565216,0.6967877423913635,0.0
landsat,normalizer,kmeans,pca,kridge,poly,normalizer|kmeans|pca|kridge|poly,4,0.6440372670807454,0.02947127377662484,0.30996344328550096,0.029046110871784683,0.7249032851095044,0.04849274676326767,0.31051038976033773,0.0737152257727164,0.009067340799992963,0.0014151487127884719,0.0016032334999863452,0.0003902520077566402,0.5977011494252874,0.28278322925958965,0.6862455737166647,0.2167471166997649
landsat,normalizer,kmeans,pca,kridge,rbf,normalizer|kmeans|pca|kridge|rbf,4,0.6512629399585922,0.03981335296538125,0.3309882843230768,0.0389042893925385,0.7325810206392971,0.04874163228311596,0.3363943871093572,0.09392109634064529,0.00867712469998878,0.0006459054080648293,0.0015712644000132059,7.269300117188146e-05,0.5862068965517241,0.2897727272727273,0.7156198955723104,0.2288341425670635
landsat,normalizer,kmeans,pca,kridge,hyperbolic,normalizer|kmeans|pca|kridge|hyperbolic,4,0.46563146997929616,0.2030617691606315,0.25716345504612603,0.09230343431263248,0.5862178551390106,0.10524337187872004,0.18533930560349116,0.14731700913333262,0.008935330799977237,0.0007825265092373965,0.001578874600022573,0.00015467360298561088,0.632183908045977,0.39746010411332994,0.7435536452813387,0.31895337869066254
landsat,normalizer,kmeans,pca,kridge,triangle,normalizer|kmeans|pca|kridge|triangle,4,0.6917391304347825,0.05074256383853403,0.4298252559948176,0.09005164409448882,0.7714965169386149,0.0413774018373739,0.4378058458415584,0.10527730111981172,0.009551053199982108,0.0011438419968304253,0.0018826704000048267,0.00035061080778967,0.6781609195402298,0.4056577480490524,0.7592980706063577,0.41971625686157205
landsat,normalizer,kmeans,pca,kridge,radial_basic,normalizer|kmeans|pca|kridge|radial_basic,4,0.7104968944099379,0.028514202065671287,0.49305652457550664,0.06242780669666878,0.7222624846782122,0.046158708964075396,0.4737768062712016,0.06066824162731927,0.01300768420002214,0.0023812179620753536,0.003372997599990413,0.0004105831637740065,0.8045977011494253,0.7156200846944949,0.8987760738043232,0.6528325657810131
landsat,normalizer,kmeans,pca,kridge,rquadratic,normalizer|kmeans|pca|kridge|rquadratic,4,0.6498550724637682,0.04019784838437003,0.35203939754871255,0.058083882531352986,0.7324618745113516,0.046459038360831234,0.3355590637493875,0.09583928783352762,0.008759541400013404,0.0007844039914664787,0.0015597064999724353,2.826706400236108e-05,0.632183908045977,0.37549019607843137,0.7243721508925478,0.33882161006898553
landsat,normalizer,kmeans,pca,kridge,canberra,normalizer|kmeans|pca|kridge|canberra,4,0.7393374741200829,0.05023434071147943,0.5163558388997185,0.09521798850134192,0.8121143269869131,0.038483288217151815,0.5386355653938547,0.09505557752709051,0.014290207300018665,0.000818648578933368,0.003418695899983959,7.789754089630953e-05,0.735632183908046,0.5812889812889812,0.8202436815081698,0.5382961949158752
landsat,normalizer,kmeans,pca,kridge,truncated,normalizer|kmeans|pca|kridge|truncated,4,0.7133954451345755,0.03216885434880598,0.4887336347271912,0.07017147686068416,0.7426909936401604,0.049561296071710684,0.4793089144177742,0.06817161780384157,0.011416930399991542,0.00048231272214100887,0.003042572200001814,9.51781835502801e-05,0.8390804597701149,0.7544642857142857,0.8814341711323606,0.7161873711023234
landsat,normalizer,kmeans,lda,ksvc,linear,normalizer|kmeans|lda|ksvc|linear,4,0.8112422360248447,0.03664694397966782,0.6255174251950978,0.06423383343709416,0.8440442427239054,0.039510437516372544,0.6815817655957016,0.060819409719447354,0.009408129199994165,0.0006167763335259882,0.0013977386999840745,6.323550362250928e-05,0.7931034482758621,0.584017094017094,0.8055743176698655,0.6536793342423806
landsat,normalizer,kmeans,lda,ksvc,poly,normalizer|kmeans|lda|ksvc|poly,4,0.7118219461697722,0.028755446054745087,0.38559442126938215,0.023695318430760722,0.7107794658802752,0.04990191007081025,0.47427866897896775,0.06381418780264532,0.009375200899989977,0.0002599053273544713,0.0015840510999964863,0.0001312460086178233,0.7241379310344828,0.38548698167791706,0.6580551398362477,0.4953914449032476
landsat,normalizer,kmeans,lda,ksvc,rbf,normalizer|kmeans|lda|ksvc|rbf,4,0.8184886128364388,0.032948113217803235,0.6369021694589041,0.06318984794042327,0.8707819815250115,0.04862242322985286,0.6949964322458609,0.05477130349661983,0.009050747500009493,0.0007469982920020439,0.0017792860999975347,0.00029949844854228354,0.8045977011494253,0.6040350877192983,0.8676416701228611,0.6727462991434295
landsat,normalizer,kmeans,lda,ksvc,hyperbolic,normalizer|kmeans|lda|ksvc|hyperbolic,4,0.7018426501035198,0.06325957750895644,0.4650465248100149,0.08232458360300898,0.755326150553943,0.04465344728602532,0.5047621993280089,0.09693891577950339,0.008642215700012912,0.0008353184593210051,0.001840397099999791,0.0007559037116119199,0.5862068965517241,0.31529209621993126,0.5776349988039527,0.3443801657412295
landsat,normalizer,kmeans,lda,ksvc,triangle,normalizer|kmeans|lda|ksvc|triangle,4,0.8040786749482403,0.034912593830839014,0.6324223762002791,0.0732905133084837,0.8778256155091958,0.057359915510777806,0.6730991800982478,0.058389001570805184,0.01007292210003925,0.0014531405369390025,0.0020628832999818767,0.00031136391690588736,0.7816091954022989,0.5160704980272464,0.803945132205965,0.6290508323383055
landsat,normalizer,kmeans,lda,ksvc,radial_basic,normalizer|kmeans|lda|ksvc|radial_basic,4,0.7810973084886128,0.04135274108280306,0.6156350124437276,0.05915084756003406,0.8623149973587424,0.060355044335511254,0.6404380150535561,0.06475112595291369,0.012120759399988402,0.0005669666504438855,0.003669564599988462,0.001862961084803309,0.7931034482758621,0.6125272372797126,0.8828670234994038,0.662030618820707
landsat,normalizer,kmeans,lda,ksvc,rquadratic,normalizer|kmeans|lda|ksvc|rquadratic,4,0.8041407867494824,0.029555343838953644,0.621968490540328,0.06362797933788437,0.877087670575723,0.04848761520887483,0.672164874091641,0.051576103343139335,0.009190666700010296,0.000658067093107587,0.0017466426999931174,0.00012236486227948487,0.7931034482758621,0.6203643724696356,0.8779987585304674,0.6546433682265078
landsat,normalizer,kmeans,lda,ksvc,canberra,normalizer|kmeans|lda|ksvc|canberra,4,0.7896066252587991,0.026542123656799525,0.6106041738326738,0.05298671268008811,0.8696483149132319,0.05762937326452194,0.6484397634928775,0.04486009585068303,0.014341068500039,0.0005420188553473706,0.0037786085999755416,0.00019215307521204972,0.7816091954022989,0.5755772005772006,0.8412975392331523,0.6400574124458549
landsat,normalizer,kmeans,lda,ksvc,truncated,normalizer|kmeans|lda|ksvc|truncated,4,0.8055072463768116,0.035623763817929935,0.6391340848800671,0.0689238794942895,0.8790692872619512,0.05819052094550387,0.675324558672558,0.06233077799341171,0.012380262299996048,0.0008796721153137206,0.00339023010000119,0.00015961194074114263,0.7701149425287356,0.5240038314176245,0.8710499640415306,0.6152109977698963
landsat,normalizer,kmeans,lda,kann,linear,normalizer|kmeans|lda|kann|linear,4,0.7983229813664596,0.035489982194816604,0.6294591893027003,0.06882172100751498,0.919919059184037,0.04068629837724615,0.6655810514373279,0.0590273372275122,0.1546144750000053,0.026280259708332622,0.0016490180000118925,0.000775479514585887,0.8045977011494253,0.5299983241159711,0.9329501126713449,0.6649476702851943
landsat,normalizer,kmeans,lda,kann,poly,normalizer|kmeans|lda|kann|poly,4,0.7983229813664596,0.044148379049517315,0.6276107183137507,0.10627547871489705,0.9100728267506712,0.05198643693263243,0.6652757094750094,0.07736089609962106,0.1948498787999938,0.030823797577558747,0.0016014636999670984,0.00010703761337369423,0.7816091954022989,0.5723586744639376,0.9238880280703039,0.6341005889912483
landsat,normalizer,kmeans,lda,kann,rbf,normalizer|kmeans|lda|kann|rbf,4,0.7998757763975156,0.0375595202331706,0.6296556753465422,0.07885973160044356,0.9131568811890055,0.04572217735172191,0.6660844216627446,0.0668944385628872,0.21519549249999273,0.025437520925804053,0.0017726512999956868,0.00019718171968171672,0.7586206896551724,0.49725952813067154,0.9411604754785452,0.5936141446826368
landsat,normalizer,kmeans,lda,kann,hyperbolic,normalizer|kmeans|lda|kann|hyperbolic,4,0.7780952380952381,0.03976195132761123,0.6106599371600185,0.08176316770018247,0.9007572413361498,0.049348691757336485,0.6348790363152579,0.06445117022224185,0.19487056569997777,0.021546327800916573,0.0017138865000106307,0.0001960969824140712,0.7931034482758621,0.6101927500442352,0.9251589518317713,0.6529968111257197
landsat,normalizer,kmeans,lda,kann,triangle,normalizer|kmeans|lda|kann|triangle,4,0.8012836438923395,0.04097470701670103,0.6365591939482069,0.067293261187625,0.9189190023932745,0.03492774422349634,0.6705471159731433,0.0658337255805798,0.2171966774999987,0.019314780340510533,0.0019078630000080921,0.00032961500745235574,0.8045977011494253,0.6416233766233767,0.9349109175599823,0.6754379202265733
landsat,normalizer,kmeans,lda,kann,radial_basic,normalizer|kmeans|lda|kann|radial_basic,4,0.7955693581780539,0.05883101293472883,0.6377214111496723,0.10368137146187593,0.8907272755459463,0.057479312274182716,0.661208371455817,0.09864848728190993,0.18523267929999748,0.02247159646040058,0.002075208600024325,9.51276934102331e-05,0.8045977011494253,0.6228671328671329,0.8989903596983952,0.6801474287336493
landsat,normalizer,kmeans,lda,kann,rquadratic,normalizer|kmeans|lda|kann|rquadratic,4,0.8012422360248447,0.043868786298265704,0.6297958443043794,0.0925355773388786,0.9129971165686397,0.04542078960832231,0.6710195443619662,0.0737869389408943,0.19854270130000487,0.010531443900006996,0.0017867302000013296,0.00029434911441145173,0.7586206896551724,0.5397497497497498,0.926842623124422,0.5967405998264016
landsat,normalizer,kmeans,lda,kann,canberra,normalizer|kmeans|lda|kann|canberra,4,0.7910973084886128,0.05846457545478228,0.6298153408663248,0.10364769454937996,0.8990659669810761,0.05067847079927641,0.6539995043573478,0.0961059068777122,0.22164847580000924,0.022358293155445547,0.0024608579999835455,0.000330980865268056,0.7241379310344828,0.4736099736099736,0.9073472525901782,0.544409564184435
landsat,normalizer,kmeans,lda,kann,truncated,normalizer|kmeans|lda|kann|truncated,4,0.7896687370600415,0.03015461593855827,0.6255194509477446,0.05467406155869806,0.9042627450068383,0.03989618681661178,0.6517237614560598,0.04939009074080987,0.22186982030000307,0.03602553492003149,0.002402099300024929,0.00042664888071604725,0.735632183908046,0.49608058608058603,0.9052457804897847,0.565153357297491
landsat,normalizer,kmeans,lda,kridge,linear,normalizer|kmeans|lda|kridge|linear,4,0.7737267080745343,0.017364568602389014,0.4303537183448424,0.02780499120600684,0.8627028304712262,0.0399394843375872,0.6116220204498057,0.030664744775737728,0.009905800599995018,0.0011930089557417574,0.00139657489999081,8.347550847683568e-05,0.7701149425287356,0.41306990881458966,0.87434497520258,0.6087732551730483
landsat,normalizer,kmeans,lda,kridge,poly,normalizer|kmeans|lda|kridge|poly,4,0.7981987577639751,0.03772247511867808,0.5457445467062764,0.0713334675755346,0.9001799119654397,0.04006609481578812,0.6513676396430897,0.06734040044322111,0.00971416530002216,0.0006183778411869383,0.0015127094999911606,0.00016482833027002728,0.7586206896551724,0.450493612078978,0.9031508715629883,0.5763571856188181
landsat,normalizer,kmeans,lda,kridge,rbf,normalizer|kmeans|lda|kridge|rbf,4,0.8098550724637681,0.0326704313341615,0.6202770459393757,0.05414313087556141,0.9119274556995286,0.04547721432303626,0.679128505954678,0.055899803423172495,0.009810764899987135,0.0010539038696648216,0.001601153499996144,0.0001328739256680664,0.7816091954022989,0.5326374650512582,0.9334888547382201,0.6333220659491836
landsat,normalizer,kmeans,lda,kridge,hyperbolic,normalizer|kmeans|lda|kridge|hyperbolic,4,0.6971221532091098,0.1350062810737687,0.5506612467655062,0.1250162363228761,0.7671886083991745,0.09517361645067901,0.5415646063028174,0.14565020239878765,0.00945058300000028,0.0005219048843420745,0.0014097428000127365,4.669293050958415e-05,0.6781609195402298,0.46249218994064356,0.8060909922362934,0.48213223203772126
landsat,normalizer,kmeans,lda,kridge,triangle,normalizer|kmeans|lda|kridge|triangle,4,0.7969151138716356,0.0397605917662103,0.6194509676418466,0.07829611416868573,0.9033969169637672,0.04830318754326637,0.6603739010123453,0.06407548615833955,0.009656938499995249,0.0005103745876834737,0.0016621045999841045,5.9966757195745735e-05,0.7471264367816092,0.5922619047619048,0.7915172227334516,0.5993757022533337
landsat,normalizer,kmeans,lda,kridge,radial_basic,normalizer|kmeans|lda|kridge|radial_basic,4,0.8027743271221531,0.05026497455390116,0.6351328001620671,0.0925285974965253,0.8635264513705044,0.059513001245260704,0.6729472591007962,0.08663358532571816,0.011880662299995492,0.0005978721052122018,0.002828330599959372,0.00014590646629128738,0.8160919540229885,0.6194222931065037,0.8081891059080357,0.6959953814845764
landsat,normalizer,kmeans,lda,kridge,rquadratic,normalizer|kmeans|lda|kridge|rquadratic,4,0.8099378881987578,0.03344993729386735,0.640605371005749,0.0720630240013801,0.9036132129591475,0.056712799641826656,0.6823314024822638,0.05962350064815388,0.01151856710002903,0.0019442005185479926,0.0019208215999924505,0.00021293890540082766,0.7701149425287356,0.5134962406015038,0.9243925988933732,0.6137655782342164
landsat,normalizer,kmeans,lda,kridge,canberra,normalizer|kmeans|lda|kridge|canberra,4,0.8083643892339545,0.017832165646682625,0.6363166797606437,0.03583679577460977,0.8856440672044534,0.044317913181290476,0.6755932919476039,0.030369202668323828,0.015885609899976318,0.0017529919642422888,0.003520296399995004,0.0004492351277910342,0.8275862068965517,0.6773015873015873,0.9040221911699062,0.7124365627237575
landsat,normalizer,kmeans,lda,kridge,truncated,normalizer|kmeans|lda|kridge|truncated,4,0.8155486542443064,0.023420868455031787,0.6365111009984117,0.054009711414370554,0.8844629048005993,0.04426578493826573,0.6884426483968117,0.04017414096034625,0.01353098490000093,0.0009730508138756924,0.0032930031999967467,0.0002895619229675679,0.8045977011494253,0.6126237623762376,0.8928634667810849,0.6699772883335393
landsat,normalizer,dbscan,pca,ksvc,linear,normalizer|dbscan|pca|ksvc|linear,4,0.6109316770186336,0.0028866956617695032,0.18961970820377902,0.000555797657910645,0.6010269713444284,0.06532683872423457,0.0,0.0,0.007672733799995513,0.0012753946348303842,0.001651872699994783,0.00019617520890640353,0.5977011494252874,0.18705035971223022,0.5400115701671789,0.0
landsat,normalizer,dbscan,pca,ksvc,poly,normalizer|dbscan|pca|ksvc|poly,4,0.6109316770186336,0.0028866956617695032,0.18961970820377902,0.000555797657910645,0.5225042946554577,0.0373621865701274,0.0,0.0,0.07587076119999665,0.02488292719358407,0.00239062200000717,0.0010170226104627604,0.5977011494252874,0.18705035971223022,0.6343731742778426,0.0
landsat,normalizer,dbscan,pca,ksvc,rbf,normalizer|dbscan|pca|ksvc|rbf,4,0.7404761904761904,0.046549459482407705,0.3599668953408233,0.02922129025308839,0.6475957908676261,0.05488677549680556,0.45547619262302347,0.10199324394347381,0.01345721030002096,0.0017220528847962748,0.0027670429999943737,0.0004486591910513908,0.7126436781609196,0.35493468795355587,0.6057620538661066,0.41379313749845953
landsat,normalizer,dbscan,pca,ksvc,hyperbolic,normalizer|dbscan|pca|ksvc|hyperbolic,4,0.698737060041408,0.0395549844798477,0.3656154182899432,0.05188523967192503,0.5844844356427414,0.06081377090468097,0.38052574391216754,0.08585761225801167,0.007808750600008807,0.0006756524277566673,0.0016677867999987939,0.00011304041939814312,0.6896551724137931,0.34481459149834187,0.6935002711037253,0.37412538807481555
landsat,normalizer,dbscan,pca,ksvc,triangle,normalizer|dbscan|pca|ksvc|triangle,4,0.7563146997929607,0.041600311948210685,0.37380509539561,0.02553166244216721,0.7014190204193514,0.038268970139925744,0.4947890338744946,0.08872496198733108,0.009034500099983234,0.0013048286952989702,0.0023007089999850907,0.0006790509176488746,0.7471264367816092,0.3748934356351236,0.6969719725384055,0.49663077270503375
landsat,normalizer,dbscan,pca,ksvc,radial_basic,normalizer|dbscan|pca|ksvc|radial_basic,4,0.7866252587991718,0.047054312231978784,0.41368855829446305,0.07460140387150588,0.6916106778819889,0.06705525272749412,0.5713591217462696,0.10059203085970359,0.013802663200021926,0.0017350388265401687,0.003358848899983968,0.00012721163995105754,0.8505747126436781,0.42709627329192545,0.6402578739659792,0.7029006637254609
landsat,normalizer,dbscan,pca,ksvc,rquadratic,normalizer|dbscan|pca|ksvc|rquadratic,4,0.7332298136645962,0.04440844981830165,0.35728821538690625,0.02786675047644899,0.6421929728672904,0.03807576757485046,0.44094944658471913,0.0960978498594809,0.00955270090000795,0.0005951710972436095,0.0018238069999938489,0.00011383144422879027,0.7126436781609196,0.35493468795355587,0.571173495622025,0.41379313749845953
landsat,normalizer,dbscan,pca,ksvc,canberra,normalizer|dbscan|pca|ksvc|canberra,4,0.82120082815735,0.028959566426136014,0.4165756944030131,0.016190820969801206,0.6713837856557945,0.07340177414853441,0.6394408864455073,0.057599069794927876,0.017936604900035034,0.0028959232405448947,0.004961374200013325,0.0009458268878785371,0.8620689655172413,0.4349167623421355,0.7293112752500577,0.7228273771030592
landsat,normalizer,dbscan,pca,ksvc,truncated,normalizer|dbscan|pca|ksvc|truncated,4,0.8097308488612835,0.04685761644066588,0.4534994412694001,0.07599185576309112,0.6928446431658106,0.06772464726911208,0.6180523285681818,0.09572452407596195,0.012872745900006066,0.0006081440467541066,0.0033477678999929593,0.00014098771019910322,0.8735632183908046,0.44251257768570584,0.637009412441184,0.7421247439701458
landsat,normalizer,dbscan,pca,kann,linear,normalizer|dbscan|pca|kann|linear,4,0.7145548654244307,0.04293126507689173,0.34572297164138044,0.025243427111475456,0.7024973932988274,0.07143447982029529,0.4027320634048287,0.0926121274176432,0.1327442229999974,0.023216638358752314,0.0015098390000048312,0.00035877908152884394,0.7011494252873564,0.3495670995670995,0.6711333211931707,0.3934709154354555
landsat,normalizer,dbscan,pca,kann,poly,normalizer|dbscan|pca|kann|poly,4,0.7303933747412008,0.035274788514577764,0.3605113814577889,0.01984287961056435,0.6846960276094454,0.03707188481026076,0.44351474053494594,0.0706227933293513,0.09341157300002578,0.036139453109938574,0.002158121099989785,0.0015170844766544624,0.7126436781609196,0.3543290043290043,0.6591778817967259,0.41686939092614905
landsat,normalizer,dbscan,pca,kann,rbf,normalizer|dbscan|pca|kann|rbf,4,0.7375362318840579,0.04872120946552003,0.359797520058421,0.029876912778448256,0.6623058184441202,0.07727781880863765,0.45078364190485304,0.1050050269239754,0.13073955300000079,0.014772174456194408,0.0018754570999817588,0.0002845509595004014,0.7011494252873564,0.34783878504672894,0.5665561225709994,0.38725253474437055
landsat,normalizer,dbscan,pca,kann,hyperbolic,normalizer|dbscan|pca|kann|hyperbolic,4,0.7218012422360248,0.036784189652146936,0.3502895506007697,0.02448334628354883,0.6651075283636615,0.034626034083442246,0.41836403562461577,0.08114486380043309,0.11483601790002922,0.0451156557622559,0.0016439891999766587,5.351011786032591e-05,0.7816091954022989,0.39537475619949847,0.5818851036104798,0.5861502993216888
landsat,normalizer,dbscan,pca,kann,triangle,normalizer|dbscan|pca|kann|triangle,4,0.8154658385093168,0.03358054236407461,0.42930463565232496,0.05872279983584884,0.7175318270415271,0.04874886604242168,0.6274361920982664,0.06973233657100521,0.1989441491000207,0.011592450252206715,0.0018981065999810198,0.00012303822443560978,0.8735632183908046,0.44288150042625746,0.6322274510715004,0.7506530332495112
landsat,normalizer,dbscan,pca,kann,radial_basic,normalizer|dbscan|pca|kann|radial_basic,4,0.694472049689441,0.038109994291550944,0.3380510152335022,0.0669746722033738,0.6296351819685949,0.07536950474228238,0.35687232718485823,0.09443753007372598,0.09605882379999002,0.029209747274334723,0.0023358672999961526,0.00021566961632464126,0.735632183908046,0.3410880458124552,0.558203659370725,0.4886405136869711
landsat,normalizer,dbscan,pca,kann,rquadratic,normalizer|dbscan|pca|kann|rquadratic,4,0.7346997929606625,0.047242810092214836,0.35810088393718864,0.029267197765593913,0.6766980165030564,0.06007922251765986,0.4459253935040324,0.10395572317001738,0.130586346899986,0.02427582222384025,0.0018498768999961612,0.00025899975864488014,0.7126436781609196,0.3543290043290043,0.6169819898808442,0.41686939092614905
landsat,normalizer,dbscan,pca,kann,canberra,normalizer|dbscan|pca|kann|canberra,4,0.8240993788819877,0.02841651256857898,0.4784624373968988,0.06358754688853038,0.7758528590562511,0.07056488363546189,0.6540636813165639,0.05586713856165157,0.2224263253999766,0.01997442338482628,0.0024897708000025886,0.00020552799224687185,0.7816091954022989,0.406971192105682,0.8357370207596782,0.5869094563962343
landsat,normalizer,dbscan,pca,kann,truncated,normalizer|dbscan|pca|kann|truncated,4,0.7478053830227743,0.04621771096640636,0.3668410589563934,0.03347680948560089,0.6807720948785392,0.04686252088391643,0.4806901147095493,0.1007214413747701,0.1749594500000171,0.030552051137451696,0.0024467719999961444,0.00031120592776862516,0.7471264367816092,0.3579792572766812,0.6144617331198213,0.4868384767982246
landsat,normalizer,dbscan,pca,kridge,linear,normalizer|dbscan|pca|kridge|linear,4,0.6109316770186336,0.0028866956617695032,0.18961970820377902,0.000555797657910645,0.7321946623014082,0.054951731753364264,0.0,0.0,0.008626163199994607,0.0007025096572744204,0.0014710770999954547,9.996594208723904e-05,0.5977011494252874,0.18705035971223022,0.7551278492369463,0.0
landsat,normalizer,dbscan,pca,kridge,poly,normalizer|dbscan|pca|kridge|poly,4,0.723167701863354,0.05038405777131968,0.3554791386580697,0.029954127894628375,0.7093978010195819,0.040713403503106774,0.4262070433180307,0.1050901224346691,0.009463272899972707,0.000714733399557995,0.0015946115000133431,0.00023522180763566375,0.7126436781609196,0.35593946316390634,0.7551278492369463,0.4236492957587538
landsat,normalizer,dbscan,pca,kridge,rbf,normalizer|dbscan|pca|kridge|rbf,4,0.7375776397515528,0.04063779568886547,0.3632678899643039,0.02463110918769012,0.6989911265590215,0.048806715327106724,0.4545031130918473,0.08500796898566247,0.008761534000007032,0.0008117789934566445,0.0015992286999903626,8.930206868693362e-05,0.7241379310344828,0.36129448909299655,0.524721890199404,0.4434376023175747
landsat,normalizer,dbscan,pca,kridge,hyperbolic,normalizer|dbscan|pca|kridge|hyperbolic,4,0.642463768115942,0.0924942276646246,0.3378776191132438,0.05118741837798042,0.6255425378210233,0.07859320622608335,0.3132752501401126,0.13734489024840896,0.00922971070000358,0.0013991329943823549,0.00157646139997496,0.0001158587932824198,0.7011494252873564,0.34783878504672894,0.6167728176406357,0.38725253474437055
landsat,normalizer,dbscan,pca,kridge,triangle,normalizer|dbscan|pca|kridge|triangle,4,0.8169151138716357,0.0317085099469078,0.4118015046496032,0.018498666737826967,0.6965410673972441,0.03751017801642293,0.6281547164618257,0.06240064909195309,0.00980139269998972,0.0018431991852591893,0.0018016476999946462,0.00019009343848002042,0.8160919540229885,0.4121830985915493,0.6785329261197078,0.6419997953787706
landsat,normalizer,dbscan,pca,kridge,radial_basic,normalizer|dbscan|pca|kridge|radial_basic,4,0.7895031055900621,0.0505882637895244,0.4373368274994741,0.09086060403896792,0.6657055310462461,0.07695282738160833,0.5780587485632163,0.10830157127150938,0.012671164899995802,0.0019065462454023986,0.0034686502999875302,0.0004661082874309958,0.8390804597701149,0.41982758620689653,0.6646280574760397,0.6805467471834749
landsat,normalizer,dbscan,pca,kridge,rquadratic,normalizer|dbscan|pca|kridge|rquadratic,4,0.736086956521739,0.048883800319628454,0.3590986401233184,0.029879637016794216,0.6824151767176911,0.04191140303464814,0.4477012052842979,0.10538026675150142,0.009859142300024359,0.0012639294569968859,0.001734255899998516,0.00020586499713138074,0.7011494252873564,0.34783878504672894,0.6030506877698225,0.38725253474437055
landsat,normalizer,dbscan,pca,kridge,canberra,normalizer|dbscan|pca|kridge|canberra,4,0.8500207039337475,0.03111446054682912,0.43317218137631625,0.01689196086070463,0.7753611541152683,0.08891060507706275,0.6991175982354534,0.06113218162746013,0.014488032400004158,0.0015191811534441373,0.003453573300021162,0.00026849672001824344,0.8850574712643678,0.4487435750999429,0.7963573746704731,0.7713614535984857
landsat,normalizer,dbscan,pca,kridge,truncated,normalizer|dbscan|pca|kridge|truncated,4,0.8097308488612838,0.044821134283140156,0.4531054168438956,0.07358541306349446,0.6804647702583068,0.0707869515015942,0.6192862450622666,0.09143395161446896,0.01233918849999327,0.0013222577915542335,0.0030659662000175557,8.471524804543588e-05,0.8850574712643678,0.4485842026825633,0.6409788569843289,0.766927499418244
landsat,normalizer,dbscan,lda,ksvc,linear,normalizer|dbscan|lda|ksvc|linear,4,0.9062525879917185,0.0221388643576415,0.4674584879181972,0.009316832469428514,0.7043825650001516,0.057755058594597126,0.817542468808651,0.04074193992081387,0.009229059400001915,0.0008741266402627346,0.0013578457000221534,0.00011021361907693179,0.9195402298850575,0.46426521239954077,0.7718990525548324,0.8392397832636779
landsat,normalizer,dbscan,lda,ksvc,poly,normalizer|dbscan|lda|ksvc|poly,4,0.7881159420289856,0.04345647794180909,0.39205498941553635,0.028651230433335683,0.6324857804645991,0.04470867912265324,0.5692136900659337,0.09447546596334458,0.009449364899990088,0.0007255180734596898,0.0016459531000009519,0.00023237667281258926,0.735632183908046,0.35826210826210825,0.6754100678733032,0.44803463191137993
landsat,normalizer,dbscan,lda,ksvc,rbf,normalizer|dbscan|lda|ksvc|rbf,4,0.9048240165631469,0.019824441508784672,0.46685267502251576,0.008812529305110206,0.6819154599143864,0.058986521958960925,0.8140555898047748,0.036110370772025197,0.007901777000006405,0.0004044566749865579,0.001397949299996526,7.680694499988859e-05,0.9080459770114943,0.45779220779220775,0.7568829426387566,0.814643474267939
landsat,normalizer,dbscan,lda,ksvc,hyperbolic,normalizer|dbscan|lda|ksvc|hyperbolic,4,0.8759420289855072,0.033227043708236356,0.4552143992408409,0.013015844965033427,0.6426513408157644,0.07063803414316872,0.7604688413828502,0.05996168532351025,0.00866055320001351,0.0014697449989499933,0.001670088399987435,0.00038352572142913373,0.8620689655172413,0.4397081413210445,0.6116789674074217,0.7304691463049829
landsat,normalizer,dbscan,lda,ksvc,triangle,normalizer|dbscan|lda|ksvc|triangle,4,0.9033954451345755,0.022878070587973413,0.49327338813823757,0.05433961964043442,0.705121489764567,0.07883616412589581,0.8127732037455306,0.041028474978346545,0.008335496399990917,0.00040068360392011236,0.001696874900005696,6.166932820293732e-05,0.896551724137931,0.45917471466198423,0.7976590419669249,0.7978642707061442
landsat,normalizer,dbscan,lda,ksvc,radial_basic,normalizer|dbscan|lda|ksvc|radial_basic,4,0.8846583850931677,0.02386246502132708,0.5114122973781574,0.06259114610528707,0.7609697475007695,0.0894579829029398,0.7775654224491719,0.04462139735937854,0.011417249599992374,0.000738515868216928,0.002885053999978027,8.06622315569322e-05,0.8735632183908046,0.4512099921935987,0.7590502627502457,0.7544859611756353
landsat,normalizer,dbscan,lda,ksvc,rquadratic,normalizer|dbscan|lda|ksvc|rquadratic,4,0.9062732919254657,0.019844612194853034,0.4809864732924306,0.04177189473761948,0.6871120208562302,0.07481370370740066,0.8179538023977495,0.035895004214105006,0.008532694000007269,0.0007541447064774632,0.0016775238999798604,0.0002558413459969678,0.9080459770114943,0.46174467468482827,0.8177307793950236,0.8182207764411512
landsat,normalizer,dbscan,lda,ksvc,canberra,normalizer|dbscan|lda|ksvc|canberra,4,0.9004554865424431,0.028845466692759794,0.5252530498263293,0.07807361279589897,0.7387705939783009,0.0712528776725673,0.8070344149047164,0.05293619244348019,0.01391904809999005,0.0003438917822443074,0.003908779100027004,0.0003010169352541214,0.9195402298850575,0.5705433455433455,0.8113590389603555,0.8441413463485627
landsat,normalizer,dbscan,lda,ksvc,truncated,normalizer|dbscan|lda|ksvc|truncated,4,0.8976190476190476,0.016386000585648895,0.49909227318879124,0.05677244234829114,0.7754042462618791,0.06579574792644827,0.7993696651152709,0.030024704983207987,0.011812085099984415,0.0006025361152384219,0.0032553144999951655,0.00011343328041139857,0.9080459770114943,0.5853174603174602,0.8856528517651978,0.818792761209915
landsat,normalizer,dbscan,lda,kann,linear,normalizer|dbscan|lda|kann|linear,4,0.8975776397515528,0.028851781637618826,0.508609133923894,0.07895064936894718,0.889048066833697,0.045122925882076226,0.8040664228108584,0.04956771001571723,0.15505623830001697,0.02895430240517006,0.0013237572000093679,0.0001113550651456656,0.896551724137931,0.46150435939116297,0.9458036320724419,0.8018655839239289
landsat,normalizer,dbscan,lda,kann,poly,normalizer|dbscan|lda|kann|poly,4,0.8918426501035197,0.021187407688705567,0.5179442474516724,0.07909121371594673,0.9041153789549528,0.036792291620047636,0.7932665269060186,0.03523717517328858,0.21608123789999353,0.01464205772498028,0.0017755964000116364,0.00024420862428314026,0.9080459770114943,0.7298351055632608,0.9706413371170554,0.8238242248970326
landsat,normalizer,dbscan,lda,kann,rbf,normalizer|dbscan|lda|kann|rbf,4,0.8918426501035197,0.01757497196334776,0.48810326053919517,0.03928978466963834,0.9029016233617405,0.04234545978786036,0.7923567745338268,0.029048356918781527,0.20474810859997206,0.01669602975621432,0.001749864799990064,9.994206306910659e-05,0.896551724137931,0.4648964896489649,0.9628514739364603,0.802680677161086
landsat,normalizer,dbscan,lda,kann,hyperbolic,normalizer|dbscan|lda|kann|hyperbolic,4,0.9019875776397515,0.022563636336837473,0.5378583777011432,0.08395941692412114,0.8966588584262523,0.03292424307066234,0.8120711782070392,0.039876743982814836,0.20962836080000216,0.011366259673493828,0.0016583595999804857,8.722069217943815e-05,0.896551724137931,0.4586538461538462,0.9740199993235219,0.794507314851299
landsat,normalizer,dbscan,lda,kann,triangle,normalizer|dbscan|lda|kann|triangle,4,0.9048447204968942,0.014308267438298211,0.509773335952091,0.05382005363982276,0.9033286830974608,0.04586684336168176,0.8167147817977247,0.024560683508302487,0.22036819149998338,0.02570610345887857,0.0018604065000090487,0.00023192094592972175,0.896551724137931,0.4660633484162896,0.9512551658327992,0.800784150970964
landsat,normalizer,dbscan,lda,kann,radial_basic,normalizer|dbscan|lda|kann|radial_basic,4,0.8919254658385093,0.012315698825919598,0.5408146555707287,0.07503066079783435,0.9041040417961804,0.04711344371855325,0.7930833566665064,0.02106103163422584,0.1927215330000081,0.021995905212627384,0.0023279447999811965,0.0003444394484092076,0.8850574712643678,0.5552319309600863,0.9329033953392708,0.7793484522839133
landsat,normalizer,dbscan,lda,kann,rquadratic,normalizer|dbscan|lda|kann|rquadratic,4,0.897639751552795,0.01764313168343749,0.5141242804978444,0.05631867225796189,0.9068033359348707,0.04345956118138486,0.8035853736142325,0.030277284902394112,0.21557654579999053,0.0176917873176312,0.0018007203000252048,0.0001820395153035709,0.9080459770114943,0.5875668449197861,0.9615088827041631,0.8222539558892501
landsat,normalizer,dbscan,lda,kann,canberra,normalizer|dbscan|lda|kann|canberra,4,0.8889648033126294,0.020933634915304478,0.5389446058741469,0.0839622656559378,0.8767849672534822,0.04039402837864876,0.7868241542014938,0.03928359161263024,0.1969275388999904,0.020393180722021387,0.002318541099975846,0.00011746455331460172,0.896551724137931,0.5618566176470589,0.9622304593491324,0.8028842977068703
landsat,normalizer,dbscan,lda,kann,truncated,normalizer|dbscan|lda|kann|truncated,4,0.8904347826086957,0.014369252618217265,0.5164818830361261,0.06525979038112056,0.8910150981692032,0.034975404453968684,0.7876181515211622,0.025351622327668917,0.21535605999999916,0.018058573020144877,0.002586613199991916,0.0004702860613106678,0.9195402298850575,0.6341354723707665,0.93682925530352,0.8440447465070382
landsat,normalizer,dbscan,lda,kridge,linear,normalizer|dbscan|lda|kridge|linear,4,0.9192546583850932,0.014247823512808087,0.47067076456418233,0.007726865255432908,0.840279219291905,0.04354123874505438,0.8413004124513129,0.0266806022204652,0.009089395100011189,0.0006591553288756307,0.001316617499981021,6.392862180847693e-05,0.9080459770114943,0.45779220779220775,0.8703322391527761,0.814643474267939
landsat,normalizer,dbscan,lda,kridge,poly,normalizer|dbscan|lda|kridge|poly,4,0.9206625258799173,0.017415332793297055,0.47122011895116855,0.009215583922755882,0.8721348991213128,0.031468120567077755,0.8439934210469457,0.033172348697810085,0.009796471500010284,0.0012053351807905675,0.0014520351999749437,0.00021307153003852575,0.9080459770114943,0.45779220779220775,0.9170821376810605,0.814643474267939
landsat,normalizer,dbscan,lda,kridge,rbf,normalizer|dbscan|lda|kridge|rbf,4,0.909151138716356,0.017102112100320862,0.46753178547118524,0.008664173503129823,0.8951391763492905,0.052414317297572365,0.821465389147264,0.03235879936568318,0.00971624100001236,0.0008798468745846126,0.0016069581999886395,9.713037028024586e-05,0.9080459770114943,0.45779220779220775,0.9560494033155627,0.814643474267939
landsat,normalizer,dbscan,lda,kridge,hyperbolic,normalizer|dbscan|lda|kridge|hyperbolic,4,0.7270186335403727,0.17513053989972632,0.39772602731258344,0.09883403367693201,0.7297998761999911,0.12414544033891681,0.5301994043346401,0.2777349362669365,0.009732984999982364,0.0006955830974808844,0.0014919187000032252,0.00010904580777052496,0.8160919540229885,0.4285483870967742,0.7200527477823134,0.6689992869324874
landsat,normalizer,dbscan,lda,kridge,triangle,normalizer|dbscan|lda|kridge|triangle,4,0.9077225672877847,0.01722179321831857,0.49897778867356857,0.04763522369034301,0.8417837083911947,0.06503509645474016,0.8205835377811145,0.03185256558990111,0.009883066600002622,0.0006528857100254983,0.0016969573999858767,9.36502591514826e-05,0.9080459770114943,0.46174467468482827,0.9441775862646246,0.8179568342552025
landsat,normalizer,dbscan,lda,kridge,radial_basic,normalizer|dbscan|lda|kridge|radial_basic,4,0.8948033126293996,0.018169581111839934,0.5037994787451481,0.05624555023885731,0.7976868735907443,0.11679635580182302,0.7964018195702925,0.03420176710881316,0.014434112499998264,0.0019880133400907675,0.0034272710999971425,0.0005254908345262877,0.9080459770114943,0.4651368049426302,0.942911120172577,0.818686811104116
landsat,normalizer,dbscan,lda,kridge,rquadratic,normalizer|dbscan|lda|kridge|rquadratic,4,0.9062732919254657,0.017333711752751328,0.48758253411815733,0.042861951271537274,0.8780170852548504,0.07120453573932897,0.8178420505888072,0.031025857687514462,0.009856552300038856,0.0006970133115262252,0.0015139530999931593,7.233147033571032e-05,0.9080459770114943,0.46174467468482827,0.9534119245152931,0.8182207764411512
landsat,normalizer,dbscan,lda,kridge,canberra,normalizer|dbscan|lda|kridge|canberra,4,0.906190476190476,0.02875908971845193,0.46730808730582807,0.013003564859152874,0.8412359675469986,0.03814036926425643,0.8180072757799476,0.05134669347312774,0.015552310100031264,0.0011651246996545847,0.003478962399969987,0.00020974153260280121,0.9195402298850575,0.46765734265734266,0.913872921708934,0.8394633663297513
landsat,normalizer,dbscan,lda,kridge,truncated,normalizer|dbscan|lda|kridge|truncated,4,0.9148861283643891,0.017759167180971577,0.4700589920486665,0.0075908596630198414,0.8577931317721804,0.0361130004172967,0.8325976915109908,0.03345574512945573,0.014433565200022258,0.0021295312760390792,0.003616753500000414,0.0005200358089217019,0.9080459770114943,0.4611721611721612,0.9215127510997895,0.8152806702310632
landsat,normalizer,hierarchical,pca,ksvc,linear,normalizer|hierarchical|pca|ksvc|linear,4,0.5908074534161492,0.004383500819724032,0.18569205569205569,0.0008670069188889141,0.6704666830240226,0.05641167705409354,0.0,0.0,0.007886318199984999,0.0007071040867345195,0.001628231400002278,0.00014370218696223698,0.5977011494252874,0.18705035971223022,0.6781015037593985,0.0
landsat,normalizer,hierarchical,pca,ksvc,poly,normalizer|hierarchical|pca|ksvc|poly,4,0.5908074534161492,0.004383500819724032,0.18569205569205569,0.0008670069188889141,0.5433688588777088,0.02889898017540211,0.0,0.0,0.1757762167000351,0.09918688017737706,0.002130134299954989,0.0003566819807965838,0.5977011494252874,0.18705035971223022,0.5020083717452138,0.0
landsat,normalizer,hierarchical,pca,ksvc,rbf,normalizer|hierarchical|pca|ksvc|rbf,4,0.6296894409937888,0.044109605461095075,0.3226302048579848,0.07870356054542389,0.6847177023194654,0.04459726257363465,0.2862114924412294,0.10519505443833758,0.009768059999987599,0.0003852970652934937,0.002133159099992099,0.0002805139833288894,0.5747126436781609,0.2981207808794015,0.6436615285299496,0.19284032435499932
landsat,normalizer,hierarchical,pca,ksvc,hyperbolic,normalizer|hierarchical|pca|ksvc|hyperbolic,4,0.5992960662525879,0.041371988136209195,0.3171253751631738,0.05495676427633613,0.651623983542996,0.057910566442575376,0.24193868428823317,0.09063257468341986,0.00763936059995558,0.0005291004692784417,0.0017956133000211593,0.0004406448353407204,0.6206896551724138,0.4200396825396825,0.7005386426439059,0.32091445162917465
landsat,normalizer,hierarchical,pca,ksvc,triangle,normalizer|hierarchical|pca|ksvc|triangle,4,0.6367908902691511,0.04082673063401902,0.35686814811360057,0.04709980600629907,0.7248025225529305,0.027114420100527253,0.3102852980175298,0.0858379947894368,0.008811058599997068,0.001402386684096644,0.0021859182000071088,0.0005064359100201294,0.6436781609195402,0.3891397076443805,0.7262459032195874,0.3560423913650807
landsat,normalizer,hierarchical,pca,ksvc,radial_basic,normalizer|hierarchical|pca|ksvc|radial_basic,4,0.6988612836438923,0.02806064158078224,0.4824198432471877,0.050012075642312796,0.7065443442678504,0.05514028607895746,0.439796454434685,0.056651050013751904,0.013444039099988458,0.0009554528003637171,0.0036911675000055764,0.00047256480498946096,0.8045977011494253,0.7021312872975277,0.8482929351350403,0.6410316588385306
landsat,normalizer,hierarchical,pca,ksvc,rquadratic,normalizer|hierarchical|pca|ksvc|rquadratic,4,0.6296687370600415,0.04468939290146583,0.34046868238795025,0.0711199989867318,0.6947981865657191,0.03815599624516859,0.28497276943739447,0.09949939656345898,0.010886196999979347,0.001256266687552192,0.002158498000017062,0.00034436446498456864,0.632183908045977,0.35147849462365593,0.652368391842076,0.2728524226324816
landsat,normalizer,hierarchical,pca,ksvc,canberra,normalizer|hierarchical|pca|ksvc|canberra,4,0.7132505175983436,0.03882317292952858,0.5041551745619529,0.0775833668728297,0.7906843895533854,0.02728572327955821,0.49648317953085924,0.06931759476233659,0.014184187700004713,0.00040961798727608085,0.00391617249998717,0.0001420336486816355,0.7011494252873564,0.3884404795619749,0.7432036530720741,0.45603748288004636
landsat,normalizer,hierarchical,pca,ksvc,truncated,normalizer|hierarchical|pca|ksvc|truncated,4,0.7118012422360248,0.025392699277749554,0.500983338151721,0.05067537907873344,0.7102243648257818,0.04877233119448163,0.4717944797212373,0.0485400259531996,0.013658854800007702,0.0011723599566770499,0.0033970384999861382,0.00014933965294755398,0.8620689655172413,0.7774806256834498,0.8918747188484031,0.7507966721883147
landsat,normalizer,hierarchical,pca,kann,linear,normalizer|hierarchical|pca|kann|linear,4,0.6224844720496895,0.0316601292235518,0.28006897987446056,0.029419995188035186,0.7345070387496462,0.03948117719200569,0.25395646595032584,0.0733957378974975,0.1572299060999999,0.02040081385577505,0.0016094687000002494,0.000378564949626763,0.6206896551724138,0.30654761904761907,0.7356411862990809,0.2710488883404994
landsat,normalizer,hierarchical,pca,kann,poly,normalizer|hierarchical|pca|kann|poly,4,0.6310973084886129,0.04226091635832673,0.3471051496110301,0.05092624658269372,0.7439928258947619,0.05356605824774828,0.29607015754498983,0.08974915019651566,0.0831115614999998,0.023604089535895476,0.0016027351000001745,5.119283731469876e-05,0.5977011494252874,0.3354310062274664,0.7429563126931548,0.25346063591448786
landsat,normalizer,hierarchical,pca,kann,rbf,normalizer|hierarchical|pca|kann|rbf,4,0.6325051759834369,0.04206993147342116,0.3552088897965614,0.05844798310644987,0.7529559961227873,0.04238690055208228,0.2968929755753065,0.08912946434149238,0.1258563478000001,0.035553262007591596,0.0018756553999999426,0.00024681499945192767,0.5977011494252874,0.3337231968810916,0.7350391567496831,0.24513701304918797
landsat,normalizer,hierarchical,pca,kann,hyperbolic,normalizer|hierarchical|pca|kann|hyperbolic,4,0.6397101449275362,0.030381889190273462,0.3536503248259671,0.05596285193249905,0.7473423711534665,0.04032002547621684,0.3155563092657513,0.07140445817887359,0.12917818949999998,0.029814509143949012,0.0019203247999998395,0.00027665591596397654,0.6666666666666666,0.41857043959847695,0.7450013436855542,0.40513464103520164
landsat,normalizer,hierarchical,pca,kann,triangle,normalizer|hierarchical|pca|kann|triangle,4,0.7001656314699793,0.029134619250166024,0.44410399280204327,0.05625882266162061,0.7844502421463218,0.02976503773549116,0.4718083738550476,0.05946485920698511,0.1988615977000002,0.021021626025641643,0.0018147129000000816,9.065353028173518e-05,0.7701149425287356,0.5130396031930559,0.8045078459552144,0.5988889563107246
landsat,normalizer,hierarchical,pca,kann,radial_basic,normalizer|hierarchical|pca|kann|radial_basic,4,0.6411180124223602,0.04347017572463762,0.38834933518444614,0.08059896287931748,0.7047520016317212,0.06698215574921819,0.3021449738395435,0.10557610024047655,0.1015626718,0.034131554328476296,0.002465819999999752,0.0006985697448620198,0.6781609195402298,0.37542857142857144,0.7342403210824263,0.3653302779457942
landsat,normalizer,hierarchical,pca,kann,rquadratic,normalizer|hierarchical|pca|kann|rquadratic,4,0.6354451345755694,0.039580063921135986,0.37109418946516814,0.054778408476703504,0.754752778008169,0.04617464499431404,0.31168015202058075,0.07891574509475262,0.11193831179999983,0.01764971379151981,0.001719568499999724,7.080414627751692e-05,0.5977011494252874,0.33489409141583054,0.741375437428069,0.23770849440913397
landsat,normalizer,hierarchical,pca,kann,canberra,normalizer|hierarchical|pca|kann|canberra,4,0.7232505175983437,0.0377963905954352,0.5448990241616449,0.08030118781836082,0.8233598676596683,0.03680610820327523,0.5215769281151343,0.06946677894099601,0.22068600989999965,0.022790927062783257,0.0024379583000008866,0.000275722066587442,0.7126436781609196,0.4674893162393162,0.8441821336558178,0.5215789971628838
landsat,normalizer,hierarchical,pca,kann,truncated,normalizer|hierarchical|pca|kann|truncated,4,0.6714699792960662,0.042920807675004134,0.4419655329016825,0.09597406398806049,0.7536282136890643,0.028658201867108324,0.3835025053840761,0.09720269010765178,0.15539057489999983,0.030556776090194346,0.0025368222000000883,0.00047419538575631167,0.735632183908046,0.4487151567944251,0.8023214358740675,0.5083289423926943
landsat,normalizer,hierarchical,pca,kridge,linear,normalizer|hierarchical|pca|kridge|linear,4,0.5908074534161492,0.004383500819724032,0.18569205569205569,0.0008670069188889141,0.7362833048116265,0.03692458297010869,0.0,0.0,0.009879861800000356,0.0007138203234721196,0.0015223205999994605,0.00017179682153876127,0.5977011494252874,0.18705035971223022,0.7356411862990809,0.0
landsat,normalizer,hierarchical,pca,kridge,poly,normalizer|hierarchical|pca|kridge|poly,4,0.6297515527950311,0.02504577988542215,0.2881661243992609,0.049549640983783796,0.7422077464001305,0.04015662688472251,0.2562696042891709,0.06967983568149944,0.00985127229999989,0.00035562005427022076,0.0015018537000003108,0.00010919107643136375,0.6206896551724138,0.2839584657766476,0.7108395989974937,0.22413220579556878
landsat,normalizer,hierarchical,pca,kridge,rbf,normalizer|hierarchical|pca|kridge|rbf,4,0.6310973084886129,0.036958155206674045,0.345730916455507,0.04751646239185966,0.7585375901524949,0.04449058464018848,0.29223613780525626,0.07894929468608503,0.010348674699999805,0.0006258186627533875,0.001835230899999729,0.00020427744637037788,0.6091954022988506,0.3494095008511223,0.7299265792686844,0.2719319478913659
landsat,normalizer,hierarchical,pca,kridge,hyperbolic,normalizer|hierarchical|pca|kridge|hyperbolic,4,0.49608695652173906,0.13207964690944188,0.28461732439066145,0.07546554474560589,0.6160042546882918,0.062155201590011824,0.1745570400357384,0.12731577841533023,0.010368639900000077,0.0009619220335204855,0.0016783691000000545,0.00023434323070641388,0.6091954022988506,0.3494095008511223,0.7633342534658323,0.2719319478913659
landsat,normalizer,hierarchical,pca,kridge,triangle,normalizer|hierarchical|pca|kridge|triangle,4,0.6770600414078676,0.04005446375259411,0.4179086708307992,0.04864521088378364,0.7828420228688729,0.034225531718586735,0.4082371843756426,0.07652881335156178,0.01034721020000049,0.0012245197086596838,0.0018090314999998469,0.00022979878793441037,0.7241379310344828,0.4483277591973244,0.8013883046777783,0.5088211994153419
landsat,normalizer,hierarchical,pca,kridge,radial_basic,normalizer|hierarchical|pca|kridge|radial_basic,4,0.7089855072463769,0.03173675863004382,0.5052338686605419,0.05978879826561129,0.7442680921433826,0.045271325357113104,0.4619493036660788,0.06206377936227102,0.014313998300000463,0.002444485541132276,0.0033992344000001395,0.0003069193279743917,0.8045977011494253,0.7021312872975277,0.870540862646126,0.6410316588385306
landsat,normalizer,hierarchical,pca,kridge,rquadratic,normalizer|hierarchical|pca|kridge|rquadratic,4,0.6354037267080745,0.04280905118652749,0.3551280565561264,0.056290262806670766,0.7541407060819223,0.043160207012381976,0.3038484195588562,0.09042273466242873,0.008517284400000236,0.0003520446356102613,0.0015998596999999392,8.586793355060525e-05,0.5977011494252874,0.3337231968810916,0.7375580559791086,0.24513701304918797
landsat,normalizer,hierarchical,pca,kridge,canberra,normalizer|hierarchical|pca|kridge|canberra,4,0.7218012422360249,0.04276798319088987,0.4856747396941702,0.07126353649995767,0.8106665514414418,0.03114297790682704,0.5052248908935778,0.07255203609969961,0.013516333000000103,0.00034497005161825866,0.003396141099999994,4.305675191201716e-05,0.7586206896551724,0.5306122448979592,0.8237118145012883,0.5696904392911415
landsat,normalizer,hierarchical,pca,kridge,truncated,normalizer|hierarchical|pca|kridge|truncated,4,0.7074741200828157,0.02805031993161795,0.48998161520686817,0.05578589704162291,0.748505852400765,0.048420904262359114,0.4609880044586956,0.059237684649031216,0.01126225089999977,0.00038756701309735324,0.0030813289000004573,8.151291477160181e-05,0.8505747126436781,0.7648174490279753,0.8903976140818246,0.729012666705127
landsat,normalizer,hierarchical,lda,ksvc,linear,normalizer|hierarchical|lda|ksvc|linear,4,0.7966459627329192,0.04664436934926108,0.6159509122754481,0.09530266404599014,0.8507971057619865,0.03108149535671354,0.6539430323140132,0.07716453019700499,0.00920442910000041,0.0006997954472692968,0.001392796600000068,5.3878859414063096e-05,0.7931034482758621,0.6420412543090294,0.9366867781341466,0.6513589433705906
landsat,normalizer,hierarchical,lda,ksvc,poly,normalizer|hierarchical|lda|ksvc|poly,4,0.6715113871635612,0.025493634314983752,0.3954740103825825,0.030133485857434927,0.7660783642449875,0.033494706037764534,0.37386049170295876,0.057681051992928035,0.009379652899999869,0.0004069850303073188,0.0016031251000004688,5.492815292783114e-05,0.6666666666666666,0.35613975957757554,0.7384523371365477,0.35253741508630654
landsat,normalizer,hierarchical,lda,ksvc,rbf,normalizer|hierarchical|lda|ksvc|rbf,4,0.8153830227743271,0.052866391102692534,0.6570427920915737,0.0903907206585001,0.9165780870562426,0.04180957150655863,0.6861116614387567,0.08719728084777613,0.007848188800000244,0.00024512696988703844,0.0016251454999999027,9.208048422753383e-05,0.8160919540229885,0.6694122353411812,0.9355051381367171,0.6910473431093959
landsat,normalizer,hierarchical,lda,ksvc,hyperbolic,normalizer|hierarchical|lda|ksvc|hyperbolic,4,0.6903105590062111,0.04535288459756648,0.45241476386865387,0.05335159826615861,0.7533040387400891,0.01852572698217402,0.48451365963584403,0.06672437644352734,0.008296223499999655,0.0014415624872992484,0.0016988382000008074,0.00023117929995844293,0.6436781609195402,0.3487348734873487,0.6548567660409765,0.4132185920016016
landsat,normalizer,hierarchical,lda,ksvc,triangle,normalizer|hierarchical|lda|ksvc|triangle,4,0.8369565217391305,0.061093192742538396,0.7011357257403897,0.11035133848452812,0.9171461626465884,0.04340271744930431,0.7243826702869365,0.09786284779768294,0.00857338440000035,0.0010522729436323395,0.0019014445999999906,0.00025382495180111805,0.8275862068965517,0.691612857736202,0.9370475284948969,0.7103678584069406
landsat,normalizer,hierarchical,lda,ksvc,radial_basic,normalizer|hierarchical|lda|ksvc|radial_basic,4,0.7924430641821946,0.04634098179669274,0.6352228589685794,0.09079828766882253,0.8886902493067979,0.042914500825708725,0.6476769607932764,0.07650844006610001,0.011600447600000053,0.000450468353397235,0.0030384915000006172,0.00015020518218097204,0.735632183908046,0.543939393939394,0.8950567707146655,0.5704994691365802
landsat,normalizer,hierarchical,lda,ksvc,rquadratic,normalizer|hierarchical|lda|ksvc|rquadratic,4,0.8240579710144929,0.049835189971390574,0.6727557022505866,0.09103699216795907,0.9218046970096632,0.04187496955764835,0.6995380579565751,0.0846144298977358,0.008127532299999985,0.0003624936352345247,0.0016452815999997484,5.4509056601911806e-05,0.8160919540229885,0.6765126512651265,0.940733316391211,0.6890724186689425
landsat,normalizer,hierarchical,lda,ksvc,canberra,normalizer|hierarchical|lda|ksvc|canberra,4,0.792360248447205,0.040022541980041286,0.6277908857134102,0.06506109879403303,0.8777669164865264,0.036995903073916196,0.6457648683364773,0.06127590395172487,0.0134959881000011,0.00028410371131819257,0.003693453799999702,7.553526796578137e-05,0.7816091954022989,0.6061170576988013,0.897336508520719,0.6328858932813721
landsat,normalizer,hierarchical,lda,ksvc,truncated,normalizer|hierarchical|lda|ksvc|truncated,4,0.8068530020703933,0.04988053222178729,0.6451704304308452,0.08082129259623533,0.8965025565473617,0.046406221064993036,0.670423790781906,0.08013518650147987,0.011598158000000325,0.0002858579837175913,0.003268310399999663,0.00016529403323709983,0.7586206896551724,0.5863383436912848,0.8989195015510805,0.5950803793177639
landsat,normalizer,hierarchical,lda,kann,linear,normalizer|hierarchical|lda|kann|linear,4,0.8095652173913044,0.06881924460665007,0.6596407188723077,0.11796196940435615,0.9313987865407614,0.03569838873743088,0.6794034580047266,0.1153371860171869,0.13309302220000063,0.019541251942956816,0.0013799218999992035,0.00019916780937341037,0.7931034482758621,0.6497835497835498,0.9438169286853497,0.6670626088542505
landsat,normalizer,hierarchical,lda,kann,poly,normalizer|hierarchical|lda|kann|poly,4,0.8038716356107661,0.05379978700796817,0.6481324924517515,0.09809991375278557,0.9266427919587427,0.029273591500959695,0.6692470666433357,0.08780218478592568,0.1961968836999997,0.052384874355754146,0.0017937885000002042,0.00021658294248214853,0.8045977011494253,0.6635714285714286,0.9465216800743117,0.6765427841435776
landsat,normalizer,hierarchical,lda,kann,rbf,normalizer|hierarchical|lda|kann|rbf,4,0.8168530020703935,0.056542691975812284,0.6684575444009768,0.10016143104362432,0.9343491550258788,0.02587871471482826,0.6904799941313914,0.09296314579796577,0.22630556789999937,0.017385172973077265,0.0021056906000001875,0.0009193641235035676,0.8045977011494253,0.6772108843537415,0.9507990547464231,0.6876167754956627
landsat,normalizer,hierarchical,lda,kann,hyperbolic,normalizer|hierarchical|lda|kann|hyperbolic,4,0.8053209109730849,0.05108416130933033,0.6563576022735862,0.09814557907618444,0.9285882212868979,0.02337738636717499,0.6710820923665569,0.08458039599560749,0.1861081881000004,0.041577027291680044,0.001896913499998476,0.00029241041759361117,0.7931034482758621,0.6470813397129186,0.943115291141607,0.6546423774423111
landsat,normalizer,hierarchical,lda,kann,triangle,normalizer|hierarchical|lda|kann|triangle,4,0.8182401656314701,0.042818112116138035,0.674930560515788,0.07712509241408666,0.9371775130555827,0.021314750495634905,0.6942856381325847,0.06774097242749379,0.23285168220000046,0.02970949624025478,0.0020081140999998583,0.0003564894190193656,0.8045977011494253,0.6583114446529081,0.9322986954565902,0.6789656977791967
landsat,normalizer,hierarchical,lda,kann,radial_basic,normalizer|hierarchical|lda|kann|radial_basic,4,0.7909316770186334,0.054855727014309436,0.6331683315482424,0.11444725726050796,0.9078495631125258,0.028811066087767248,0.6493242758959812,0.09271641662689734,0.20388143019999988,0.016409618957931853,0.002234601900000399,0.0002882869876480006,0.8045977011494253,0.6619744483159118,0.918728420702105,0.6771818798539968
landsat,normalizer,hierarchical,lda,kann,rquadratic,normalizer|hierarchical|lda|kann|rquadratic,4,0.8226501035196687,0.046098196909576415,0.6817091711613932,0.09609220309070049,0.9331215697078544,0.023860400859508645,0.7001325689868403,0.07613812476520504,0.19271810790000146,0.04974711423005113,0.0018986903999973492,0.00026933228289388253,0.7931034482758621,0.6543601528738789,0.9444820530346847,0.668081222360308
landsat,normalizer,hierarchical,lda,kann,canberra,normalizer|hierarchical|lda|kann|canberra,4,0.7837474120082815,0.03848646021556122,0.6150874227206822,0.06736105205320732,0.900751192269499,0.024476179388770964,0.6343919632243153,0.060756303979702664,0.2133579783000002,0.022683834579591944,0.0025356364999993275,0.0004993221663755637,0.7701149425287356,0.5980820399113083,0.9124639249639248,0.6174647068960286
landsat,normalizer,hierarchical,lda,kann,truncated,normalizer|hierarchical|lda|kann|truncated,4,0.7851759834368529,0.048786579302087726,0.619009829041358,0.08912055767135175,0.9032850345589898,0.02910117947133312,0.637412904911974,0.07892792108464952,0.23392396020000134,0.025310022067867203,0.002553445599998838,0.00031363213756488396,0.7701149425287356,0.5668383167220377,0.9123577445945866,0.614377450511483
landsat,normalizer,hierarchical,lda,kridge,linear,normalizer|hierarchical|lda|kridge|linear,4,0.7824016563146998,0.02690236997230773,0.5242720812584662,0.06214279096320464,0.8869144386999572,0.0348930735927905,0.6179758739514608,0.05068804333194113,0.009339678299999576,0.000310474961012117,0.0014801377000004834,5.276221038066712e-05,0.7816091954022989,0.45671575450621693,0.8745160541213173,0.6025005272745354
landsat,normalizer,hierarchical,lda,kridge,poly,normalizer|hierarchical|lda|kridge|poly,4,0.7967908902691512,0.02340109375612707,0.5655718239577164,0.0635590325334615,0.9216946422108083,0.029010206343277178,0.6489701764951366,0.04281901300704399,0.012695481600000136,0.002224120703978413,0.0019134149999992188,0.0003515362679023626,0.7931034482758621,0.5602658371040724,0.915655251181567,0.63426484777567
landsat,normalizer,hierarchical,lda,kridge,rbf,normalizer|hierarchical|lda|kridge|rbf,4,0.816832298136646,0.04736613305222144,0.6543521861733824,0.1022161852389382,0.9312960571958261,0.032086853986165426,0.6872953007827087,0.0803802745531322,0.00997925580000043,0.0007655397987769881,0.0017553415999991273,0.00022413630019083727,0.7931034482758621,0.6516666666666666,0.9355629750366592,0.6570980460462894
landsat,normalizer,hierarchical,lda,kridge,hyperbolic,normalizer|hierarchical|lda|kridge|hyperbolic,4,0.775175983436853,0.03152780788496271,0.6182380831492937,0.058221130662145355,0.8592565942672946,0.039303269339758994,0.6210979909322307,0.04984082111803222,0.009769917800000628,0.0009991025655899269,0.001544183699999735,9.157907150042098e-05,0.6206896551724138,0.48588303538469646,0.7400983519404573,0.4462163547238421
landsat,normalizer,hierarchical,lda,kridge,triangle,normalizer|hierarchical|lda|kridge|triangle,4,0.7820289855072463,0.08903204012618274,0.6295567736602479,0.11225586734154862,0.8550538104149931,0.09066803830141834,0.6437535769578677,0.12896808013752886,0.01015323660000007,0.0017327665350458476,0.0017205772999993485,9.907187930843549e-05,0.2988505747126437,0.2780043835716105,0.5887180071390599,0.10634928774971987
landsat,normalizer,hierarchical,lda,kridge,radial_basic,normalizer|hierarchical|lda|kridge|radial_basic,4,0.8083229813664596,0.0415583646498184,0.6499249727464326,0.08130129400528702,0.8735482510539091,0.050608116616724555,0.6741330194831635,0.07094114977233652,0.015201456599999118,0.0014015613164345738,0.0035207864000007306,0.00045228919812765293,0.8045977011494253,0.6443567251461988,0.9028108587319114,0.6724932786886488
landsat,normalizer,hierarchical,lda,kridge,rquadratic,normalizer|hierarchical|lda|kridge|rquadratic,4,0.8312629399585922,0.050991023643814026,0.6810156888364711,0.10956594890891239,0.9301638199914668,0.030792325334648065,0.7127658367102733,0.08691167025657487,0.009696096699999402,0.0008429571702042921,0.0016613049999996577,0.00012746399417871165,0.8045977011494253,0.6707822410147991,0.9215423465423466,0.6744029386877801
landsat,normalizer,hierarchical,lda,kridge,canberra,normalizer|hierarchical|lda|kridge|canberra,4,0.7837267080745342,0.07078129624738945,0.6042412396799475,0.11274910977567677,0.9059282367212337,0.02675305626882264,0.6337386350131333,0.11372247242315257,0.014895314099999269,0.0005936292281158936,0.0035562298000002103,0.00019858658738571214,0.7701149425287356,0.5614332861857614,0.8902146099514521,0.6109984251006605
landsat,normalizer,hierarchical,lda,kridge,truncated,normalizer|hierarchical|lda|kridge|truncated,4,0.7895031055900621,0.05784493256174528,0.6083364998124077,0.10294081625175883,0.9122181305714265,0.02633723371869441,0.6440493449743534,0.09372731796383862,0.014029223400000745,0.002077635435951305,0.0034441896999986453,0.00044754631452034396,0.7586206896551724,0.5508275002536122,0.8875701053332632,0.5868253150985359
modis,standard,uniform,pca,ksvc,linear,standard|uniform|pca|ksvc|linear,4,0.7458920187793427,0.030999288629557514,0.4996652438499347,0.037096006926523005,0.7803021860255756,0.020395099322307295,0.5644801485479645,0.059515886088930534,0.01800805909999923,0.002372970882476275,0.0015172380000016972,0.0005348148989597433,0.797752808988764,0.5508177570093458,0.8135542213178764,0.6599854930707415
modis,standard,uniform,pca,ksvc,poly,standard|uniform|pca|ksvc|poly,4,0.58141627543036,0.022588189287112297,0.27724947790145854,0.0589679274004822,0.6943642232104178,0.04860675954875827,0.1522673332436401,0.08598583624885693,0.01516474749999972,0.0015726437241672837,0.001552503900000346,0.00018253344415537204,0.6179775280898876,0.3265151515151515,0.7599820781072928,0.24374904361581032
modis,standard,uniform,pca,ksvc,rbf,standard|uniform|pca|ksvc|rbf,4,0.7767018779342723,0.03330022022324281,0.6193802772152868,0.06877706460772855,0.8734224178883867,0.03764835212560568,0.6302965314261842,0.059872946927404386,0.009321324900000861,0.0010857690973427067,0.0016127058000002137,0.00018902773247167205,0.8089887640449438,0.6618589743589743,0.9013973809791398,0.6852529735759704
modis,standard,uniform,pca,ksvc,hyperbolic,standard|uniform|pca|ksvc|hyperbolic,4,0.5673708920187793,0.038995530154814495,0.33652574801356605,0.07534848753437663,0.6475406562192332,0.03258697081933384,0.25656876459608857,0.09699300925783551,0.008257520500000481,0.00038186506048178983,0.0014028098999993687,7.937226138381211e-05,0.550561797752809,0.30067481538069774,0.641341406864423,0.16395495252037084
modis,standard,uniform,pca,ksvc,triangle,standard|uniform|pca|ksvc|triangle,4,0.7485133020344288,0.031358104550650565,0.5903851568853826,0.07936448351418322,0.8729147088513205,0.04584330908976253,0.5859666738445957,0.055548979650297446,0.009261374300000114,0.0004020579265747655,0.001779922800000122,0.0004930090854741516,0.8089887640449438,0.6440993788819875,0.9023497627714392,0.6754929949932382
modis,standard,uniform,pca,ksvc,radial_basic,standard|uniform|pca|ksvc|radial_basic,4,0.780868544600939,0.034790688423135235,0.6398451369158434,0.07823696567068489,0.8906888347586346,0.05123596375168052,0.6397625628238257,0.05956413240575593,0.011996553399999499,0.0008047087990138019,0.002877032100000321,0.00016887510066381485,0.8539325842696629,0.7225225225225225,0.9225651962898613,0.7526711087280515
modis,standard,uniform,pca,ksvc,rquadratic,standard|uniform|pca|ksvc|rquadratic,4,0.785133020344288,0.0486774592374058,0.6361453726988713,0.0954167607090033,0.8812239080921108,0.04467123485492699,0.6453057703498715,0.08114420895091758,0.008546602499999523,0.00019069876135989944,0.0014672417000006987,0.00010471948097679374,0.8202247191011236,0.6799046541693601,0.8940473936609284,0.6983867346850298
modis,standard,uniform,pca,ksvc,canberra,standard|uniform|pca|ksvc|canberra,4,0.7485915492957746,0.030730498818723903,0.5885010284757285,0.06699373078902152,0.8626014466280283,0.03759526111933729,0.5842736003302086,0.05101436456468055,0.01479146059999863,0.001635025787450037,0.0034904209000004016,4.02386149871321e-05,0.8426966292134831,0.6939046460785592,0.9028204933606857,0.7324120550420306
modis,standard,uniform,pca,ksvc,truncated,standard|uniform|pca|ksvc|truncated,4,0.7387519561815337,0.032047065987314376,0.5645978461266838,0.06705571182188678,0.8603405111699693,0.04268539913959591,0.5693997546750869,0.05184138587675428,0.012570688299999943,0.0009045642126710489,0.003169265799999721,0.0002999212037487001,0.8764044943820225,0.7624296435272044,0.9018784113897477,0.7937700297650581
modis,standard,uniform,pca,kann,linear,standard|uniform|pca|kann|linear,4,0.7781494522691705,0.05226210692631617,0.6518876467492192,0.08132402443261266,0.909741106277887,0.037911374936455446,0.6382141460422162,0.08553733729559229,0.15894637420000138,0.03394125365022094,0.0011071381999997244,0.0002146786100911422,0.8539325842696629,0.7261405261405263,0.9318749373069195,0.7538145711233899
modis,standard,uniform,pca,kann,poly,standard|uniform|pca|kann|poly,4,0.7949530516431926,0.028200663502561757,0.6608101803190971,0.06507091470314447,0.9036766001630504,0.024015190739114674,0.6607544941087604,0.04762715971371396,0.2118413053999994,0.07992049338678595,0.0022513750999998195,0.001843196600266501,0.8539325842696629,0.7118565644881434,0.9562320331600648,0.7540312369207761
modis,standard,uniform,pca,kann,rbf,standard|uniform|pca|kann|rbf,4,0.7836658841940533,0.030809628000336244,0.6487214189319713,0.07145572798424024,0.9044893356581634,0.02876869734442418,0.6443708917599267,0.05133816917170914,0.371822353400001,0.1441495548653611,0.0027470354999991286,0.0021011773984163616,0.8314606741573034,0.6889339826839826,0.9514251982261258,0.7152781829375876
modis,standard,uniform,pca,kann,hyperbolic,standard|uniform|pca|kann|hyperbolic,4,0.769640062597809,0.05530735589290375,0.629725259636855,0.10209040518753025,0.8916202157135178,0.03867714678219139,0.6222248444346927,0.09162163218089725,0.23648132840000075,0.03601145124536446,0.0017551310000015973,0.0008013594224397118,0.8651685393258427,0.745093795093795,0.9212751046313395,0.7715829035557745
modis,standard,uniform,pca,kann,triangle,standard|uniform|pca|kann|triangle,4,0.7500586854460094,0.04341920582830386,0.5997001514283469,0.09096344007988559,0.8899423273741457,0.03297027677057855,0.5886769751149246,0.07373884471905678,0.21840927570000018,0.01173488161086185,0.0016190031999983034,0.00032893427193014357,0.8089887640449438,0.6496703296703297,0.9454511558814204,0.6757076416392481
modis,standard,uniform,pca,kann,radial_basic,standard|uniform|pca|kann|radial_basic,4,0.7752738654147106,0.03637326559758383,0.6303582026590712,0.08736564487092013,0.9025853710903178,0.02103391345989764,0.6283779270480033,0.06375079305958999,0.20445618250000308,0.027457027387373652,0.0017949861000005284,0.00012933143311439537,0.8651685393258427,0.7328164160401003,0.9564416521218309,0.7736027006187822
modis,standard,uniform,pca,kann,rquadratic,standard|uniform|pca|kann|rquadratic,4,0.7752347417840375,0.041702927494400785,0.6383626848306766,0.08081018369427684,0.9045160132328924,0.033121458267183476,0.6301008957669876,0.0702353772255813,0.20708053869999787,0.040141387836335564,0.0014377753999980313,8.664049063227561e-05,0.8426966292134831,0.7157440476190476,0.9513229243133057,0.736285013687337
modis,standard,uniform,pca,kann,canberra,standard|uniform|pca|kann|canberra,4,0.7513693270735524,0.03142214586257918,0.6008637768601571,0.07030952383678542,0.8931520880059882,0.019099373058131617,0.5933256969614827,0.052329212305913045,0.22384251359999893,0.013711641705459921,0.002021346499998344,0.0001268826790862297,0.8426966292134831,0.7014665286404417,0.9495592656662737,0.7328036494778886
modis,standard,uniform,pca,kann,truncated,standard|uniform|pca|kann|truncated,4,0.7528364632237872,0.03739886794991199,0.595351353146768,0.08175603319872587,0.901253096124775,0.03062772262401919,0.5945128958706867,0.06457972773378816,0.22330348110000103,0.02080219484238725,0.0020528137000013656,0.0003202444744932389,0.8651685393258427,0.745093795093795,0.9430520670214932,0.7715829035557745
modis,standard,uniform,pca,kridge,linear,standard|uniform|pca|kridge|linear,4,0.7290688575899844,0.030977198171679276,0.4792890823357242,0.05238112857339785,0.8306260250489732,0.038962715092450834,0.5297219563403217,0.061909397271222966,0.009574625199999787,0.0005896799087433833,0.001329503400000931,0.0002973709166799812,0.8089887640449438,0.5692764336917563,0.8744853162364326,0.676573399600964
modis,standard,uniform,pca,kridge,poly,standard|uniform|pca|kridge|poly,4,0.7318270735524257,0.027440585880174763,0.5113972341378448,0.05062787729077478,0.8684451829438972,0.022711979317444477,0.5356872936529854,0.052908290260388235,0.011719373799999743,0.0014473042121160718,0.0014132148999991046,0.00018379073277009634,0.8089887640449438,0.6129364933927881,0.9099804516542751,0.6722151584905164
modis,standard,uniform,pca,kridge,rbf,standard|uniform|pca|kridge|rbf,4,0.754225352112676,0.03509505736697818,0.5761157328225307,0.07389383098137682,0.9072339414601786,0.023277067495261507,0.5845547454300261,0.06203496338939397,0.009313017399999523,0.00028599514615595966,0.0012835350000003133,5.114128468801602e-05,0.797752808988764,0.6343151425882237,0.942682078911038,0.6648250300261765
modis,standard,uniform,pca,kridge,hyperbolic,standard|uniform|pca|kridge|hyperbolic,4,0.5785211267605634,0.1131318860955845,0.4418478153840534,0.09506925071195498,0.7191917283089765,0.10071099530621046,0.36083140436806316,0.11020511801416055,0.009534069600002226,0.0004827508324856734,0.0011977487999985214,4.637772979491204e-05,0.7528089887640449,0.5843130217632582,0.8532245191898233,0.5816529708072224
modis,standard,uniform,pca,kridge,triangle,standard|uniform|pca|kridge|triangle,4,0.6126956181533647,0.13917239738900614,0.4539698012988356,0.15953502710412806,0.7152932723614699,0.11694899576070134,0.390210271165515,0.20493177856246123,0.011053394100001413,0.0016287619236500179,0.0015160721000000877,9.919798173196676e-05,0.7865168539325843,0.6079597821533306,0.8762269226456791,0.6441424729414346
modis,standard,uniform,pca,kridge,radial_basic,standard|uniform|pca|kridge|radial_basic,4,0.7668231611893583,0.032171505267769455,0.6175391692060652,0.0716261196256157,0.8751245175967716,0.043071985757839965,0.6155506746627589,0.05560915520110608,0.012214317799998754,0.0007305033459369758,0.0027107858000007925,0.00013500394709520347,0.8764044943820225,0.7629599567099568,0.9185851753483153,0.7914945951272856
modis,standard,uniform,pca,kridge,rquadratic,standard|uniform|pca|kridge|rquadratic,4,0.7823552425665101,0.049501589324352356,0.6337505398206827,0.0938799480428329,0.9107749477029058,0.025103765344198777,0.6364476745268146,0.08506380243441837,0.009775210699997672,0.0005929665810995091,0.0013720518000013727,0.00010458963063064185,0.8202247191011236,0.6577852880282548,0.9378770018155109,0.6966088081670414
modis,standard,uniform,pca,kridge,canberra,standard|uniform|pca|kridge|canberra,4,0.7486306729264476,0.02963713655848604,0.5684549290281014,0.06708145871678059,0.8690687166774154,0.03558565095476432,0.5816506784535129,0.04961378309844931,0.017860864399996502,0.002468767625465426,0.003791758500003084,0.0004967293156809576,0.8426966292134831,0.7030844155844156,0.9212756498697756,0.7328925427210307
modis,standard,uniform,pca,kridge,truncated,standard|uniform|pca|kridge|truncated,4,0.745774647887324,0.03009825431891944,0.5542690526583167,0.07391397908553572,0.872372721495165,0.04174706229002432,0.573964412613776,0.04957311632586066,0.012420252399998333,0.00027159143421870153,0.0029096843999994347,7.930550209781326e-05,0.8539325842696629,0.6950310559006212,0.9305661185599352,0.7523014649134067
modis,standard,uniform,lda,ksvc,linear,standard|uniform|lda|ksvc|linear,4,0.7907472613458529,0.03768865193333105,0.6358202324686367,0.06183267718976081,0.8502311754603162,0.018423909184425623,0.6542086347258147,0.0623885916005295,0.009948772599999245,0.001801073333133446,0.0011780568000020254,0.00012383267851457912,0.8089887640449438,0.6253357753357753,0.8526885001464183,0.6751511574469019
modis,standard,uniform,lda,ksvc,poly,standard|uniform|lda|ksvc|poly,4,0.6952660406885759,0.021281121398769677,0.49535035120294574,0.05031773606005565,0.8046409736910606,0.032545173875860665,0.4659771082351292,0.0410521507098202,0.0093494237999991,0.000534490692495912,0.001411455800001704,0.00015483375553736417,0.6741573033707865,0.38441905687894995,0.7900351167484455,0.389768660428323
modis,standard,uniform,lda,ksvc,rbf,standard|uniform|lda|ksvc|rbf,4,0.7879303599374022,0.04706688672327006,0.6221593805816708,0.0750534548925216,0.8889609855910404,0.027656932247308075,0.6501510463540576,0.07699681307975714,0.008365474600002188,0.00038154026086874374,0.0014036356000005413,5.0007591863591975e-05,0.797752808988764,0.6060328185328185,0.8467023607868678,0.6555151574602606
modis,standard,uniform,lda,ksvc,hyperbolic,standard|uniform|lda|ksvc|hyperbolic,4,0.7373630672926448,0.030928323669056033,0.5663857181060121,0.05808631987795474,0.8382830972180155,0.041677509920476634,0.5724278975749034,0.054423115502325196,0.008267430200000092,0.0004043102533650926,0.0013012865000007422,9.039737113481358e-05,0.7078651685393258,0.48766025641025645,0.7550595151720195,0.5160541974141537
modis,standard,uniform,lda,ksvc,triangle,standard|uniform|lda|ksvc|triangle,4,0.7920579029733958,0.05403256845165278,0.6407600004131623,0.09469995105433564,0.9009019035377481,0.02804182175928872,0.6570291240087982,0.08951217206075564,0.00871481739999922,0.0004593026804708403,0.0015038827000026344,5.658517057811566e-05,0.797752808988764,0.6060328185328185,0.8695439155547366,0.6555151574602606
modis,standard,uniform,lda,ksvc,radial_basic,standard|uniform|lda|ksvc|radial_basic,4,0.7639475743348982,0.0463324715212822,0.6090992829732004,0.06841390574508031,0.8964805246187824,0.03368478181841489,0.6156186414869065,0.07364732954233022,0.012492197800000326,0.00032665716176192,0.002960599400000774,0.00017813709777705862,0.7865168539325843,0.5763239875389408,0.8701254446488043,0.6322798415272045
modis,standard,uniform,lda,ksvc,rquadratic,standard|uniform|lda|ksvc|rquadratic,4,0.7836854460093897,0.04985102186141775,0.6191197150753898,0.08640773169453732,0.9048643442329547,0.03017871169337066,0.6438341547809306,0.08261764167840414,0.008653853699999558,0.0005465695895555224,0.0014725262000013118,0.00010656600749878132,0.8089887640449438,0.6190966546801787,0.8855455577157741,0.6745794999805572
modis,standard,uniform,lda,ksvc,canberra,standard|uniform|lda|ksvc|canberra,4,0.775254303599374,0.0232339417565334,0.6208014466758628,0.049842189400211935,0.9063518483056928,0.026079078305196852,0.6300124481316202,0.04045299173735647,0.014900012100002868,0.0010233160961221096,0.003524006600000007,0.00011899821481828148,0.8089887640449438,0.6572327044025157,0.8945662314779456,0.6748316406491643
modis,standard,uniform,lda,ksvc,truncated,standard|uniform|lda|ksvc|truncated,4,0.7851330203442879,0.03616428941808257,0.6399580344477837,0.0728821298888855,0.9157158973489509,0.028173226268934395,0.6463894410362518,0.06305011521801769,0.012856829399999015,0.0009640393768712124,0.0032282439000013595,0.0003705361885941432,0.8651685393258427,0.7264652014652015,0.9098617673205445,0.7714898172013926
modis,standard,uniform,lda,kann,linear,standard|uniform|lda|kann|linear,4,0.7683098591549296,0.04222203338688045,0.6020288396416762,0.07509635156063561,0.9223870600891739,0.02461766281686521,0.6189943640628989,0.07000934466656718,0.14154125360000194,0.0466848215740684,0.0010540753999990216,0.00019415071873183374,0.8202247191011236,0.6536098310291858,0.9258792008491425,0.7007126724524082
modis,standard,uniform,lda,kann,poly,standard|uniform|lda|kann|poly,4,0.7807902973395932,0.04697399751915199,0.6342825572565938,0.08208156051577724,0.9258894245012984,0.02810196421214491,0.6406241402730933,0.07677448294340129,0.21768262490000154,0.05359304216583321,0.0014136640999979021,0.00023536744900025275,0.7865168539325843,0.5980200667662627,0.9329716194625159,0.640435983852555
modis,standard,uniform,lda,kann,rbf,standard|uniform|lda|kann|rbf,4,0.7611111111111112,0.04512756236124226,0.601949553515838,0.07756338324788065,0.9233249441759082,0.024788054249264998,0.6106192861112222,0.07188041245833716,0.2034183380000016,0.02449230728250336,0.001395259699998519,0.00010168844339068301,0.8314606741573034,0.6421361657210714,0.9355475941700607,0.7112449874086167
modis,standard,uniform,lda,kann,hyperbolic,standard|uniform|lda|kann|hyperbolic,4,0.7879303599374021,0.044664046000430724,0.6461111694235278,0.08168437603281666,0.9155505384559216,0.025304506950591513,0.6521962341269377,0.0723217437337171,0.18965474689999695,0.030882920061797083,0.0013032994000042209,4.8346450417239646e-05,0.8314606741573034,0.6565217801066857,0.9470777907955854,0.7120258701243866
modis,standard,uniform,lda,kann,triangle,standard|uniform|lda|kann|triangle,4,0.786365414710485,0.04453687376862172,0.6334266435701885,0.07816224802655711,0.9307335672924436,0.021699654028430597,0.6487377614188875,0.07143305038663435,0.1991375935999983,0.011451384796753398,0.0014315464000020483,6.66663470791491e-05,0.7528089887640449,0.5496329699920692,0.9170181155753124,0.5844386672788954
modis,standard,uniform,lda,kann,radial_basic,standard|uniform|lda|kann|radial_basic,4,0.7625195618153364,0.03549521803594516,0.5968483878329527,0.0735407449324064,0.9111030239300952,0.029760197832170376,0.6109151989254518,0.059942737912023265,0.2083596356000001,0.028320306671699085,0.0018615828000008606,0.00026067622204145016,0.797752808988764,0.6381519445281881,0.9156043526964173,0.6558401047884883
modis,standard,uniform,lda,kann,rquadratic,standard|uniform|lda|kann|rquadratic,4,0.7695422535211267,0.03469653745714543,0.6198502515374198,0.062000719749326326,0.9256311047283408,0.02224061718295599,0.6244267092697661,0.056390761233586786,0.2159123693999973,0.020733718648950974,0.001352415500002735,9.607431119301084e-05,0.797752808988764,0.6090679267704795,0.9314438884174371,0.6550077428526813
modis,standard,uniform,lda,kann,canberra,standard|uniform|lda|kann|canberra,4,0.775293427230047,0.03604639221478581,0.6191862208045564,0.09371727185102173,0.9131179713916383,0.022734098982795565,0.631093140808665,0.06412833178787845,0.22317134240000058,0.02908762259107441,0.002168985100000498,0.0003959531523868986,0.7752808988764045,0.6118348244958289,0.8946825421404604,0.6174760269516572
modis,standard,uniform,lda,kann,truncated,standard|uniform|lda|kann|truncated,4,0.7625782472613458,0.03451760396818223,0.6051882675307504,0.06927444972552177,0.914527847739186,0.02308001783572187,0.6114200613659251,0.05998811915118516,0.22092898269999922,0.011685514259876089,0.001961057399999788,0.0001778578571515065,0.7640449438202247,0.5819816075655897,0.9122111280519045,0.6086042499064528
modis,standard,uniform,lda,kridge,linear,standard|uniform|lda|kridge|linear,4,0.748689358372457,0.035115507888674034,0.4825629081893572,0.055013861566323485,0.8701039751238463,0.027262350606749048,0.5719225117107533,0.06288448751908361,0.009329412600000354,0.0003972417478554438,0.0011035683999978119,7.434673432220733e-05,0.797752808988764,0.5294871794871795,0.8994289150592827,0.645635028267675
modis,standard,uniform,lda,kridge,poly,standard|uniform|lda|kridge|poly,4,0.7781103286384977,0.03342826861627129,0.552578882560295,0.03625974288743583,0.91426443361614,0.026984428576072667,0.6246485159372167,0.0572389905552595,0.00964677969999741,0.00039115385268918016,0.0011507008000009478,5.243312231203779e-05,0.8089887640449438,0.5925052410901467,0.9032728964024053,0.6737614016929665
modis,standard,uniform,lda,kridge,rbf,standard|uniform|lda|kridge|rbf,4,0.7809663536776213,0.045186057388625064,0.6077315394988902,0.07148484371456504,0.9254711871991821,0.027074482098794952,0.6379329325420484,0.07375166524654482,0.009934544600000095,0.0006094941380490972,0.0013048574999984907,9.960618358558777e-05,0.8089887640449438,0.6496703296703297,0.9250611395922286,0.6757076416392481
modis,standard,uniform,lda,kridge,hyperbolic,standard|uniform|lda|kridge|hyperbolic,4,0.6782668231611895,0.13008586117075333,0.5174059414956471,0.08884745689974685,0.7970320984004615,0.07574732836440497,0.5069139641022982,0.1469426476647693,0.010023792699999489,0.00040118524926869263,0.0012034873000018819,5.745898715213368e-05,0.6067415730337079,0.4606287993920973,0.7535364811000331,0.4339463736684398
modis,standard,uniform,lda,kridge,triangle,standard|uniform|lda|kridge|triangle,4,0.7414319248826291,0.1273610826662321,0.5775554538222472,0.13966102420185844,0.8807794249329929,0.05764388250729768,0.5892500881665181,0.16221766267646098,0.010258678100001362,0.0005449789100183748,0.0014718719999976316,9.768362571794452e-05,0.7078651685393258,0.5479774021045368,0.7375959087999623,0.5241623806064177
modis,standard,uniform,lda,kridge,radial_basic,standard|uniform|lda|kridge|radial_basic,4,0.7751369327073553,0.03941005936179571,0.6304371183388117,0.06775870332982269,0.883479244129644,0.03372536477544,0.6347538261100389,0.06673885963626308,0.012513743599996019,0.00035223308545881263,0.002644990399998903,8.152398062957959e-05,0.797752808988764,0.6384139009139009,0.8620241739659465,0.6488223564759565
modis,standard,uniform,lda,kridge,rquadratic,standard|uniform|lda|kridge|rquadratic,4,0.7893192488262911,0.055066423307886594,0.6301839176183124,0.1046551913671906,0.9254744896516091,0.027215970996478666,0.6532174705232274,0.08872856767137251,0.009684372400003837,0.00039214784300063135,0.0013004102999971678,9.426436114027417e-05,0.8089887640449438,0.6496703296703297,0.9299598041439332,0.6757076416392481
modis,standard,uniform,lda,kridge,canberra,standard|uniform|lda|kridge|canberra,4,0.7682120500782472,0.03735600548135514,0.6145405867201835,0.06939304455820113,0.9098476599719904,0.027896608378686207,0.6188497064766898,0.06470652109969703,0.01646777829999877,0.0012044714166368222,0.0037110282000000438,0.0007968888168002275,0.7415730337078652,0.5131365706512095,0.8987378950664764,0.5601666144151429
modis,standard,uniform,lda,kridge,truncated,standard|uniform|lda|kridge|truncated,4,0.7667840375586854,0.04959268927158557,0.6154461393039299,0.08921318775587327,0.9131902242625921,0.03108916786172502,0.6160271889567434,0.08224185188344627,0.013754627500000538,0.0009451421311933465,0.0031367054000014604,0.0003339359160070174,0.7752808988764045,0.5876165501165501,0.9056103245599982,0.6251151629140874
modis,standard,kmeans,pca,ksvc,linear,standard|kmeans|pca|ksvc|linear,4,0.7359546165884193,0.02547576300812495,0.4417183806266836,0.051957473202051185,0.7668698382899949,0.02267448579337636,0.5607993096336897,0.04895724530247515,0.017687401800000658,0.002206939651390294,0.001251592599999185,2.7334376375289255e-05,0.7865168539325843,0.4553245597304343,0.7870718162499337,0.6462423054824064
modis,standard,kmeans,pca,ksvc,poly,standard|kmeans|pca|ksvc|poly,4,0.5787363067292645,0.021919564735563276,0.27009663277069557,0.04039622617104271,0.6556305647849099,0.026935786508616735,0.17802828673994245,0.06033913598764676,0.017332463200001768,0.0025400271125338492,0.0017710942999997314,0.0002844227403711222,0.6179775280898876,0.2702279202279202,0.7295702041064459,0.23104551819436642
modis,standard,kmeans,pca,ksvc,rbf,standard|kmeans|pca|ksvc|rbf,4,0.7640453834115805,0.03159161509932595,0.5745747452760928,0.05459313856248939,0.8621737908026829,0.02179259162936801,0.6145073049258778,0.05459638016915561,0.009269823900000062,0.000557365746685607,0.0017087845999995467,0.0002661052057913614,0.8202247191011236,0.6340811965811965,0.8844496419857121,0.7001711685389568
modis,standard,kmeans,pca,ksvc,hyperbolic,standard|kmeans|pca|ksvc|hyperbolic,4,0.5308098591549296,0.05468756909217929,0.3325565902240501,0.08137384434186883,0.6713891273191674,0.03738464878420981,0.2191979648296319,0.10306434295869077,0.008173512100000835,0.00025457193661322414,0.001359721000000036,5.2098030051585164e-05,0.5393258426966292,0.344618682853977,0.6639912087138126,0.19559865213034044
modis,standard,kmeans,pca,ksvc,triangle,standard|kmeans|pca|ksvc|triangle,4,0.7641236306729264,0.025355815465345197,0.6059546042258164,0.0610325370535733,0.8711173559246397,0.02276456962869266,0.6129220958672322,0.04239860559190396,0.009656577199999105,0.0009491037702551892,0.0016778325000004202,0.00010965021058794378,0.8314606741573034,0.6397759103641456,0.8973593007430177,0.718207872975897
modis,standard,kmeans,pca,ksvc,radial_basic,standard|kmeans|pca|ksvc|radial_basic,4,0.7837441314553991,0.030230477495835864,0.6463311369374298,0.057837677690482606,0.8817659243979724,0.031633504580265266,0.6479298483611039,0.04916890154347782,0.011553062000001547,0.0005295666528618735,0.0028017442999995978,6.7643404202125e-05,0.8426966292134831,0.6812479311486264,0.9235569534435903,0.7327811914674803
modis,standard,kmeans,pca,ksvc,rquadratic,standard|kmeans|pca|ksvc|rquadratic,4,0.7823356807511737,0.019540078777226685,0.6204550655148782,0.04700326111128201,0.8728765468819034,0.026719249210592266,0.6434816350235746,0.03296392601898672,0.008914951799999926,0.000684018674496404,0.0015141326000019718,0.0001355307567995053,0.8089887640449438,0.6236078587651116,0.8788257664502942,0.6797031931097497
modis,standard,kmeans,pca,ksvc,canberra,standard|kmeans|pca|ksvc|canberra,4,0.754264475743349,0.03950569833252865,0.5727930871407552,0.07173187010488496,0.8771674114332176,0.020243069021084296,0.5957390286308454,0.067812511383529,0.0159204613999961,0.002435697418805388,0.0039406479000035684,0.0005417153004267859,0.8539325842696629,0.6905186316951023,0.9019455135909962,0.7601625191232957
modis,standard,kmeans,pca,ksvc,truncated,standard|kmeans|pca|ksvc|truncated,4,0.730359937402191,0.03273411309721354,0.5483871521295285,0.0620417526427934,0.8734800403500886,0.015836037658499207,0.5553111485166318,0.05207388995312563,0.013124782200002016,0.0016179068423188773,0.00344962750000235,0.00046343993345335623,0.8876404494382022,0.7874296435272046,0.8822305600045209,0.8129359366150554
modis,standard,kmeans,pca,kann,linear,standard|kmeans|pca|kann|linear,4,0.7710680751173709,0.03983337808660255,0.6147973824688594,0.06980891946759976,0.9029746132482938,0.030835982847209637,0.6263985773662002,0.06829891880350028,0.16456074260000123,0.05148430189986584,0.0011611906999988264,0.00024504539884476,0.7865168539325843,0.568543956043956,0.9280209132708275,0.6397855618111102
modis,standard,kmeans,pca,kann,poly,standard|kmeans|pca|kann|poly,4,0.7765845070422535,0.029222272048314162,0.6330169192693187,0.050072003061130535,0.901018329396942,0.031557653185816444,0.6382087090373912,0.04637287010407064,0.20524175850000007,0.04718583901106357,0.0015453715000049329,0.0003053771288029152,0.8539325842696629,0.69757326007326,0.9488412044878896,0.7610343824103274
modis,standard,kmeans,pca,kann,rbf,standard|kmeans|pca|kann|rbf,4,0.7863849765258216,0.03243265343869181,0.6337181643261623,0.0690619916634048,0.8997912947741217,0.03455564336995774,0.6542022694304841,0.048474432511228654,0.21226994940000027,0.02347022574730668,0.0013884957999977133,8.104854215432161e-05,0.8202247191011236,0.6227027396324383,0.93514709724775,0.6986744191688893
modis,standard,kmeans,pca,kann,hyperbolic,standard|kmeans|pca|kann|hyperbolic,4,0.7751956181533647,0.03915641558005584,0.6288174491910608,0.056905991781503476,0.8947778500818677,0.026813169595714524,0.6343254479891107,0.06155381431117945,0.22614770690000086,0.029384295561140805,0.0014564406999994616,0.00017805619857446734,0.8539325842696629,0.7014652014652014,0.9188621658133853,0.7530566986616233
modis,standard,kmeans,pca,kann,triangle,standard|kmeans|pca|kann|triangle,4,0.7612871674491394,0.03592398365717579,0.6070824372483434,0.06471113399581768,0.8904414116679904,0.02538786489381,0.6119649184884564,0.05784888728827458,0.22420269789999878,0.023754498419327426,0.0016185196999998653,0.0003046124697122147,0.8314606741573034,0.6651629072681704,0.9417699498213068,0.7148339133474328
modis,standard,kmeans,pca,kann,radial_basic,standard|kmeans|pca|kann|radial_basic,4,0.7486697965571205,0.029764516096483205,0.5849269501526198,0.06137864754487726,0.890734704713892,0.029021244180232407,0.5899596925851825,0.05010464800402114,0.25258687409999964,0.06617534381760491,0.0021569941999999287,0.0005684909979292635,0.8764044943820225,0.7389652014652015,0.9422490202720364,0.7916416417709408
modis,standard,kmeans,pca,kann,rquadratic,standard|kmeans|pca|kann|rquadratic,4,0.7695813771517998,0.029685938318040256,0.6135518563083476,0.05506341482873461,0.89441062412932,0.026508540778607412,0.6256806719732272,0.04752561411093468,0.21028322500000202,0.03711588088212022,0.0014871917999997209,0.00016414975112316713,0.8089887640449438,0.611942666372365,0.945722001544743,0.6824511846405803
modis,standard,kmeans,pca,kann,canberra,standard|kmeans|pca|kann|canberra,4,0.740199530516432,0.042877473379489,0.5804316199310066,0.06824555358353614,0.8922066988109172,0.024281189733049362,0.5780786206827572,0.07034887958968152,0.22492026800000103,0.022101039753709303,0.0023253367999998887,0.00036627048343422817,0.8764044943820225,0.7577694235588972,0.9419592810180237,0.7925504745790836
modis,standard,kmeans,pca,kann,truncated,standard|kmeans|pca|kann|truncated,4,0.7725156494522692,0.04336398013323805,0.6299006625355268,0.06702856617229914,0.8982156973020601,0.024029076685922638,0.6275627639982456,0.07184941109888304,0.20836727289999998,0.013944635414901752,0.0018708326000009378,0.0001265156760816385,0.8764044943820225,0.7563186813186813,0.9348369709070499,0.7914087165732959
modis,standard,kmeans,pca,kridge,linear,standard|kmeans|pca|kridge|linear,4,0.7247261345852896,0.019839963053227553,0.39715485899518566,0.014028754201115106,0.8153010454132105,0.04612979261212145,0.5410429162957815,0.03790900243638945,0.009493131599998605,0.001285002826727278,0.0011618198000007852,0.00017369012797300293,0.7528089887640449,0.3993764172335601,0.8587657524878411,0.5826939105423105
modis,standard,kmeans,pca,kridge,poly,standard|kmeans|pca|kridge|poly,4,0.7079029733959311,0.029777084148383523,0.41877744469329314,0.04762802525539812,0.8592832227449106,0.04246877043621099,0.5065541586108726,0.051490367006454985,0.01142003779999925,0.0010681046379216648,0.0014084770999971852,0.00016913959072631878,0.797752808988764,0.5165838430173293,0.9173706320305428,0.6550885618254653
modis,standard,kmeans,pca,kridge,rbf,standard|kmeans|pca|kridge|rbf,4,0.7556142410015649,0.02818954198265813,0.5491060955101776,0.06257674975044283,0.8884390230325458,0.03454708592303298,0.591472331798355,0.05052318362715252,0.009372578000002818,0.0004084069832351518,0.0013249384999994619,0.00015593863122021035,0.8089887640449438,0.6170080258494892,0.9281599279452251,0.6809280613448491
modis,standard,kmeans,pca,kridge,hyperbolic,standard|kmeans|pca|kridge|hyperbolic,4,0.5816901408450704,0.10706727167187052,0.4296106336333029,0.10858969749250826,0.6456320303800747,0.11479656991363853,0.3361961841662717,0.15860366975162268,0.010637986800003319,0.0011884055410322136,0.0014164367999995875,0.00018465355295949252,0.7191011235955056,0.5363606253312135,0.8083150568121369,0.5493671098294667
modis,standard,kmeans,pca,kridge,triangle,standard|kmeans|pca|kridge|triangle,4,0.6475547730829422,0.09430111873051102,0.5128076907379956,0.09383376549450509,0.7201523928943871,0.08045734701248107,0.4590809516360047,0.13294395641376763,0.009578569000004223,0.0004660930584226938,0.0014386520999977392,3.776533040532856e-05,0.8426966292134831,0.6629084778642526,0.8898496264521686,0.7348505403736917
modis,standard,kmeans,pca,kridge,radial_basic,standard|kmeans|pca|kridge|radial_basic,4,0.759839593114241,0.036511668200438656,0.599432021442617,0.06007822756705316,0.8826547192062885,0.02171109278744159,0.6070089426876254,0.06049429455367723,0.011706662999992545,0.000542853728538626,0.002598475200002781,4.179004374114632e-05,0.8314606741573034,0.6666895604395604,0.9000578064044227,0.7169684241362262
modis,standard,kmeans,pca,kridge,rquadratic,standard|kmeans|pca|kridge|rquadratic,4,0.7851134585289515,0.03632898829335322,0.6282157697668342,0.07491141828505955,0.8992993045859767,0.03148952091211049,0.6439001671444212,0.06198197270541318,0.011941609000004405,0.001138893408535817,0.0017128148999944414,0.00016661244453463562,0.8314606741573034,0.6569235588972431,0.9120163487219483,0.7153976255361102
modis,standard,kmeans,pca,kridge,canberra,standard|kmeans|pca|kridge|canberra,4,0.7317292644757434,0.02523721848149424,0.5142232064376161,0.04441044728945436,0.8561475287211662,0.030109655697662524,0.5585367556787617,0.04183970596766601,0.015074534299992592,0.00044819668344424547,0.0032365255000087246,0.00010436921918743921,0.8539325842696629,0.6939336978810662,0.9103692097508655,0.7572511365125192
modis,standard,kmeans,pca,kridge,truncated,standard|kmeans|pca|kridge|truncated,4,0.7401799687010955,0.014908333702716249,0.528719659793453,0.03802061198780785,0.8679275022183812,0.023294477044855155,0.568565422169945,0.025981264685340212,0.013142758199992954,0.0004872910098892188,0.0031216153000059423,0.00020197900308854662,0.8539325842696629,0.6845630370953111,0.9150042829834998,0.7533863070871271
modis,standard,kmeans,lda,ksvc,linear,standard|kmeans|lda|ksvc|linear,4,0.8019561815336462,0.0261326134153757,0.6475512531584641,0.043921286226321014,0.8632354749027427,0.02678659894270536,0.6759493507554163,0.04381660751140611,0.010010623799999507,0.0005614567692192593,0.0011622377000037431,2.3246965969118757e-05,0.8314606741573034,0.6508940620782726,0.8552520775554097,0.7152442711258357
modis,standard,kmeans,lda,ksvc,poly,standard|kmeans|lda|ksvc|poly,4,0.6868153364632237,0.03908677189152117,0.43061748842734693,0.056524798159915866,0.7903717453191808,0.034472544824482386,0.4480304518628354,0.07944901462375438,0.009458198900003368,0.0003992173435283058,0.001484891900000207,0.00041568131254927546,0.6853932584269663,0.408957033957034,0.7964273438981444,0.4239096931072295
modis,standard,kmeans,lda,ksvc,rbf,standard|kmeans|lda|ksvc|rbf,4,0.8061619718309858,0.024734753281884667,0.6502010100376927,0.04542351127300598,0.8898440371338063,0.03542516171642948,0.6823269916916781,0.041476732042872874,0.008413100299992492,0.0003469758059172216,0.001404258600004482,6.304637013410557e-05,0.8314606741573034,0.6426952112927722,0.8419264600344984,0.7164983229965044
modis,standard,kmeans,lda,ksvc,hyperbolic,standard|kmeans|lda|ksvc|hyperbolic,4,0.7316901408450704,0.05499520255248918,0.5719938213337141,0.08026554487051997,0.8426825071450186,0.032623650537316924,0.5701726036930839,0.090141874913487,0.008347928300003105,0.00033012049012358255,0.0013358474999932922,5.8373736447988616e-05,0.7303370786516854,0.5485115560285044,0.7834985969003488,0.554102468316036
modis,standard,kmeans,lda,ksvc,triangle,standard|kmeans|lda|ksvc|triangle,4,0.8032668231611894,0.037415781005826515,0.6527712228449254,0.05695442346207386,0.8879040712640013,0.033962426259417075,0.6781767629251327,0.0603739573273094,0.010367944000003603,0.0015568820811334904,0.0018815083000049526,0.0003954864242646662,0.8202247191011236,0.5993425053207662,0.8218710082330831,0.6964721589128017
modis,standard,kmeans,lda,ksvc,radial_basic,standard|kmeans|lda|ksvc|radial_basic,4,0.7695618153364633,0.026693417322901883,0.596768236055955,0.047690468711013546,0.9090614718179639,0.02975087496351625,0.6232523062796417,0.04898794778281741,0.012119068699993818,0.000723101030992817,0.0027467494000092073,8.731448166885327e-05,0.8089887640449438,0.5867290414222556,0.9048929559922345,0.6703303911326162
modis,standard,kmeans,lda,ksvc,rquadratic,standard|kmeans|lda|ksvc|rquadratic,4,0.8032863849765259,0.03154884122654618,0.6469892684279172,0.04567652403948329,0.8964774301692442,0.03679711066920849,0.6784590496380553,0.05209404667773872,0.00867814060000569,0.0004893920459374191,0.0014259480999953666,7.520584064727747e-05,0.8314606741573034,0.6421620046620047,0.8438843203743582,0.7157633690183419
modis,standard,kmeans,lda,ksvc,canberra,standard|kmeans|lda|ksvc|canberra,4,0.787754303599374,0.047736975497301416,0.6264320892951379,0.08050688308778595,0.8924869557407661,0.03210160751666584,0.6521964127783881,0.07900021122994759,0.014273220199999059,0.0004213609878794876,0.0035660510999974806,0.00019303916190061744,0.8314606741573034,0.6063146997929607,0.8353918802433058,0.7135880619777066
modis,standard,kmeans,lda,ksvc,truncated,standard|kmeans|lda|ksvc|truncated,4,0.8018583724569639,0.034045858328920896,0.6410881960822848,0.0603200760990783,0.9107029480942005,0.023958901860059365,0.6768271549934652,0.057540471124397016,0.01250864730000103,0.0005147227407225357,0.003108316400002309,0.0001440978453588016,0.8426966292134831,0.6277472527472527,0.8387987455103566,0.7326227417150084
modis,standard,kmeans,lda,kann,linear,standard|kmeans|lda|kann|linear,4,0.786521909233177,0.028712298298737646,0.6391387249763792,0.044798599633283115,0.8986497025452256,0.040173587758910896,0.6522314743261266,0.04728568756521274,0.13713037289999477,0.022007643236795944,0.001059164800005874,0.0001994295501590176,0.8202247191011236,0.6467907092907093,0.9160535988301362,0.6997872340425532
modis,standard,kmeans,lda,kann,poly,standard|kmeans|lda|kann|poly,4,0.785054773082942,0.027017315046685947,0.6285182255021765,0.043349053186770306,0.9074239024315048,0.030611667341101722,0.6497693556337862,0.04406444110622078,0.20094137829999567,0.030290371645164665,0.001327938500003256,0.0001391146539139705,0.8314606741573034,0.6482745699199455,0.9311519833462465,0.7178045554078587
modis,standard,kmeans,lda,kann,rbf,standard|kmeans|lda|kann|rbf,4,0.7835876369327074,0.03823855967922846,0.6303234878185766,0.04794381568650329,0.9159236701862881,0.03466326148866336,0.6466584976071473,0.06299392924553728,0.23194198129999394,0.021052754479380577,0.001474993400009339,0.0001630632869883745,0.8426966292134831,0.6712283437283437,0.9398412811544037,0.7344644992882206
modis,standard,kmeans,lda,kann,hyperbolic,standard|kmeans|lda|kann|hyperbolic,4,0.7906103286384977,0.03837797957940263,0.6297810952255148,0.06038257332055678,0.9127582705326447,0.03448815249603725,0.6583482625579807,0.06365767699497354,0.19254671169999824,0.025574202796420628,0.001303754099998855,0.0001831282076433229,0.8426966292134831,0.6309667795516851,0.9389058170834194,0.7311578908256972
modis,standard,kmeans,lda,kann,triangle,standard|kmeans|lda|kann|triangle,4,0.7851134585289514,0.04591758543758667,0.6354381214200708,0.07250635662421333,0.9215635161665088,0.028456763681610375,0.6483611503018712,0.07649799601268338,0.19897934020000035,0.012411709220029068,0.0014292320999999219,5.0689674154105934e-05,0.8089887640449438,0.6008320383320384,0.9233823671946311,0.6783665059060846
modis,standard,kmeans,lda,kann,radial_basic,standard|kmeans|lda|kann|radial_basic,4,0.7794014084507043,0.03912841759099788,0.6275746494725428,0.0681316169399227,0.9051270194580978,0.021324503080552924,0.640736129221684,0.06944844703213743,0.214806935499999,0.024895340037826983,0.002023423900007515,0.00038018818621921095,0.7865168539325843,0.5684246309246309,0.888304666709854,0.6402992807953396
modis,standard,kmeans,lda,kann,rquadratic,standard|kmeans|lda|kann|rquadratic,4,0.7948356807511738,0.030490338348563534,0.645402815075158,0.0432643026706411,0.9176739666734871,0.031497823360456596,0.664761071674812,0.04914521813191687,0.20367610600000602,0.026434314305717247,0.0013981008999991219,9.14987899297737e-05,0.8314606741573034,0.6508940620782726,0.9288216977799596,0.7152442711258357
modis,standard,kmeans,lda,kann,canberra,standard|kmeans|lda|kann|canberra,4,0.7625195618153365,0.04581160164384533,0.5887610892529385,0.07406616103132013,0.8980104872599005,0.03543289083395264,0.6118276194327005,0.07774282480300582,0.2117594894999968,0.011961730459812253,0.0022572639000003392,0.0007060440000266034,0.797752808988764,0.5985347985347985,0.9149286573496467,0.6566694263470048
modis,standard,kmeans,lda,kann,truncated,standard|kmeans|lda|kann|truncated,4,0.7794405320813771,0.03485508937696599,0.6142531864078775,0.07097573590308183,0.910485544554159,0.02971826072598469,0.6398111073897866,0.0583750771250649,0.2199203840000024,0.011152818533475002,0.0018982696999984227,8.512825736679727e-05,0.8089887640449438,0.5960481635481636,0.9214849940545577,0.6774249352073727
modis,standard,kmeans,lda,kridge,linear,standard|kmeans|lda|kridge|linear,4,0.7696596244131455,0.01900020862312943,0.4443103948147641,0.03382389332147848,0.8581259310170056,0.03845451513985656,0.624252293557271,0.03314056869478177,0.010237475799999628,0.0008130201894127719,0.001125283299998614,8.929372687633263e-05,0.7865168539325843,0.45353835978835977,0.8753290019607437,0.6432708440549305
modis,standard,kmeans,lda,kridge,poly,standard|kmeans|lda|kridge|poly,4,0.7836854460093898,0.02767469564829419,0.5711004793132158,0.057061073852243474,0.9040315593788207,0.021262481417429827,0.640944398930883,0.04687397717418427,0.009502534499998206,0.0005914473033825163,0.001132838399999514,1.8865116952051308e-05,0.8426966292134831,0.6349098461247994,0.8823292391439076,0.7300432631049065
modis,standard,kmeans,lda,kridge,rbf,standard|kmeans|lda|kridge|rbf,4,0.8005477308294211,0.04087906668492859,0.6464993228309327,0.07362556127542412,0.9180423194079962,0.029270680511483328,0.6726218632634205,0.06934052096977641,0.011345830900006603,0.0018169295238545423,0.001451021499997296,0.00021469280313525887,0.8314606741573034,0.6512681159420289,0.9224133908306014,0.7153470362624123
modis,standard,kmeans,lda,kridge,hyperbolic,standard|kmeans|lda|kridge|hyperbolic,4,0.6276017214397497,0.13211930459261373,0.4897662558886145,0.10076610995137127,0.70305323912476,0.12413035728580636,0.45327347613581265,0.14932013397714336,0.011009337899997718,0.0014226582946226512,0.0013675141999982543,0.00023739867938657447,0.8764044943820225,0.7612369651204604,0.8541245651774679,0.7942080198879318
modis,standard,kmeans,lda,kridge,triangle,standard|kmeans|lda|kridge|triangle,4,0.7654147104851331,0.047859358150620895,0.6072923613641927,0.06890011811501373,0.8591823969108084,0.03901905456334057,0.6191980809015222,0.07645711811667279,0.010437212099995463,0.0005887379731455351,0.0016021958999942853,0.0005012620243883075,0.7752808988764045,0.5952126100640952,0.8401135078393752,0.6315561373219271
modis,standard,kmeans,lda,kridge,radial_basic,standard|kmeans|lda|kridge|radial_basic,4,0.7850156494522691,0.04135523834215668,0.6260520713237038,0.059256242478982576,0.8722431923759233,0.04978816129374621,0.6480477551637236,0.07003621538815014,0.013106685700000753,0.00146425158987997,0.0029338506999920357,0.00040874156178916164,0.797752808988764,0.5595755693581781,0.9020946323419701,0.6555179575741567
modis,standard,kmeans,lda,kridge,rquadratic,standard|kmeans|lda|kridge|rquadratic,4,0.801897496087637,0.033175983995460706,0.649299111310517,0.05421105065021496,0.9194144293393365,0.030152176550975063,0.6772464721103558,0.05300095050831356,0.010038413200001628,0.00048152600595252295,0.0013352378000007548,0.0001654358234116319,0.8426966292134831,0.6640886287625418,0.9160966966274421,0.7344258154734864
modis,standard,kmeans,lda,kridge,canberra,standard|kmeans|lda|kridge|canberra,4,0.7934859154929577,0.03597342256348469,0.6263539617224894,0.07672002012931649,0.9072239360645689,0.026019541277190757,0.6632208618675797,0.06448299436272067,0.0180046361000052,0.00317578728551326,0.0037943345999963186,0.0006551445701679185,0.797752808988764,0.5921513269339357,0.894818552174272,0.6552932465253305
modis,standard,kmeans,lda,kridge,truncated,standard|kmeans|lda|kridge|truncated,4,0.8033059467918623,0.035365883076604515,0.6549147525758388,0.06363707013886724,0.9182552117820899,0.016701897831784506,0.6817697496852386,0.05932370027742154,0.01370265210000241,0.0005753920676728142,0.003069660400004182,0.00017150398407743257,0.8202247191011236,0.6534831015666256,0.9019122983611133,0.696373880278506
modis,standard,dbscan,pca,ksvc,linear,standard|dbscan|pca|ksvc|linear,3,0.914319248826291,0.02043437379843596,0.6129509626051863,0.01430911333849283,0.7863567465657961,0.0580671382737642,0.8249532537570697,0.0433386947377495,0.010734791199996607,0.0018619532439407669,0.0010617076000045244,5.907206684730048e-05,0.9213483146067416,0.6316798466331176,0.8746356138407876,0.8522378312941844
modis,standard,dbscan,pca,ksvc,poly,standard|dbscan|pca|ksvc|poly,3,0.6376760563380282,0.023848804547789534,0.3177160068677468,0.02911152407649964,0.6479865291900175,0.06778389686855547,0.1642589185430749,0.11206979978531012,0.011253643699998862,0.0007494379271659321,0.0014346717000023545,0.00020041851370238229,0.6404494382022472,0.34749455337690627,0.6529112006423876,0.24222392363332493
modis,standard,dbscan,pca,ksvc,rbf,standard|dbscan|pca|ksvc|rbf,3,0.9157081377151799,0.026573757945885113,0.6144653774278861,0.018190911321094478,0.8964527046933517,0.04205696162772085,0.8325263501170935,0.049693716024775784,0.007608248199994705,0.0005682898379248368,0.0012128633000060064,0.00011118131727562689,0.9213483146067416,0.6316798466331176,0.9192681039333399,0.8522378312941844
modis,standard,dbscan,pca,ksvc,hyperbolic,standard|dbscan|pca|ksvc|hyperbolic,3,0.7136345852895147,0.05807018594291883,0.46698638021714267,0.04323367540578445,0.676325651186622,0.0991758349123967,0.4034912278663204,0.11910224298983207,0.007881846399999403,0.0005632143877579206,0.0014585466999960772,0.0002055563537650036,0.7640449438202247,0.5125338753387534,0.635322535924175,0.5352616683508535
modis,standard,dbscan,pca,ksvc,triangle,standard|dbscan|pca|ksvc|triangle,3,0.9044992175273865,0.03166219457242294,0.6064494647037257,0.020691787650873594,0.884075859843386,0.05327942062540276,0.8074658196838017,0.06075316779479556,0.007968591199997377,0.0004106575947068656,0.0018130937000051972,0.000460990308376706,0.9101123595505618,0.6214234363767074,0.9073832408124485,0.8298370141101375
modis,standard,dbscan,pca,ksvc,radial_basic,standard|dbscan|pca|ksvc|radial_basic,3,0.9101134585289513,0.034580515522169994,0.6333339674473091,0.07719790191149196,0.8770174471822602,0.0665181120843792,0.8172137150515164,0.06808151579729606,0.009872149300002775,0.0004818618611906013,0.002518866700000899,0.0001119550902374818,0.9101123595505618,0.6278659611992945,0.9414269878433537,0.8272485494934075
modis,standard,dbscan,pca,ksvc,rquadratic,standard|dbscan|pca|ksvc|rquadratic,3,0.9100743348982787,0.024245789674602943,0.6104214788498951,0.01696078998315371,0.8998090374342482,0.03883845829528731,0.8205257420436654,0.04756361716839076,0.00758570330000623,0.0002288219019343716,0.0014048456000011812,5.7559395468355304e-05,0.9101123595505618,0.6249211203339643,0.9407166026861952,0.8275052222637203
modis,standard,dbscan,pca,ksvc,canberra,standard|dbscan|pca|ksvc|canberra,3,0.9171165884194054,0.03664000482311718,0.6337597753698627,0.06245983298374286,0.9258307906096077,0.05330438500959334,0.8358498049255981,0.06466907925610366,0.011183110199996803,0.0004095511721422378,0.003130697400001736,0.00012767670147980292,0.9101123595505618,0.6230709876543209,0.927075840582955,0.8284429929269485
modis,standard,dbscan,pca,ksvc,truncated,standard|dbscan|pca|ksvc|truncated,3,0.9213419405320813,0.028292281165569467,0.6345250459961991,0.061413453769900754,0.9144237849556353,0.031559146327363945,0.8408837207705295,0.054796631076048166,0.011413763099994867,0.0023381555240580315,0.0028295045000049867,0.00031098425270171593,0.9213483146067416,0.6300743281875357,0.9259708128609381,0.8539699194610648
modis,standard,dbscan,pca,kann,linear,standard|dbscan|pca|kann|linear,3,0.9143192488262908,0.03282669754161114,0.6135386933952212,0.021586893887072894,0.9391482252502644,0.058924450056380855,0.8293608389668952,0.060328526157630444,0.11991257120000398,0.024720079965535942,0.0010116345999989563,0.00014102643625937461,0.9213483146067416,0.6316798466331176,0.9789259015238726,0.8522378312941844
modis,standard,dbscan,pca,kann,poly,standard|dbscan|pca|kann|poly,3,0.9185054773082941,0.03378154277028687,0.6312771690006714,0.05363039467650228,0.9416236743290165,0.051956971557686034,0.8378260926142787,0.06184399961283445,0.11234797370000535,0.03154619444817201,0.0013344985000003362,0.00019591680610257185,0.898876404494382,0.6191180822728618,0.9730901290554678,0.804028797624889
modis,standard,dbscan,pca,kann,rbf,standard|dbscan|pca|kann|rbf,3,0.9171361502347418,0.02993564285974455,0.6192397824215568,0.0185287459347238,0.9460269194660837,0.0394892243618033,0.8354978254957295,0.055511944345729675,0.17577538560000222,0.04782438670727349,0.001556330099995762,0.0002813938376796349,0.898876404494382,0.6220629231381919,0.9726930605554792,0.8044188277985945
modis,standard,dbscan,pca,kann,hyperbolic,standard|dbscan|pca|kann|hyperbolic,3,0.8876760563380282,0.04776865532145066,0.6005229726168628,0.03039037857109842,0.931162146348951,0.04509454085940356,0.7764890746654475,0.09072956808784687,0.19254801809999833,0.07139200066825475,0.0014877985000026684,0.0004186896014443621,0.898876404494382,0.6191180822728618,0.976813497103933,0.804028797624889
modis,standard,dbscan,pca,kann,triangle,standard|dbscan|pca|kann|triangle,3,0.884839593114241,0.042863747119367836,0.6214907529686059,0.057038866376163316,0.937042272816624,0.03147087857029415,0.7700327938027755,0.081969113383269,0.1592689992999965,0.026046676144204615,0.001386316800008558,4.478752230330702e-05,0.9101123595505618,0.6272230501738698,0.9184537674558518,0.8261964738728379
modis,standard,dbscan,pca,kann,radial_basic,standard|dbscan|pca|kann|radial_basic,3,0.9017018779342723,0.03978031413140951,0.6616623208900085,0.07120576612296027,0.949651402736,0.0373497727879608,0.8067075944957425,0.07213739630866217,0.175273930299997,0.03638755886774556,0.0017436086000031993,0.00010085776507827112,0.898876404494382,0.6901436956081765,0.9787920612557182,0.8043820412951247
modis,standard,dbscan,pca,kann,rquadratic,standard|dbscan|pca|kann|rquadratic,3,0.9017214397496088,0.03682383790722365,0.6085283032551068,0.020638839868639805,0.9500492807820073,0.03384491421772765,0.8037979982402254,0.06945802411884607,0.17541581860000122,0.03340648235820205,0.0015616786999999022,0.0003235660839991489,0.9101123595505618,0.6249211203339643,0.9683866475388817,0.8275052222637203
modis,standard,dbscan,pca,kann,canberra,standard|dbscan|pca|kann|canberra,3,0.9030907668231611,0.029995945862126266,0.6948980505150135,0.0895310495116707,0.9534578219858385,0.02899026903468774,0.805851570290691,0.05807944124168488,0.22052529380000294,0.021205236944391716,0.0020447954000019307,0.0001850226902732237,0.9325842696629213,0.8320987654320987,0.9641776643581753,0.8702856651418902
modis,standard,dbscan,pca,kann,truncated,standard|dbscan|pca|kann|truncated,3,0.9017018779342724,0.03630393377531655,0.6510618927336264,0.07014690407368279,0.9537743060126781,0.01443552712362944,0.802896527003937,0.0700844239354783,0.21969079460000102,0.028408954380160778,0.0019795877000035487,0.0002636301947181797,0.9101123595505618,0.7661909616038057,0.9728655160028238,0.8259584718530827
modis,standard,dbscan,pca,kridge,linear,standard|dbscan|pca|kridge|linear,3,0.9044992175273865,0.03168139182967485,0.6072413102223061,0.02132379022420408,0.9011035704268767,0.06670657829497263,0.8055818405045734,0.06517138598090036,0.008492928800009736,0.0002690944687184964,0.0011000591999987819,5.879072468861551e-05,0.9213483146067416,0.6316798466331176,0.8443062660334691,0.8522378312941844
modis,standard,dbscan,pca,kridge,poly,standard|dbscan|pca|kridge|poly,3,0.9058881064162755,0.025788057564833513,0.6073457129820271,0.017715785955088954,0.9156125947103367,0.06186133242591605,0.8075169505051638,0.05334517585613576,0.008624540499999967,0.0007412124675057071,0.0011703147000048375,6.175451875354799e-05,0.9213483146067416,0.6316798466331176,0.9097749417169085,0.8522378312941844
modis,standard,dbscan,pca,kridge,rbf,standard|dbscan|pca|kridge|rbf,3,0.9170970266040687,0.027011648980328387,0.6155512629797312,0.018559641746060694,0.9433553371225264,0.04174647598439401,0.8343772496045224,0.05148068045108673,0.008757180799995013,0.0006074832563725502,0.0013600787999990872,0.00016068842653935446,0.9213483146067416,0.6316798466331176,0.9602206787566713,0.8522378312941844
modis,standard,dbscan,pca,kridge,hyperbolic,standard|dbscan|pca|kridge|hyperbolic,3,0.7446205007824727,0.12225455554087371,0.4952928786910933,0.0860085978577444,0.7243940344504888,0.14595256177700364,0.48337385567815544,0.2447254073183634,0.010947146399999497,0.001834138601295828,0.0014596615999977302,0.0002563633901034531,0.8764044943820225,0.5994134897360704,0.8587192817747914,0.7586312833750299
modis,standard,dbscan,pca,kridge,triangle,standard|dbscan|pca|kridge|triangle,3,0.8526017214397497,0.045768075723045594,0.6161081591243314,0.1003878975010081,0.8856575082315731,0.05984817356427994,0.7030501859836116,0.09361363752001736,0.00975455289999445,0.0011288412736688105,0.0015697954000046365,0.000145948276533487,0.651685393258427,0.4359726295210167,0.5960228862720184,0.3025814068442791
modis,standard,dbscan,pca,kridge,radial_basic,standard|dbscan|pca|kridge|radial_basic,3,0.9255672926447576,0.026572285895477638,0.6217596582904363,0.016645533043646972,0.9443699406829673,0.02180682325991645,0.8475644087955558,0.05340989064455473,0.011295866399993314,0.0006845663800596256,0.0024974690000078683,0.00013008706968576454,0.898876404494382,0.6191180822728618,0.9198084453080773,0.804028797624889
modis,standard,dbscan,pca,kridge,rquadratic,standard|dbscan|pca|kridge|rquadratic,3,0.9185054773082942,0.02087738503080738,0.6162452273386799,0.01420388953133938,0.9437820015589647,0.03974017166630884,0.8352267514926837,0.04131178953095589,0.009707544900001608,0.0013418362506620407,0.0013633937999969702,0.00012021332305890424,0.9101123595505618,0.6249211203339643,0.9663128797034423,0.8275052222637203
modis,standard,dbscan,pca,kridge,canberra,standard|dbscan|pca|kridge|canberra,3,0.910093896713615,0.026760264676431094,0.6111149338069906,0.018136118299118497,0.912427976606524,0.059641618646375245,0.8191669868056426,0.05349039981513745,0.012667200499996057,0.001009681985999285,0.003088121800001886,0.0003589653117278223,0.9101123595505618,0.6260708722741434,0.9061833304864271,0.828459150007011
modis,standard,dbscan,pca,kridge,truncated,standard|dbscan|pca|kridge|truncated,3,0.9213810641627542,0.022982603256310137,0.618057363657676,0.01544442332911619,0.9018251167437213,0.05088029257758467,0.8402237425326018,0.04573792481925359,0.01131119930000466,0.00041378883951178263,0.0026703909999980626,9.497366196411995e-05,0.9101123595505618,0.6230709876543209,0.9142721688017037,0.8284429929269485
modis,standard,dbscan,lda,ksvc,linear,standard|dbscan|lda|ksvc|linear,3,0.9452464788732394,0.016758957302441896,0.6378070095765397,0.008211505265775057,0.8865045170254978,0.07778206619246436,0.8892688965766533,0.03279347764797665,0.007366583999998966,0.00039641985643013304,0.000886759100004042,2.8249207999049133e-05,0.9213483146067416,0.6340388007054674,0.8207746310545098,0.8495727219933813
modis,standard,dbscan,lda,ksvc,poly,standard|dbscan|lda|ksvc|poly,3,0.8105829420970266,0.043876652261706645,0.5298899673095079,0.039498144409661214,0.8262087657595748,0.06508477026717213,0.6058593443844621,0.09337439824047282,0.008370578000003093,0.0007643978174280106,0.0011886850000053073,4.516444238164463e-05,0.7191011235955056,0.46966428847961944,0.7898210473275684,0.42485642468004503
modis,standard,dbscan,lda,ksvc,rbf,standard|dbscan|lda|ksvc|rbf,3,0.9494718309859154,0.013417260130079914,0.6398906352329099,0.008118964878998925,0.8207805219378358,0.08250737370783259,0.8973132009276208,0.02756169974149648,0.008836437100001149,0.0015350009100760509,0.0012816184999962844,0.000293162633789484,0.9213483146067416,0.6310373282850347,0.74421755529384,0.8501591640605431
modis,standard,dbscan,lda,ksvc,hyperbolic,standard|dbscan|lda|ksvc|hyperbolic,3,0.9270148669796556,0.02348331452942361,0.6279863410573905,0.011799872978947825,0.7809034208124197,0.08601488880798795,0.8530899251131624,0.04622880315491094,0.007416132600002357,0.00023182729375313885,0.001166190099996811,4.4728693992355935e-05,0.9101123595505618,0.6260708722741434,0.6962834531103129,0.828459150007011
modis,standard,dbscan,lda,ksvc,triangle,standard|dbscan|lda|ksvc|triangle,3,0.9438575899843504,0.018620181319312066,0.636446767827442,0.010351308077970373,0.8560750899819825,0.09843679642654025,0.8859456984353538,0.03762155279024117,0.010919436600008225,0.0004164369598180914,0.0020415319999983693,0.00010998330210591257,0.9213483146067416,0.6310373282850347,0.7170331041680847,0.8501591640605431
modis,standard,dbscan,lda,ksvc,radial_basic,standard|dbscan|lda|ksvc|radial_basic,3,0.9256259780907667,0.027867452070591735,0.637550459730865,0.024651342279768302,0.8773851273369304,0.07796658761189265,0.8519324282051268,0.051974141098523136,0.009895161899996197,0.0002996577880274018,0.002387012899995966,8.66722551013583e-05,0.9101123595505618,0.6252342902239322,0.7959230233658937,0.8264891124361303
modis,standard,dbscan,lda,ksvc,rquadratic,standard|dbscan|lda|ksvc|rquadratic,3,0.9508802816901408,0.01642686545968048,0.6627603898980609,0.07742799566118845,0.8366513673477778,0.08667936080668483,0.8999351501351054,0.033657749083119685,0.007433933000004345,0.0003351203895714314,0.00126307539999857,6.41798155341537e-05,0.9213483146067416,0.6330400782013684,0.7120845033119009,0.8498412586811801
modis,standard,dbscan,lda,ksvc,canberra,standard|dbscan|lda|ksvc|canberra,3,0.9369131455399062,0.03158252242098725,0.6572787058896936,0.08010681320928015,0.8505301875408044,0.0929422223175982,0.8737698001889911,0.06187657839122362,0.010825860600002101,0.00031392444009449723,0.0028618371999954207,5.262239866910146e-05,0.9213483146067416,0.7115690959776981,0.8405872075874118,0.8487078940986719
modis,standard,dbscan,lda,ksvc,truncated,standard|dbscan|lda|ksvc|truncated,3,0.9452660406885759,0.022320060825434595,0.6600419325670266,0.07960793783788937,0.910943782640109,0.07296996361879839,0.8893466881686036,0.0441198218119376,0.01440558560000511,0.00133207975984308,0.00359282449999796,0.000494570098135683,0.9325842696629213,0.7813195709370574,0.9173371594611398,0.8703230928842552
modis,standard,dbscan,lda,kann,linear,standard|dbscan|lda|kann|linear,3,0.9424491392801251,0.019161439132205055,0.6597357584980611,0.07842955832771903,0.951730117131617,0.038937927318630224,0.8835815236514595,0.038212572931455725,0.0969464735999992,0.02818934805453944,0.0009296087999985048,3.969597226597356e-05,0.9101123595505618,0.6272230501738698,0.9669957233617695,0.8261964738728379
modis,standard,dbscan,lda,kann,poly,standard|dbscan|lda|kann|poly,3,0.9423904538341157,0.020467897972676178,0.6967700234714633,0.1072117001423376,0.9563557837636031,0.02908745666488686,0.884105110247608,0.040313577310983374,0.1587980655000024,0.034523174114098165,0.0012652005999996164,8.558427061031551e-05,0.898876404494382,0.6212121212121212,0.9693395405878212,0.8034269053885273
modis,standard,dbscan,lda,kann,rbf,standard|dbscan|lda|kann|rbf,3,0.9466353677621283,0.01967382295891193,0.699470437590002,0.10698342801655088,0.954405806953161,0.035306408970668564,0.8923300609110336,0.039057282067652896,0.1492416029999987,0.04776384403297724,0.0013941275000036058,0.00011218388756505228,0.898876404494382,0.6212121212121212,0.974428838546454,0.8034269053885273
modis,standard,dbscan,lda,kann,hyperbolic,standard|dbscan|lda|kann|hyperbolic,3,0.9395735524256651,0.02405183334105012,0.6919709927280967,0.10596551602154838,0.9518414053334849,0.04453786185112242,0.879433352644984,0.04660643051630411,0.18606465530000094,0.043654855665905164,0.0014765069999995717,0.000365063571106129,0.898876404494382,0.6212121212121212,0.9500329356369442,0.8034269053885273
modis,standard,dbscan,lda,kann,triangle,standard|dbscan|lda|kann|triangle,3,0.9381846635367761,0.02018988260862141,0.6515143458207904,0.057505994938148904,0.9645371667647537,0.02348090547681284,0.8756882264024085,0.039880078784761186,0.19122169829999933,0.034348551649440215,0.0015567609000001425,0.00023859072464097426,0.9325842696629213,0.7813195709370574,0.9676242046678701,0.8703230928842552
modis,standard,dbscan,lda,kann,radial_basic,standard|dbscan|lda|kann|radial_basic,3,0.9214397496087636,0.03000898373351781,0.6476984964839838,0.042514671502800305,0.946800279053481,0.04321790454315349,0.8444166866129516,0.05216293916731477,0.19144959889999952,0.03713346396945729,0.002193222100001435,0.0013285312297783003,0.898876404494382,0.6876543209876543,0.9750051836525649,0.8047934800818889
modis,standard,dbscan,lda,kann,rquadratic,standard|dbscan|lda|kann|rquadratic,3,0.9424295774647886,0.013921163589711754,0.6523691731384977,0.05261550077462156,0.962714458153538,0.027271430764670285,0.8831921083649978,0.028705440415166036,0.12463384489999854,0.04191572459519072,0.001449676800000077,0.0001978984092786294,0.9101123595505618,0.6982330954808019,0.9753772578856091,0.8259584718530827
modis,standard,dbscan,lda,kann,canberra,standard|dbscan|lda|kann|canberra,3,0.9368544600938966,0.025695784563047205,0.6735300260331185,0.09297024173925272,0.9524556135547038,0.03418253819980915,0.8728694089009823,0.05173520568753805,0.1980199180999996,0.030451217454882756,0.0020675626999988594,0.00039713917294343195,0.9101123595505618,0.6963165351143493,0.9719261439746836,0.826362391824835
modis,standard,dbscan,lda,kann,truncated,standard|dbscan|lda|kann|truncated,3,0.9256259780907667,0.02864747543929894,0.642438669843291,0.04813359128045498,0.9581843562010398,0.02354236856964242,0.8514013949325288,0.05610129137224682,0.21014455059999904,0.04070828539767678,0.0019359603999987486,0.00034671369517853536,0.898876404494382,0.6827160493827161,0.9649536282499861,0.8047934800818889
modis,standard,dbscan,lda,kridge,linear,standard|dbscan|lda|kridge|linear,3,0.9523082942097026,0.01754340903896319,0.6415556628085436,0.01103185846099093,0.9289166655318493,0.06433981968794439,0.9026990065947087,0.03612234054754523,0.010507097100001772,0.0015702045969695577,0.001499517900001024,0.0005703217718628058,0.9213483146067416,0.6310373282850347,0.8714224128151021,0.8501591640605431
modis,standard,dbscan,lda,kridge,poly,standard|dbscan|lda|kridge|poly,3,0.9508802816901408,0.013478723253833282,0.6405972498041141,0.00850836113145634,0.9608393362588679,0.025314036960823787,0.8999910748368978,0.02787016423701024,0.00915282500000103,0.0006608298904963231,0.0011068484999981365,6.61820165014305e-05,0.9213483146067416,0.6310373282850347,0.9553831143784176,0.8501591640605431
modis,standard,dbscan,lda,kridge,rbf,standard|dbscan|lda|kridge|rbf,3,0.949491392801252,0.018790388277747466,0.6405089262936168,0.010559843825820437,0.9476172613945616,0.049822091268210925,0.8973849171552795,0.03828081989940177,0.009699181499999553,0.001141933605248037,0.0014242422999998893,0.00011253470429673891,0.9213483146067416,0.6340388007054674,0.9611031768762146,0.8495727219933813
modis,standard,dbscan,lda,kridge,hyperbolic,standard|dbscan|lda|kridge|hyperbolic,3,0.9213615023474178,0.06509125262338665,0.6208239976543946,0.047509499179322436,0.9333839690187855,0.08706545982985589,0.838891436849423,0.1358052553601212,0.009194414099999904,0.000555115725306961,0.00119668899999823,6.506824378513616e-05,0.9213483146067416,0.7906700459369554,0.8621264933949634,0.8502068820762035
modis,standard,dbscan,lda,kridge,triangle,standard|dbscan|lda|kridge|triangle,3,0.9396322378716745,0.01751197095146383,0.6345633175425969,0.009768864467934258,0.9332294683683292,0.05176690398003145,0.8777647215327153,0.03529157434163338,0.009436633599996469,0.0004383760186563166,0.0014893199000027835,9.604887692354382e-05,0.9101123595505618,0.6252342902239322,0.9246114615160353,0.8264891124361303
modis,standard,dbscan,lda,kridge,radial_basic,standard|dbscan|lda|kridge|radial_basic,3,0.934037558685446,0.0197085869303137,0.6485556998526993,0.05408237130141412,0.8892837800174336,0.08360018204238436,0.8670745265435654,0.0396068252578085,0.012054411499998707,0.0006535307656964023,0.0026355745000032015,0.00035002750340542215,0.9101123595505618,0.6252342902239322,0.8527877990303966,0.8264891124361303
modis,standard,dbscan,lda,kridge,rquadratic,standard|dbscan|lda|kridge|rquadratic,3,0.9480633802816902,0.016190348671545184,0.6394787113281093,0.009110402593651017,0.9570831991598758,0.05388630986300135,0.894520515496325,0.0327725786684603,0.009459383899998387,0.0010097095295217417,0.0013752762000009966,8.023189348341403e-05,0.9101123595505618,0.6252342902239322,0.951766401854442,0.8264891124361303
modis,standard,dbscan,lda,kridge,canberra,standard|dbscan|lda|kridge|canberra,3,0.9396713615023474,0.028766911530825452,0.6363575041877855,0.014032089710860216,0.8843001178688741,0.10444945721810216,0.8788032406620664,0.056000386177771824,0.012637736399999256,0.0006876709339134533,0.0030825755999998707,8.568801082227757e-05,0.9213483146067416,0.6310373282850347,0.969439339278016,0.8501591640605431
modis,standard,dbscan,lda,kridge,truncated,standard|dbscan|lda|kridge|truncated,3,0.9494718309859154,0.020010939260583848,0.6407275251912472,0.010980638697393559,0.9039624442235665,0.08045941397125672,0.8974360299247145,0.0401045680855562,0.011696577600000068,0.0003736129257980286,0.002642519099998708,6.223590367261271e-05,0.9213483146067416,0.6310373282850347,0.9670682802274729,0.8501591640605431
modis,standard,hierarchical,pca,ksvc,linear,standard|hierarchical|pca|ksvc|linear,4,0.7682707355242566,0.028214741956309537,0.45951619107028757,0.025884774747004,0.7959725769652879,0.03419611764651534,0.621812850381621,0.04762381736538383,0.019739693900000077,0.003767966067986574,0.0013838347999993062,0.00029233589333011,0.8426966292134831,0.48910799652325077,0.8126904696563126,0.7349007816825102
modis,standard,hierarchical,pca,ksvc,poly,standard|hierarchical|pca|ksvc|poly,4,0.5841940532081378,0.03288922375388977,0.3279967790929597,0.06900123554401835,0.6701588781099999,0.04034103626706407,0.25544906429323355,0.09230980121694989,0.012302227899999707,0.0010289127398866466,0.0014114549999973748,4.344946334492018e-05,0.651685393258427,0.32029832695021165,0.7493566535208978,0.3449246997453022
modis,standard,hierarchical,pca,ksvc,rbf,standard|hierarchical|pca|ksvc|rbf,4,0.7978677621283256,0.04014999257692203,0.6056947920819111,0.08745575204657108,0.8580958856241706,0.032556285812226,0.6751484892984415,0.06841467274759039,0.011697750100000803,0.004322763440236612,0.0015654232999992245,0.0001315303727667023,0.8764044943820225,0.6979797979797979,0.9253348020680869,0.7978573534994788
modis,standard,hierarchical,pca,ksvc,hyperbolic,standard|hierarchical|pca|ksvc|hyperbolic,4,0.5672926447574336,0.05474606234174514,0.3356603832998313,0.07707314476454696,0.654783145793413,0.048283248090369435,0.26517667895548674,0.11349623800345858,0.008688330600001848,0.0007827088074557253,0.0014210002000027088,6.340849699943306e-05,0.5842696629213483,0.305952380952381,0.6452707333848322,0.25560527199652755
modis,standard,hierarchical,pca,ksvc,triangle,standard|hierarchical|pca|ksvc|triangle,4,0.7851330203442879,0.04726095720595935,0.610751213187047,0.06777432845810938,0.8495599518733531,0.038512441450829285,0.6576392837089046,0.07247275324853415,0.011036599599997032,0.002111392534739255,0.001934384099997999,0.00039601208319431006,0.8651685393258427,0.7228405429157309,0.9578926790264001,0.7800214667678543
modis,standard,hierarchical,pca,ksvc,radial_basic,standard|hierarchical|pca|ksvc|radial_basic,4,0.7712050078247261,0.031861707696414956,0.5979910782223421,0.06423255992239273,0.8691511987353323,0.03819714281176355,0.6370242201507115,0.048153269817811914,0.012875538699999823,0.0015244731235533712,0.002931861900002275,0.0003175067145588945,0.8764044943820225,0.7125742574257425,0.9235680598471296,0.7917349972854346
modis,standard,hierarchical,pca,ksvc,rquadratic,standard|hierarchical|pca|ksvc|rquadratic,4,0.7978482003129891,0.048230637671771694,0.6107310625398813,0.08281327890322952,0.8618979923831163,0.03219638277858041,0.6764887208707278,0.07697145746254988,0.009421240000001774,0.0010344297878004415,0.0014459807999969599,7.970036091769834e-05,0.8651685393258427,0.6844053744997141,0.9181221540087819,0.7776587335919566
modis,standard,hierarchical,pca,ksvc,canberra,standard|hierarchical|pca|ksvc|canberra,4,0.7767801251956181,0.05944478098808363,0.5836035693376543,0.09494651298660972,0.8722542826205242,0.03492721263108988,0.642086836084722,0.09572641623458843,0.014863968199999533,0.0003900364508601298,0.0035438321000000883,0.00018670186937983627,0.8651685393258427,0.6788434337939289,0.9384229312354313,0.7766646406617539
modis,standard,hierarchical,pca,ksvc,truncated,standard|hierarchical|pca|ksvc|truncated,4,0.7711071987480438,0.049466296283720596,0.575990396298247,0.07284649295870094,0.8726158223084696,0.037403358504403954,0.6344848781571157,0.0766104651478752,0.013725286100003587,0.0020305812516507793,0.0034384114999980397,0.0004532460700063594,0.8764044943820225,0.715544232994728,0.9315719696969698,0.7944588217899335
modis,standard,hierarchical,pca,kann,linear,standard|hierarchical|pca|kann|linear,4,0.7908646322378716,0.04628200845599245,0.6283981233340038,0.08416421562746228,0.9001614854439286,0.029168269279733358,0.6675958144571398,0.07299935556595633,0.17683600980000022,0.036671192792239876,0.001125551400002678,0.00022915255475749484,0.8651685393258427,0.7065154237795748,0.9638778917303626,0.7716355312953147
modis,standard,hierarchical,pca,kann,poly,standard|hierarchical|pca|kann|poly,4,0.7950312989045383,0.04308583762526185,0.6326062262517407,0.07762167837884063,0.9100194684579052,0.03620815283687502,0.6751920015867945,0.06712260306546433,0.18675787669999977,0.04421566423707497,0.001335578200000498,9.812650074805483e-05,0.8764044943820225,0.7621524120497156,0.9604653534450046,0.7915060828455698
modis,standard,hierarchical,pca,kann,rbf,standard|hierarchical|pca|kann|rbf,4,0.792233959311424,0.04940178867586206,0.6076642812606013,0.08994089484212892,0.9038652155491068,0.038078172185119066,0.668742118340617,0.0776255011273024,0.2327116148000016,0.027472757938363027,0.0015220939999991856,0.0002457255953707049,0.8539325842696629,0.7110340692454338,0.9507687987884208,0.7551315838931251
modis,standard,hierarchical,pca,kann,hyperbolic,standard|hierarchical|pca|kann|hyperbolic,4,0.7725938967136149,0.04964054489137915,0.6092960378665996,0.08174589194291286,0.8844816965306899,0.028657675297208703,0.641145401937583,0.07705396138983547,0.2171499229999995,0.019712251617272806,0.0013542333000017947,0.00016409630522463918,0.9213483146067416,0.8072731801482034,0.9465617122702878,0.8667623918447165
modis,standard,hierarchical,pca,kann,triangle,standard|hierarchical|pca|kann|triangle,4,0.7556924882629108,0.04506020746100207,0.5814976336165361,0.07315860667127269,0.8751677063691012,0.036909512495653295,0.6123658851937346,0.07020523863425432,0.21542406580000203,0.014052825139654225,0.0015576513000013393,0.00020119226186037854,0.8764044943820225,0.7271428571428572,0.9527503709952838,0.7920437923831748
modis,standard,hierarchical,pca,kann,radial_basic,standard|hierarchical|pca|kann|radial_basic,4,0.7739827856025039,0.06393493712825277,0.6245812541917363,0.09777219674851594,0.8962318323360691,0.04323989862171422,0.643701979135749,0.09697870307477746,0.22676956589999833,0.024014748261015982,0.001979860899999153,0.0003094853207639573,0.8764044943820225,0.7118104667609618,0.9463782390090529,0.7906312673345885
modis,standard,hierarchical,pca,kann,rquadratic,standard|hierarchical|pca|kann|rquadratic,4,0.7922535211267606,0.04839993541196008,0.6177135188459715,0.0815657697318266,0.902734112651534,0.04190461046679914,0.6705861864597562,0.07551545964597613,0.2188005672999978,0.03184734861523437,0.0015641137000002915,0.00030205672639954906,0.8651685393258427,0.7135111470330706,0.942860754797528,0.7706111324308176
modis,standard,hierarchical,pca,kann,canberra,standard|hierarchical|pca|kann|canberra,4,0.7767996870109546,0.04544155387351333,0.6113984129745608,0.0711209752260155,0.904420967753649,0.031073728655053114,0.6470707636752528,0.07254955560005028,0.23422372460000104,0.02899573347497503,0.002222499199999106,0.0004679863559402902,0.8764044943820225,0.7507927838464084,0.9607179266953977,0.7898640496830244
modis,standard,hierarchical,pca,kann,truncated,standard|hierarchical|pca|kann|truncated,4,0.785133020344288,0.0530124955005364,0.6270654072793492,0.07211047152486064,0.9072634146382346,0.030504464463925785,0.6598103030115927,0.0768286490882608,0.21336231470000086,0.023476616313487342,0.001995039799997755,0.00033952386683106244,0.9101123595505618,0.8008580858085808,0.9626808729061636,0.8463351414171353
modis,standard,hierarchical,pca,kridge,linear,standard|hierarchical|pca|kridge|linear,4,0.7654342723004696,0.029823689582826853,0.4279807810047049,0.024739226814085587,0.8056244444491598,0.041169518892694934,0.6204582663265941,0.04808642681065771,0.009374301799999785,0.0003601971484734556,0.0011006385999991152,6.949099761106499e-05,0.8314606741573034,0.44519774011299434,0.8687215909090908,0.714795212500804
modis,standard,hierarchical,pca,kridge,poly,standard|hierarchical|pca|kridge|poly,4,0.759839593114241,0.02839961956371346,0.4738050924577785,0.04521574145435755,0.8527126520820227,0.04439888519851211,0.606933093240151,0.049385252981963224,0.00967012779999692,0.0007328565563774683,0.0012607158999998092,0.0001624615427550976,0.8314606741573034,0.44519774011299434,0.9246439207594731,0.714795212500804
modis,standard,hierarchical,pca,kridge,rbf,standard|hierarchical|pca|kridge|rbf,4,0.7725352112676056,0.03102832529071763,0.539461542455527,0.06362876985677196,0.8766980937266358,0.03319739001213382,0.6316190799857435,0.05356612588739924,0.009492581400000689,0.0003137538909856129,0.0013215962000003856,0.00010397388643367237,0.8651685393258427,0.7144055349412493,0.9586557434813248,0.7788032801152097
modis,standard,hierarchical,pca,kridge,hyperbolic,standard|hierarchical|pca|kridge|hyperbolic,4,0.6123826291079812,0.0952434881509962,0.44579597567361073,0.09019825504439191,0.6974154276303621,0.06576691260566558,0.4030713489197247,0.12976131011561973,0.009439880300001846,0.0003264304928937262,0.0011997057000002088,6.926735451253037e-05,0.7303370786516854,0.5479875283446711,0.8960685765300591,0.5718445652731625
modis,standard,hierarchical,pca,kridge,triangle,standard|hierarchical|pca|kridge|triangle,4,0.7107589984350547,0.07444556323315606,0.5206658780253999,0.07297320803339924,0.7676249334401689,0.09025374553060812,0.5491303597023046,0.10039832492328538,0.010104393300002812,0.0009771312896651014,0.0017557210999967765,0.001096261604103619,0.8539325842696629,0.6445238095238095,0.942775087073779,0.7477511286057019
modis,standard,hierarchical,pca,kridge,radial_basic,standard|hierarchical|pca|kridge|radial_basic,4,0.7838028169014084,0.04961428978687373,0.6125103276665675,0.07802077360515876,0.8715489401158724,0.054720213541679004,0.6559417183698407,0.0763340844186136,0.01227125009999952,0.0006514756146408487,0.0025864791000017816,0.00011711803350252893,0.8539325842696629,0.6851927437641723,0.8361484082777688,0.7551793176893957
modis,standard,hierarchical,pca,kridge,rquadratic,standard|hierarchical|pca|kridge|rquadratic,4,0.7781298904538342,0.03577308796635807,0.5625759170897877,0.07823520336214403,0.8850930985321576,0.04133611634380619,0.6407420482074666,0.06040410592036584,0.009328810499997075,0.000136612513550853,0.0012524783000046114,4.390157756178567e-05,0.8651685393258427,0.6783333333333333,0.9403426624247846,0.77546659840434
modis,standard,hierarchical,pca,kridge,canberra,standard|hierarchical|pca|kridge|canberra,4,0.7670383411580596,0.058264038625954924,0.548382552478097,0.09717286156342357,0.8816263906013354,0.04063518547647598,0.6245062751598391,0.0989228254319547,0.014860391499999537,0.0005053847440375898,0.0031223172000025556,5.155993795352308e-05,0.8426966292134831,0.6256473247093362,0.9043959807150214,0.7367780294092944
modis,standard,hierarchical,pca,kridge,truncated,standard|hierarchical|pca|kridge|truncated,4,0.7655516431924883,0.030807530279371238,0.5237180080013346,0.06042901097782603,0.8820980768580402,0.04378823074623475,0.6209774744523505,0.05385965973766147,0.012737696400000687,0.0002880725692262964,0.002920346299997334,7.553681709153129e-05,0.8202247191011236,0.5699579831932773,0.9136708204586111,0.6909885777474155
modis,standard,hierarchical,lda,ksvc,linear,standard|hierarchical|lda|ksvc|linear,4,0.8146713615023474,0.03112388030495989,0.6257677205035339,0.06087264610627401,0.8630694392373934,0.027893026324027504,0.7006640368398821,0.051227967445711765,0.010388874100001999,0.0009668459935208794,0.001184507899998266,6.839668094507763e-05,0.8651685393258427,0.6731283422459893,0.905453622201442,0.7693502221227
modis,standard,hierarchical,lda,ksvc,poly,standard|hierarchical|lda|ksvc|poly,4,0.7248435054773084,0.03566910465431207,0.45189236232257207,0.03637577624278629,0.7663381252865923,0.041367218440044214,0.5388549127776684,0.06801936149912335,0.009750252100000977,0.000993568911888983,0.0013395246999976962,6.505908238813602e-05,0.7415730337078652,0.4315774804905239,0.7784833492573318,0.5322411130650799
modis,standard,hierarchical,lda,ksvc,rbf,standard|hierarchical|lda|ksvc|rbf,4,0.8231611893583723,0.03365958843664221,0.6215733794352644,0.06885279033851975,0.8848300825597576,0.02546872758883205,0.7142597990036339,0.05515477264624015,0.008349731600000609,0.00023394048790222172,0.0013652075999999625,0.00016037670722729154,0.898876404494382,0.7745238095238095,0.9648330690627203,0.8288046961972743
modis,standard,hierarchical,lda,ksvc,hyperbolic,standard|hierarchical|lda|ksvc|hyperbolic,4,0.7570031298904538,0.03650896060867302,0.5808537339203823,0.07562367769215916,0.8549180405639204,0.04081454614866858,0.6140421759917446,0.061799695417711804,0.008337403300002677,0.000470763510747728,0.0012613909999998896,3.52329003405997e-05,0.8202247191011236,0.6059996220710506,0.8929709437848974,0.7036772709966177
modis,standard,hierarchical,lda,ksvc,triangle,standard|hierarchical|lda|ksvc|triangle,4,0.8005868544600938,0.03336514054758764,0.606295170548562,0.07374643774777244,0.8800054112765654,0.028762847642156805,0.678930907598215,0.05475631040312537,0.009088258600000643,0.00039759749699061774,0.001606372900000963,0.00015335505105601503,0.8764044943820225,0.7271428571428572,0.9560210078196998,0.7920437923831748
modis,standard,hierarchical,lda,ksvc,radial_basic,standard|hierarchical|lda|ksvc|radial_basic,4,0.7921948356807513,0.03312468038766219,0.6126192782135913,0.05823057390270656,0.8848130067565327,0.028177575912056843,0.6682843782380525,0.05476667211937884,0.012759432000001425,0.0006872334653538172,0.002864991099998804,0.0002741197300548025,0.8314606741573034,0.5549038461538461,0.8847056008429555,0.718449929885561
modis,standard,hierarchical,lda,ksvc,rquadratic,standard|hierarchical|lda|ksvc|rquadratic,4,0.8161189358372456,0.03933043931725256,0.6071249732179171,0.08670894512682858,0.8913686714637425,0.02629729845510135,0.7028926809934243,0.06424115784447683,0.009144691700002738,0.0009721713851990274,0.0014261806999982696,0.00026709606519291317,0.8651685393258427,0.705,0.9490172690681411,0.7725549146133419
modis,standard,hierarchical,lda,ksvc,canberra,standard|hierarchical|lda|ksvc|canberra,4,0.7823356807511738,0.02184666440529904,0.6106151578669323,0.04518121142293045,0.882401603398056,0.026549749292776585,0.6541363262353621,0.035166643743080726,0.014918925000002048,0.000557730766488981,0.0037149279999979965,0.0002892527931587819,0.8539325842696629,0.7132387706855792,0.9392984462243184,0.76013376886991
modis,standard,hierarchical,lda,ksvc,truncated,standard|hierarchical|lda|ksvc|truncated,4,0.8075508607198747,0.029002226587453946,0.6335266306975296,0.05686902764553163,0.8946608442526983,0.018640066323641062,0.6912897776154925,0.04704769981954661,0.013098001199998066,0.0008503027617332538,0.0033038135000026613,0.0002629994348941794,0.8764044943820225,0.7076900584795321,0.9435305029273052,0.7927833909999495
modis,standard,hierarchical,lda,kann,linear,standard|hierarchical|lda|kann|linear,4,0.7963810641627543,0.022695162571951536,0.6102851823623421,0.04550595193064552,0.9192159331913882,0.017842412577365494,0.6714623744121246,0.03830718980351319,0.16199318750000202,0.015488883161506123,0.001290604900000858,0.0007613645946997533,0.8426966292134831,0.6530352503335439,0.9436523215156936,0.7342345044933294
modis,standard,hierarchical,lda,kann,poly,standard|hierarchical|lda|kann|poly,4,0.8301251956181532,0.03552661203380966,0.6632549819851317,0.06026508363836838,0.9175722104656501,0.01406785516891142,0.7266043074141197,0.05768786078003439,0.19022117059999885,0.02958607334499612,0.0013985210000001303,0.0002130710315324681,0.8426966292134831,0.6358333333333334,0.9409672812652464,0.7351496055211065
modis,standard,hierarchical,lda,kann,rbf,standard|hierarchical|lda|kann|rbf,4,0.8076682316118937,0.028908100977410218,0.6181756858547551,0.05934442792686662,0.9251344022184232,0.01093426758557014,0.6909520248172581,0.046852686056252854,0.18734748480000007,0.029748744735956914,0.0015044242999991298,0.000477276216653803,0.8539325842696629,0.662077922077922,0.9517373082344014,0.753367920287038
modis,standard,hierarchical,lda,kann,hyperbolic,standard|hierarchical|lda|kann|hyperbolic,4,0.8006651017214399,0.02933605674000487,0.6106070823693056,0.05969324389804317,0.9014441187881139,0.0181064329979173,0.6795750095055467,0.04867789475961013,0.17483843169999885,0.03153190474692424,0.0012701618000008352,9.420980455149999e-05,0.8764044943820225,0.6710719723011663,0.9315355647259718,0.7892139558149724
modis,standard,hierarchical,lda,kann,triangle,standard|hierarchical|lda|kann|triangle,4,0.8133411580594678,0.03533299252047162,0.6522131625794976,0.047819476898102065,0.922536166783884,0.012325118659636126,0.70150609679388,0.056342960165724085,0.2174533725000046,0.05259250632446934,0.0014717320999977801,0.00018933409093634305,0.8764044943820225,0.7271428571428572,0.960709066853689,0.7920437923831748
modis,standard,hierarchical,lda,kann,radial_basic,standard|hierarchical|lda|kann|radial_basic,4,0.7838419405320814,0.03703118180553196,0.6044115617009315,0.05639327580189343,0.8792649457937234,0.014750614558286433,0.6545331840843267,0.05885492868976993,0.21336865450000034,0.033132685247758656,0.0017888564999992695,0.00020108038023562114,0.8202247191011236,0.5841558900788038,0.9173932753293218,0.6949730525537589
modis,standard,hierarchical,lda,kann,rquadratic,standard|hierarchical|lda|kann|rquadratic,4,0.8020344287949921,0.035380998018815564,0.618938201317816,0.06387629931903906,0.9150005816113784,0.021861479924114965,0.6824233518548143,0.057639435766567756,0.19003658970000145,0.0285368483987375,0.0014376473999988093,0.00020728229890482208,0.8539325842696629,0.6475,0.9446285303843442,0.7535296275628196
modis,standard,hierarchical,lda,kann,canberra,standard|hierarchical|lda|kann|canberra,4,0.77947965571205,0.024989839465178073,0.6038901012020923,0.0681914880235547,0.893394932187698,0.032292020438516346,0.6495065513623797,0.042865180277341236,0.21177288009999984,0.007164174126523869,0.0019624369000013075,7.677019327434877e-05,0.797752808988764,0.5809458834412581,0.9439508117851142,0.6619000412160886
modis,standard,hierarchical,lda,kann,truncated,standard|hierarchical|lda|kann|truncated,4,0.7865414710485135,0.022499924071652626,0.6196170729263641,0.05274952885641522,0.9055885592109341,0.022694226016704167,0.6615289103040057,0.03532715046127649,0.23835294190000128,0.028809371540134836,0.0021358409999990614,0.0003722935351410774,0.8539325842696629,0.7235093167701863,0.9488593673768092,0.7575172476826023
modis,standard,hierarchical,lda,kridge,linear,standard|hierarchical|lda|kridge|linear,4,0.7963615023474178,0.014918654303206902,0.48847066813366685,0.05712839238345618,0.8743304575364446,0.024520090712556966,0.6750362454388037,0.025741581330633957,0.011403936399997861,0.001850313368054426,0.001247568600001614,0.00021388959860087577,0.8426966292134831,0.4885963093510264,0.9174107239659565,0.7290621748923044
modis,standard,hierarchical,lda,kridge,poly,standard|hierarchical|lda|kridge|poly,4,0.8006064162754303,0.023257646563000507,0.5373624899188434,0.07837460292607061,0.9182613143064774,0.014544602869925923,0.6767677958335374,0.039283281004174296,0.009729398800003253,0.00032141577994218974,0.00125847249999822,0.00038510199976826535,0.8539325842696629,0.5659563208564857,0.9271677389955006,0.7462302294682696
modis,standard,hierarchical,lda,kridge,rbf,standard|hierarchical|lda|kridge|rbf,4,0.8287363067292646,0.029617798625879148,0.6424445739494326,0.08330222384970243,0.9265627970399297,0.013622903097791222,0.7231624085863027,0.048990125553653674,0.009822418099997777,0.000356891478360836,0.0013028458999997383,9.038275855789947e-05,0.8651685393258427,0.6872459893048128,0.9527785598606819,0.7702011364818898
modis,standard,hierarchical,lda,kridge,hyperbolic,standard|hierarchical|lda|kridge|hyperbolic,4,0.7558098591549296,0.08372843163836426,0.5931255137933447,0.10796404402661747,0.8425697047408983,0.05877006058722465,0.6207093893071652,0.11543244256517814,0.010289173300000698,0.0008784528539466843,0.0012345567999972218,7.39752541594729e-05,0.8539325842696629,0.6842957324630257,0.9262268170298693,0.7658663621200895
modis,standard,hierarchical,lda,kridge,triangle,standard|hierarchical|lda|kridge|triangle,4,0.806161971830986,0.028848272749130884,0.6248598596866833,0.07191076452951789,0.8902054579454097,0.01844451300615982,0.6893665671828398,0.0466269183004445,0.010631685799999957,0.0009544978384224576,0.001682568499998638,0.000735084638604767,0.8539325842696629,0.6454761904761904,0.9335913529300157,0.7526222867352992
modis,standard,hierarchical,lda,kridge,radial_basic,standard|hierarchical|lda|kridge|radial_basic,4,0.7907276995305165,0.026900606038891436,0.6005359425362674,0.07769432642804623,0.8491775316404915,0.03671156411236728,0.6649866550264377,0.04751159043316072,0.012953956599999117,0.0011199621232207372,0.0028892534000007687,0.0007299261865972693,0.8651685393258427,0.6759103641456583,0.861503183105654,0.7692314433226712
modis,standard,hierarchical,lda,kridge,rquadratic,standard|hierarchical|lda|kridge|rquadratic,4,0.8216940532081377,0.02030270795044203,0.639645224685444,0.05532364741915684,0.9231926709112311,0.012232911640086691,0.7124998431472923,0.03359131854668946,0.01064069430000245,0.000806831457065093,0.0013635940000000346,0.00015279781799614647,0.8876404494382022,0.7676343264578559,0.9431597024583943,0.8109608178965064
modis,standard,hierarchical,lda,kridge,canberra,standard|hierarchical|lda|kridge|canberra,4,0.7991588419405321,0.021960416420148274,0.6138701873859642,0.05339291121542589,0.890837509295714,0.032017553609389265,0.6774645216871835,0.035865752196554385,0.01678992090000122,0.0024160535250236015,0.003433666499996946,0.0004281285604973661,0.8764044943820225,0.717265221878225,0.9384259212202526,0.7914615152465588
modis,standard,hierarchical,lda,kridge,truncated,standard|hierarchical|lda|kridge|truncated,4,0.8034233176838811,0.027550995724404215,0.6209176144923328,0.06281428829131282,0.9004278047283529,0.02789363065218606,0.6850084809262698,0.04579207648229313,0.01578931389999951,0.0015201474369386494,0.0034012751999966894,0.00032733470882516727,0.8876404494382022,0.7475247524752475,0.9323223627148046,0.8089157349364545
modis,minmax,uniform,pca,ksvc,linear,minmax|uniform|pca|ksvc|linear,4,0.7247652582159625,0.029282671989302393,0.4679055644038036,0.03658540732852515,0.7671352385598367,0.019712086323778952,0.5284036346434136,0.052676131974852894,0.008749058499999763,0.0004071804760588263,0.0012327630000001477,4.8287607501633844e-05,0.7640449438202247,0.4980775167691056,0.7985206269730487,0.593230808472758
modis,minmax,uniform,pca,ksvc,poly,minmax|uniform|pca|ksvc|poly,4,0.5772300469483568,0.017150257518369287,0.21783478293274233,0.023826196942937236,0.6542694180233601,0.05272982309709838,0.11218782224058473,0.06612533500795018,0.012157168899999248,0.0005585611762809992,0.0014321817000009674,4.552473523273068e-05,0.6179775280898876,0.2884057971014493,0.7185311699224444,0.2485061752732438
modis,minmax,uniform,pca,ksvc,rbf,minmax|uniform|pca|ksvc|rbf,4,0.7541079812206573,0.04001718254288286,0.5670442579046571,0.0726122845516943,0.8580300726850043,0.03972726613223155,0.5956672602364909,0.06848097083706103,0.008264924899999925,0.0002703703222581433,0.0014633165000006443,3.759115540126246e-05,0.7640449438202247,0.5922579575596817,0.8767506382372408,0.6128261088182742
modis,minmax,uniform,pca,ksvc,hyperbolic,minmax|uniform|pca|ksvc|hyperbolic,4,0.5843505477308295,0.03457283616257263,0.3590006705293414,0.08028026239184911,0.6628044147286097,0.0317615678280774,0.26489056137404865,0.08426936260195657,0.007663004600000534,0.00018382496914461194,0.0012238335000006374,4.4556260224889825e-05,0.6179775280898876,0.4349696356275303,0.6451069879445008,0.3132082595577126
modis,minmax,uniform,pca,ksvc,triangle,minmax|uniform|pca|ksvc|triangle,4,0.773904538341158,0.03447381700837148,0.6157192842941301,0.0886218767904743,0.8742822163903305,0.0481263085095258,0.6272256618467964,0.06079206731083722,0.00901052250000305,0.000413306905653261,0.0014659234999982117,4.348458730647685e-05,0.8314606741573034,0.6616147741147742,0.892635645748837,0.7133996953289988
modis,minmax,uniform,pca,ksvc,radial_basic,minmax|uniform|pca|ksvc|radial_basic,4,0.7921752738654149,0.03338195750167197,0.6524030832597859,0.07007877156638587,0.896078324887408,0.0397251309460395,0.660372958819554,0.055456814808693085,0.011654311300000586,0.0016231241504097076,0.002683580800000129,9.973514382226137e-05,0.8089887640449438,0.6648580586080586,0.9049661036735924,0.679130239826962
modis,minmax,uniform,pca,ksvc,rquadratic,minmax|uniform|pca|ksvc|rquadratic,4,0.7724569640062598,0.031091295455822097,0.6097758853745578,0.07123757526297579,0.8849185024230994,0.04199001170725517,0.6261367861698274,0.052238643593381394,0.008516149499999414,0.0005620692737915404,0.0013964006999984235,0.00014581904510686529,0.8202247191011236,0.6579882677708765,0.8927864404075329,0.6945965464881216
modis,minmax,uniform,pca,ksvc,canberra,minmax|uniform|pca|ksvc|canberra,4,0.7710876369327074,0.04127916949492696,0.6042549647129579,0.0848440579930627,0.8838327334419216,0.05409134005793411,0.6190431061900545,0.06828797250420943,0.01437860019999988,0.0006306452030690159,0.003588950299999283,0.00017046252548285856,0.8089887640449438,0.6200449236298293,0.9014284005695892,0.6730813662556778
modis,minmax,uniform,pca,ksvc,truncated,minmax|uniform|pca|ksvc|truncated,4,0.818838028169014,0.04466080922631829,0.6937250643090553,0.08910141352552568,0.9039268909791985,0.04565567215737519,0.7001540839084628,0.07702303757184842,0.012035625800000106,0.0004591186424855674,0.0030481895999969312,8.545629064984333e-05,0.8539325842696629,0.7426610644257704,0.9244422863024717,0.7528544611772431
modis,minmax,uniform,pca,kann,linear,minmax|uniform|pca|kann|linear,4,0.7906885758998434,0.05134470377717703,0.6427839291495764,0.10526962697522485,0.9089482629475383,0.04260882381164301,0.653917946270534,0.08788141965552328,0.1589687712,0.02017096188897952,0.0010293852000017977,0.00011657783166732392,0.8426966292134831,0.6993265993265994,0.940456295038054,0.733737380391909
modis,minmax,uniform,pca,kann,poly,minmax|uniform|pca|kann|poly,4,0.7991001564945227,0.03289436858688756,0.6621417837963292,0.07210884569117304,0.9091511634465055,0.0283567124947498,0.6710093066026841,0.05551378102738222,0.17823356270000232,0.02353401623741656,0.0012412034999968568,3.1479668916264814e-05,0.8202247191011236,0.6518661518661518,0.9395597222160259,0.6952858471545535
modis,minmax,uniform,pca,kann,rbf,minmax|uniform|pca|kann|rbf,4,0.79070813771518,0.04433152686940354,0.6567145173455591,0.08041542165580834,0.9084881033147676,0.03440554291111612,0.6576332507829289,0.07153268003357018,0.24082974960001025,0.036530578413880986,0.0015304436999969083,0.00019198136385052643,0.8089887640449438,0.6256358604184692,0.9407972217788432,0.6748878810843832
modis,minmax,uniform,pca,kann,hyperbolic,minmax|uniform|pca|kann|hyperbolic,4,0.7864241001564944,0.04624362392666619,0.6469325295125079,0.08545141489260477,0.9017918133235396,0.03128793709820735,0.6529172669779808,0.07150580120875075,0.23974462689999712,0.041354869756892794,0.0014450619000001552,0.00035133365829034596,0.7865168539325843,0.6154290040159605,0.9060138296010849,0.6398899084963795
modis,minmax,uniform,pca,kann,triangle,minmax|uniform|pca|kann|triangle,4,0.7822965571205007,0.03271608591633665,0.6325241837498351,0.06703839821857735,0.9105089435891426,0.02792918309877729,0.6429851404015146,0.051970015745346265,0.22159220759999415,0.02474643851408892,0.0015351015999982565,0.0001492329689707413,0.8426966292134831,0.689010989010989,0.9282281174027996,0.7329634990189758
modis,minmax,uniform,pca,kann,radial_basic,minmax|uniform|pca|kann|radial_basic,4,0.7935250391236306,0.02901768181278121,0.6464532160459757,0.06244091746761542,0.9230579804786135,0.019731664847655796,0.6618339795271113,0.04484111671613144,0.1849881199000066,0.03974039950575041,0.001789768099999378,0.00014246694049710625,0.8202247191011236,0.6477258852258853,0.9289369162265075,0.6942754263879504
modis,minmax,uniform,pca,kann,rquadratic,minmax|uniform|pca|kann|rquadratic,4,0.7991197183098592,0.04058860108649768,0.666538185099003,0.08200335629725308,0.9163423646131765,0.02942054606061127,0.6717607419223164,0.06820369917604652,0.21788091100000032,0.01696210557768339,0.0014980525000027,0.00028646500717668624,0.797752808988764,0.613003663003663,0.9291843684234615,0.6560268885058534
modis,minmax,uniform,pca,kann,canberra,minmax|uniform|pca|kann|canberra,4,0.7767214397496087,0.049625463504998205,0.628225504250728,0.0971172750212635,0.9222047846154965,0.030130439508592077,0.6315288355022087,0.08769306751798016,0.21700042189999919,0.020229945750041185,0.002067006400002924,0.00024546311278740866,0.797752808988764,0.6201465201465202,0.9404675156135136,0.6566040901443647
modis,minmax,uniform,pca,kann,truncated,minmax|uniform|pca|kann|truncated,4,0.8033646322378717,0.02202339565114416,0.6830816906200883,0.042502643883919354,0.9250863684318004,0.020489375379239182,0.6763325505497066,0.037326199560345816,0.27509971209999834,0.058140040174024236,0.0023185827000048675,0.00053195135373292,0.8314606741573034,0.6922619047619047,0.9436869430428345,0.7167744392949162
modis,minmax,uniform,pca,kridge,linear,minmax|uniform|pca|kridge|linear,4,0.707942097026604,0.028517790233843175,0.4499872355643294,0.03905580488373947,0.8241106548784056,0.042959328705457225,0.4894300837631014,0.05418183585313245,0.012069178500001953,0.0015118799354130485,0.00149938039999995,0.00025654352006578707,0.797752808988764,0.5530482307865675,0.8322725383013944,0.6529902576576044
modis,minmax,uniform,pca,kridge,poly,minmax|uniform|pca|kridge|poly,4,0.719131455399061,0.032779491136530635,0.4656965196862373,0.03860616501133205,0.8576048953591322,0.04095674684029906,0.513220032864359,0.06351228131275101,0.008851374900004316,0.0002588862576397872,0.0010912257999962094,4.301473373795392e-05,0.8202247191011236,0.5889869709351631,0.9056174587134738,0.6904483721341165
modis,minmax,uniform,pca,kridge,rbf,minmax|uniform|pca|kridge|rbf,4,0.7654342723004695,0.03386228147103131,0.5819285226718637,0.08264540352768918,0.913721810064942,0.026528884564883403,0.6065922498069731,0.05938624453932096,0.009222235399991518,0.0003578668748670273,0.0012360072000035416,3.8389351140251276e-05,0.7865168539325843,0.5990575462273575,0.9287690886153614,0.6346506534686229
modis,minmax,uniform,pca,kridge,hyperbolic,minmax|uniform|pca|kridge|hyperbolic,4,0.6924295774647888,0.053176648098271564,0.5558747550470732,0.057741483438260674,0.8162176376533162,0.06325086432580028,0.5131543261899922,0.07360145581718178,0.009432705599996894,0.0011185793028789359,0.0011953838000010818,0.00015193786441273266,0.6966292134831461,0.531365262228829,0.8152983047134541,0.49281744078060796
modis,minmax,uniform,pca,kridge,triangle,minmax|uniform|pca|kridge|triangle,4,0.7175860719874804,0.0779113840815074,0.5807041549332519,0.09735986151115414,0.8370235957296831,0.06336383547767292,0.5591140837364432,0.10953040201123788,0.009505259699997737,0.00045159004519697125,0.0014084037999992916,7.637575485665823e-05,0.7191011235955056,0.5179310406001145,0.7867691788380555,0.5375234029973694
modis,minmax,uniform,pca,kridge,radial_basic,minmax|uniform|pca|kridge|radial_basic,4,0.7977699530516433,0.031131201732623442,0.6548107050891929,0.07816529998814958,0.8974431565860697,0.04583696471149292,0.668795615805166,0.04959322711853918,0.01154224729999669,0.0005976764370002662,0.0025032998000028782,5.4319068511967664e-05,0.7865168539325843,0.5972812097812098,0.8995973545097558,0.636336706107873
modis,minmax,uniform,pca,kridge,rquadratic,minmax|uniform|pca|kridge|rquadratic,4,0.7878716744913928,0.039212666033972894,0.6322562428594712,0.09440513178626468,0.9077919941925995,0.027458353338855622,0.6467604858503792,0.06624113582693336,0.009004299000005744,0.0003460837912727672,0.0012167019999935746,4.1731149859881676e-05,0.8314606741573034,0.6659749034749035,0.931884172158133,0.7130505115174235
modis,minmax,uniform,pca,kridge,canberra,minmax|uniform|pca|kridge|canberra,4,0.7809272300469484,0.03918015066260877,0.5997956654257801,0.07448185231400789,0.8925362939343555,0.0551855713653954,0.6345822178323289,0.06545276749774384,0.014227469799999426,0.00032403641337176925,0.003115514900002836,0.0001591403573034453,0.8651685393258427,0.7471737751704455,0.9558998145823978,0.7719905467150223
modis,minmax,uniform,pca,kridge,truncated,minmax|uniform|pca|kridge|truncated,4,0.7851134585289514,0.04038326615858348,0.6078286341647282,0.07699908824204157,0.9073872497371072,0.05175698375727955,0.6403871094787575,0.06946490405551366,0.01480393909999691,0.0020580521223350925,0.00346041570000466,0.0005461640350909397,0.8314606741573034,0.6914526897143195,0.9484121705652108,0.715938100180015
modis,minmax,uniform,lda,ksvc,linear,minmax|uniform|lda|ksvc|linear,4,0.7907472613458529,0.03768865193333105,0.6358202324686367,0.06183267718976081,0.8502311754603162,0.018423909184425623,0.6542086347258147,0.0623885916005295,0.009188715100000877,0.0003364284054138817,0.0010964695999973629,2.7585441928596847e-05,0.8089887640449438,0.6253357753357753,0.8526885001464183,0.6751511574469019
modis,minmax,uniform,lda,ksvc,poly,minmax|uniform|lda|ksvc|poly,4,0.6952660406885759,0.021281121398769677,0.49535035120294574,0.05031773606005565,0.8046409736910606,0.032545173875860665,0.4659771082351292,0.0410521507098202,0.00953018049999912,0.0003795400061330289,0.0013036686000020836,7.27248703257631e-05,0.6741573033707865,0.38441905687894995,0.7900351167484455,0.389768660428323
modis,minmax,uniform,lda,ksvc,rbf,minmax|uniform|lda|ksvc|rbf,4,0.7879303599374022,0.04706688672327006,0.6221593805816708,0.0750534548925216,0.8889609855910404,0.027656932247308075,0.6501510463540576,0.07699681307975714,0.01189844279999761,0.0012892518414559181,0.0022394380000008594,9.824996861732994e-05,0.797752808988764,0.6060328185328185,0.8467023607868678,0.6555151574602606
modis,minmax,uniform,lda,ksvc,hyperbolic,minmax|uniform|lda|ksvc|hyperbolic,4,0.7373630672926448,0.030928323669056033,0.5663857181060121,0.05808631987795474,0.8382830972180155,0.041677509920476634,0.5724278975749034,0.054423115502325196,0.008232100400002195,0.0005656856271423976,0.0013048676000011028,0.0001339035835086329,0.7078651685393258,0.48766025641025645,0.7550595151720195,0.5160541974141537
modis,minmax,uniform,lda,ksvc,triangle,minmax|uniform|lda|ksvc|triangle,4,0.7920579029733958,0.05403256845165278,0.6407600004131623,0.09469995105433564,0.9009019035377481,0.02804182175928872,0.6570291240087982,0.08951217206075564,0.009176550399999428,0.0010328300456786499,0.0015852844000022515,0.0002158504387894902,0.797752808988764,0.6060328185328185,0.8695439155547366,0.6555151574602606
modis,minmax,uniform,lda,ksvc,radial_basic,minmax|uniform|lda|ksvc|radial_basic,4,0.7639475743348982,0.0463324715212822,0.6090992829732004,0.06841390574508031,0.8964805246187824,0.03368478181841489,0.6156186414869065,0.07364732954233022,0.012292059600000016,0.0013109654352706688,0.0027652680999977973,0.0002920814594892669,0.7865168539325843,0.5763239875389408,0.8701254446488043,0.6322798415272045
modis,minmax,uniform,lda,ksvc,rquadratic,minmax|uniform|lda|ksvc|rquadratic,4,0.7836854460093897,0.04985102186141775,0.6191197150753898,0.08640773169453732,0.9048643442329547,0.03017871169337066,0.6438341547809306,0.08261764167840414,0.008244640800003821,0.0004791207470583998,0.0013353846999962116,0.00023025035023224076,0.8089887640449438,0.6190966546801787,0.8855455577157741,0.6745794999805572
modis,minmax,uniform,lda,ksvc,canberra,minmax|uniform|lda|ksvc|canberra,4,0.775254303599374,0.0232339417565334,0.6208014466758628,0.049842189400211935,0.9063518483056928,0.026079078305196852,0.6300124481316202,0.04045299173735647,0.01564384319999874,0.0018622777177271478,0.003779832900002589,0.0005016576770264538,0.8089887640449438,0.6572327044025157,0.8945662314779456,0.6748316406491643
modis,minmax,uniform,lda,ksvc,truncated,minmax|uniform|lda|ksvc|truncated,4,0.7851330203442879,0.03616428941808257,0.6399580344477837,0.0728821298888855,0.9157158973489509,0.028173226268934395,0.6463894410362518,0.06305011521801769,0.0163302606000002,0.0008768301029962242,0.0040922119999947885,0.00010995751652934865,0.8651685393258427,0.7264652014652015,0.9098617673205445,0.7714898172013926
modis,minmax,uniform,lda,kann,linear,minmax|uniform|lda|kann|linear,4,0.7683098591549296,0.04222203338688045,0.6020288396416762,0.07509635156063561,0.9223870600891739,0.02461766281686521,0.6189943640628989,0.07000934466656718,0.15386401279999973,0.05943181663246276,0.0011846431999998686,0.0003369922535347946,0.8202247191011236,0.6536098310291858,0.9258792008491425,0.7007126724524082
modis,minmax,uniform,lda,kann,poly,minmax|uniform|lda|kann|poly,4,0.7807902973395932,0.04697399751915199,0.6342825572565938,0.08208156051577724,0.9258894245012984,0.02810196421214491,0.6406241402730933,0.07677448294340129,0.20938701720000097,0.041018158345666036,0.001374758499997597,0.000202246593091271,0.7865168539325843,0.5980200667662627,0.9329716194625159,0.640435983852555
modis,minmax,uniform,lda,kann,rbf,minmax|uniform|lda|kann|rbf,4,0.7611111111111112,0.04512756236124226,0.601949553515838,0.07756338324788065,0.9233249441759082,0.024788054249264998,0.6106192861112222,0.07188041245833716,0.23393844599999908,0.029002475419905954,0.0016141225999973586,0.0002936183975301109,0.8314606741573034,0.6421361657210714,0.9355475941700607,0.7112449874086167
modis,minmax,uniform,lda,kann,hyperbolic,minmax|uniform|lda|kann|hyperbolic,4,0.7879303599374021,0.044664046000430724,0.6461111694235278,0.08168437603281666,0.9155268265356579,0.02532216344693771,0.6521962341269377,0.0723217437337171,0.2224406079999909,0.034392924731862444,0.0014290893000037386,0.00025389457517565255,0.8314606741573034,0.6565217801066857,0.9470777907955854,0.7120258701243866
modis,minmax,uniform,lda,kann,triangle,minmax|uniform|lda|kann|triangle,4,0.786365414710485,0.04453687376862172,0.6334266435701885,0.07816224802655711,0.9307335672924436,0.021699654028430597,0.6487377614188875,0.07143305038663435,0.2539252390999991,0.054995633535238134,0.0017612569999982952,0.00032069114751582346,0.7528089887640449,0.5496329699920692,0.9170181155753124,0.5844386672788954
modis,minmax,uniform,lda,kann,radial_basic,minmax|uniform|lda|kann|radial_basic,4,0.7625195618153364,0.03549521803594516,0.5968483878329527,0.0735407449324064,0.9111030239300952,0.029760197832170376,0.6109151989254518,0.059942737912023265,0.21575551249999875,0.05460793594657064,0.0019116416999963803,0.0002118239596469213,0.797752808988764,0.6381519445281881,0.9156043526964173,0.6558401047884883
modis,minmax,uniform,lda,kann,rquadratic,minmax|uniform|lda|kann|rquadratic,4,0.7695422535211267,0.03469653745714543,0.6198502515374198,0.062000719749326326,0.9256311047283408,0.02224061718295599,0.6244267092697661,0.056390761233586786,0.2192844798999971,0.020329697554956474,0.001528629399999204,0.00016981007727816358,0.797752808988764,0.6090679267704795,0.9314438884174371,0.6550077428526813
modis,minmax,uniform,lda,kann,canberra,minmax|uniform|lda|kann|canberra,4,0.775293427230047,0.03604639221478581,0.6191862208045564,0.09371727185102173,0.9131179713916383,0.022734098982795565,0.631093140808665,0.06412833178787845,0.2431321704000055,0.02613526146587495,0.002099932699994156,0.0002712784149108633,0.7752808988764045,0.6118348244958289,0.8946825421404604,0.6174760269516572
modis,minmax,uniform,lda,kann,truncated,minmax|uniform|lda|kann|truncated,4,0.7625782472613458,0.03451760396818223,0.6051882675307504,0.06927444972552177,0.914527847739186,0.02308001783572187,0.6114200613659251,0.05998811915118516,0.22750138890000074,0.01777187887390871,0.002061117299999182,0.0002687891036692495,0.7640449438202247,0.5819816075655897,0.9122111280519045,0.6086042499064528
modis,minmax,uniform,lda,kridge,linear,minmax|uniform|lda|kridge|linear,4,0.748689358372457,0.035115507888674034,0.4825629081893572,0.055013861566323485,0.8701039751238463,0.027262350606749048,0.5719225117107533,0.06288448751908361,0.009751215100001787,0.0007010997656984824,0.001069981499995265,9.055031354907867e-05,0.797752808988764,0.5294871794871795,0.8994289150592827,0.645635028267675
modis,minmax,uniform,lda,kridge,poly,minmax|uniform|lda|kridge|poly,4,0.7781103286384977,0.03342826861627129,0.552578882560295,0.03625974288743583,0.91426443361614,0.026984428576072667,0.6246485159372167,0.0572389905552595,0.009803888600001188,0.0006340705913653686,0.0011540147999994587,0.00012992292058388626,0.8089887640449438,0.5925052410901467,0.9032728964024053,0.6737614016929665
modis,minmax,uniform,lda,kridge,rbf,minmax|uniform|lda|kridge|rbf,4,0.7809663536776213,0.045186057388625064,0.6077315394988902,0.07148484371456504,0.9254711871991821,0.027074482098794952,0.6379329325420484,0.07375166524654482,0.009487115099997823,0.0002776599091349246,0.0012481403000037972,6.518293814670911e-05,0.8089887640449438,0.6496703296703297,0.9250611395922286,0.6757076416392481
modis,minmax,uniform,lda,kridge,hyperbolic,minmax|uniform|lda|kridge|hyperbolic,4,0.6782668231611895,0.13008586117075333,0.5174059414956471,0.08884745689974685,0.7970320984004615,0.07574732836440497,0.5069139641022982,0.1469426476647693,0.011936434900002268,0.001961814725545245,0.0014151583000028723,0.00023521423836689743,0.6067415730337079,0.4606287993920973,0.7535364811000331,0.4339463736684398
modis,minmax,uniform,lda,kridge,triangle,minmax|uniform|lda|kridge|triangle,4,0.7414319248826291,0.1273610826662321,0.5775554538222472,0.13966102420185844,0.8807794249329929,0.05764388250729768,0.5892500881665181,0.16221766267646098,0.010626825400001394,0.0006364058312808788,0.0014385231999995084,0.00016505290955112545,0.7078651685393258,0.5479774021045368,0.7375959087999623,0.5241623806064177
modis,minmax,uniform,lda,kridge,radial_basic,minmax|uniform|lda|kridge|radial_basic,4,0.7751369327073553,0.03941005936179571,0.6304371183388117,0.06775870332982269,0.883479244129644,0.03372536477544,0.6347538261100389,0.06673885963626308,0.013962424499996472,0.0023535912393712615,0.002754328599999667,0.00031058121503041436,0.797752808988764,0.6384139009139009,0.8620241739659465,0.6488223564759565
modis,minmax,uniform,lda,kridge,rquadratic,minmax|uniform|lda|kridge|rquadratic,4,0.7893192488262911,0.055066423307886594,0.6301839176183124,0.1046551913671906,0.9254744896516091,0.027215970996478666,0.6532174705232274,0.08872856767137251,0.010254403600004024,0.0014716248626770049,0.0014080392000010988,0.000531712136762971,0.8089887640449438,0.6496703296703297,0.9299598041439332,0.6757076416392481
modis,minmax,uniform,lda,kridge,canberra,minmax|uniform|lda|kridge|canberra,4,0.7682120500782472,0.03735600548135514,0.6145405867201835,0.06939304455820113,0.9098476599719904,0.027896608378686207,0.6188497064766898,0.06470652109969703,0.01725771109999812,0.003163336803328476,0.0032987750000074813,0.00031081371513977363,0.7415730337078652,0.5131365706512095,0.8987378950664764,0.5601666144151429
modis,minmax,uniform,lda,kridge,truncated,minmax|uniform|lda|kridge|truncated,4,0.7667840375586854,0.04959268927158557,0.6154461393039299,0.08921318775587327,0.9131902242625921,0.03108916786172502,0.6160271889567434,0.08224185188344627,0.014677959799996643,0.0019070186205338304,0.003314444199997979,0.00040902034026439263,0.7752808988764045,0.5876165501165501,0.9056103245599982,0.6251151629140874
modis,minmax,kmeans,pca,ksvc,linear,minmax|kmeans|pca|ksvc|linear,4,0.7429968701095462,0.017197049873372627,0.4162306356427633,0.024370583709884548,0.7715340034584456,0.027907260189900175,0.5789557025764869,0.026485340036079417,0.009605634399997598,0.0010643036552180228,0.001397697500001982,0.00020600210571024896,0.7865168539325843,0.4553245597304343,0.7909722875799825,0.6462423054824064
modis,minmax,kmeans,pca,ksvc,poly,minmax|kmeans|pca|ksvc|poly,4,0.5688184663536775,0.01985196057856641,0.2301167419505105,0.028273006042351195,0.6416261942416933,0.033596078949051096,0.13648789634692,0.059094044935893236,0.013297736800001302,0.0009407638017448052,0.0015680165000020452,0.00028999437739822407,0.5955056179775281,0.21250829462508294,0.6893626881174115,0.12585750927458003
modis,minmax,kmeans,pca,ksvc,rbf,minmax|kmeans|pca|ksvc|rbf,4,0.7569835680751174,0.03663884437118605,0.5507060320504097,0.06267142224019273,0.8599748508714347,0.025132940464267523,0.6030751376775106,0.06375036097066626,0.008913832799999,0.0008369455039409399,0.0015806704999960174,0.00026854812288806156,0.8089887640449438,0.5586655592469546,0.8762875870399058,0.6848320908112505
modis,minmax,kmeans,pca,ksvc,hyperbolic,minmax|kmeans|pca|ksvc|hyperbolic,4,0.5758802816901409,0.03303347173583161,0.3298325595476857,0.03572881400133912,0.6616372869805056,0.032526147751240075,0.25347698960166676,0.07181753232336965,0.008144599900001026,0.000533145600294458,0.0015453478999972957,0.00031790578416780713,0.5730337078651685,0.37236590038314177,0.6570676725692184,0.21832759447039704
modis,minmax,kmeans,pca,ksvc,triangle,minmax|kmeans|pca|ksvc|triangle,4,0.770989827856025,0.03799359699899619,0.6103421019299304,0.06280334284368409,0.8832864043327856,0.027440348984055916,0.6276574991944682,0.059682918958802796,0.010316268899995863,0.0016289041887529352,0.0018065659999990658,0.00028943206977393755,0.8089887640449438,0.6055458768873403,0.8773296589768592,0.6760452881836622
modis,minmax,kmeans,pca,ksvc,radial_basic,minmax|kmeans|pca|ksvc|radial_basic,4,0.8061815336463225,0.03560188289693618,0.6653191821803612,0.07117671669429525,0.9147726288623913,0.027447683474448162,0.6844174474041397,0.05961963705958834,0.011191861199998243,0.0003072150230060006,0.002756339300006516,0.00010251401702178485,0.8089887640449438,0.5942099567099568,0.9033019253733785,0.6749125993413224
modis,minmax,kmeans,pca,ksvc,rquadratic,minmax|kmeans|pca|ksvc|rquadratic,4,0.7766236306729265,0.03186921317048576,0.6053629507678211,0.054150679624885234,0.8818974061743369,0.018543814784632892,0.6349378149111902,0.052272618969695775,0.00884726459999854,0.001071335739816222,0.001457913699994151,0.00011327731390037636,0.8089887640449438,0.61996336996337,0.8886520920615734,0.6760354556805468
modis,minmax,kmeans,pca,ksvc,canberra,minmax|kmeans|pca|ksvc|canberra,4,0.7865805946791863,0.030422099606682677,0.6211134845358558,0.05644842948494178,0.8864484044635749,0.0184901575950188,0.6510377631018444,0.04909521589136591,0.014178039099996908,0.0005029370093779128,0.0036032897000012553,0.00023107645098429378,0.797752808988764,0.5481240981240982,0.8702844060324308,0.6598004767546327
modis,minmax,kmeans,pca,ksvc,truncated,minmax|kmeans|pca|ksvc|truncated,4,0.7922535211267606,0.030606584061984278,0.640406379880571,0.052000766582573785,0.8918933949259251,0.015263535361773418,0.6614976201996424,0.05173446064491467,0.015804471100000227,0.0009738423284916141,0.004037129299996422,0.0003908271455407112,0.797752808988764,0.575734394124847,0.8662121472367091,0.6610097367487903
modis,minmax,kmeans,pca,kann,linear,minmax|kmeans|pca|kann|linear,4,0.7753129890453834,0.04332108664894511,0.6109009684133143,0.05652370913397803,0.9164457322388166,0.026946663756392687,0.6323256776805416,0.07010689498903962,0.15076575630000377,0.006844063954491859,0.0010562798999956158,0.00010902988255370849,0.8314606741573034,0.6711956521739131,0.9318937741515892,0.7153470362624123
modis,minmax,kmeans,pca,kann,poly,minmax|kmeans|pca|kann|poly,4,0.7835485133020345,0.04897241420774584,0.637966569723649,0.06511276170561398,0.899648890422306,0.03223592420846558,0.6507048559464876,0.07584489140305906,0.21425123049999684,0.03373183683728657,0.0014317225000041844,0.00028628755209486373,0.7752808988764045,0.5574002574002574,0.916069743169537,0.6187721650565563
modis,minmax,kmeans,pca,kann,rbf,minmax|kmeans|pca|kann|rbf,4,0.7849765258215962,0.0488679049021497,0.633789478815718,0.08234510365166896,0.9050777677755472,0.037533225995535484,0.6515225860795181,0.07798969774070996,0.21251986810000006,0.020453202579563408,0.0014522392999992916,0.00023393449719263826,0.8089887640449438,0.6202880452880453,0.9189182272744623,0.6747637297074162
modis,minmax,kmeans,pca,kann,hyperbolic,minmax|kmeans|pca|kann|hyperbolic,4,0.7962245696400626,0.035237346406205246,0.6695778089952873,0.05718044500879544,0.9109565721630754,0.03501980639234334,0.6697537417313824,0.058901972434134725,0.2209794774000045,0.015273700239229379,0.0013238281999974788,9.592429658544144e-05,0.8202247191011236,0.6267399267399267,0.9110509914142686,0.6944888594361456
modis,minmax,kmeans,pca,kann,triangle,minmax|kmeans|pca|kann|triangle,4,0.7935054773082942,0.04615521790435518,0.6594551738381976,0.07937287861835049,0.9165847977620334,0.02784878717265263,0.6673645239065495,0.07415275467435178,0.21730275950000078,0.024886016606809915,0.0015030646999974807,0.0001483794131674155,0.8202247191011236,0.6090354090354091,0.9208604027824228,0.697525100839115
modis,minmax,kmeans,pca,kann,radial_basic,minmax|kmeans|pca|kann|radial_basic,4,0.8033841940532082,0.02943826819621398,0.6640897228853073,0.05673933663758542,0.9246334395798284,0.01935722183868831,0.6799411356641516,0.04836991564361953,0.1910125507000032,0.03947123133044853,0.0019599856999974463,0.00020114946029309487,0.8202247191011236,0.625503663003663,0.9226006749194657,0.6951792839976471
modis,minmax,kmeans,pca,kann,rquadratic,minmax|kmeans|pca|kann|rquadratic,4,0.7863654147104852,0.04686845215103837,0.643895218871345,0.07715814558839217,0.9096287302917261,0.026425424328715554,0.654280550246652,0.07458758549086557,0.21061529739999968,0.027094589819246177,0.0013780517000014925,6.292355824756244e-05,0.8089887640449438,0.5942099567099568,0.9172841614013033,0.6749125993413224
modis,minmax,kmeans,pca,kann,canberra,minmax|kmeans|pca|kann|canberra,4,0.775293427230047,0.03028511172072223,0.6150352144819313,0.05641237047325514,0.9203698662569828,0.01908415986866428,0.6324587064164525,0.04880178066003084,0.2135463530999971,0.010039765754681523,0.0019472224000026018,0.000144378004838581,0.8089887640449438,0.6293859649122807,0.9262450162913921,0.6771606694924529
modis,minmax,kmeans,pca,kann,truncated,minmax|kmeans|pca|kann|truncated,4,0.79070813771518,0.02866285493837382,0.651435169401055,0.052061110437559094,0.9184357028895646,0.019617086552375266,0.6593334509314788,0.04482566640919168,0.22806726670000046,0.02616915810603516,0.0019336940999977515,0.0002853703102439662,0.8314606741573034,0.6553571428571429,0.9258156415705368,0.7169792036107061
modis,minmax,kmeans,pca,kridge,linear,minmax|kmeans|pca|kridge|linear,4,0.7345461658841941,0.015464972907709217,0.39904777395551994,0.011835443051312962,0.8066719958390749,0.04631785500673371,0.5609152903480751,0.028943338125246163,0.00863893179999593,0.0003796660275899106,0.0010278058000039892,3.812306867076749e-05,0.7752808988764045,0.4125816993464052,0.8222563255627494,0.6322163299028997
modis,minmax,kmeans,pca,kridge,poly,minmax|kmeans|pca|kridge|poly,4,0.7275234741784038,0.021144956083830217,0.40685106325434506,0.03081939579726116,0.8427928519848326,0.04500325766473603,0.5467223759836687,0.03453769205163526,0.008874393800002166,0.0005566253660270195,0.0011426002999968432,0.00014255078047498742,0.7752808988764045,0.41394495412844035,0.9009012480113476,0.6281509318826838
modis,minmax,kmeans,pca,kridge,rbf,minmax|kmeans|pca|kridge|rbf,4,0.749960876369327,0.03127958128081859,0.5526913239700845,0.05842839491995955,0.90296287965338,0.02194685034437047,0.5862421134502859,0.05725091960070698,0.00911806039999874,0.00044268654090310315,0.0012343677999979263,7.506594279927955e-05,0.8202247191011236,0.6189302050151106,0.9218673696086955,0.6923378798195424
modis,minmax,kmeans,pca,kridge,hyperbolic,minmax|kmeans|pca|kridge|hyperbolic,4,0.6529342723004695,0.12418439966429155,0.4897893366822976,0.1257045878041445,0.7589233211754577,0.12455283040741238,0.45498744967234855,0.17930643848086872,0.009365636699999413,0.00043553979609628295,0.0012481847000003655,0.0001105091515766846,0.6853932584269663,0.5123450432728783,0.7556896636894919,0.5068941569669335
modis,minmax,kmeans,pca,kridge,triangle,minmax|kmeans|pca|kridge|triangle,4,0.7290492957746479,0.050545622019047096,0.5607074969315171,0.07318667684094186,0.8589781036593751,0.04471600259651204,0.5664104433834483,0.07564852483878573,0.00929715069999304,0.00036423394531792105,0.0013728636000024607,8.10403091992706e-05,0.7303370786516854,0.5313725490196078,0.7622461733377226,0.5568064461814785
modis,minmax,kmeans,pca,kridge,radial_basic,minmax|kmeans|pca|kridge|radial_basic,4,0.7949139280125196,0.04157796753920368,0.6371718219061381,0.07875389642768094,0.9034935436560604,0.02716492490887982,0.6661099282768465,0.0694642665236805,0.012608764499995572,0.0017873830815471016,0.0026862425000018673,0.0002902266792224947,0.8202247191011236,0.628415551072804,0.8658778552071235,0.6988649239259574
modis,minmax,kmeans,pca,kridge,rquadratic,minmax|kmeans|pca|kridge|rquadratic,4,0.7695618153364633,0.03991217593694125,0.6102788609187244,0.07114867589858874,0.9032957263281756,0.027154150424905158,0.6227235628876909,0.0659734032448596,0.009838022100001353,0.0011117821095121725,0.0012874834000001557,0.00014227994542993224,0.8314606741573034,0.6639652014652015,0.9193303136535702,0.7144717555523058
modis,minmax,kmeans,pca,kridge,canberra,minmax|kmeans|pca|kridge|canberra,4,0.7753129890453835,0.02617748065766176,0.5499307537155314,0.07108090845224585,0.8866234832779636,0.02365731152389408,0.6293891852957769,0.04494930043190906,0.015037051299998438,0.0025242378035904606,0.003156889800004592,0.00047048780677599,0.8314606741573034,0.6687032678695689,0.9439314163635704,0.7157164036850037
modis,minmax,kmeans,pca,kridge,truncated,minmax|kmeans|pca|kridge|truncated,4,0.7809467918622849,0.018283944167226507,0.5732332935621149,0.04477911881292395,0.8945817556709855,0.023113427011147786,0.6362362916958622,0.03230223451764655,0.01291661340000303,0.0006390281168897803,0.003151410399996735,0.0003933378550004524,0.8202247191011236,0.6475080937502523,0.9407479597921027,0.6938459321349298
modis,minmax,kmeans,lda,ksvc,linear,minmax|kmeans|lda|ksvc|linear,4,0.8019561815336462,0.0261326134153757,0.6475512531584641,0.043921286226321014,0.8632354749027427,0.02678659894270536,0.6759493507554163,0.04381660751140611,0.011560732399999551,0.0024251340730680805,0.0012628017999986696,0.00019130985952644413,0.8314606741573034,0.6508940620782726,0.8552520775554097,0.7152442711258357
modis,minmax,kmeans,lda,ksvc,poly,minmax|kmeans|lda|ksvc|poly,4,0.6868153364632237,0.03908677189152117,0.43061748842734693,0.056524798159915866,0.7903717453191808,0.034472544824482386,0.4480304518628354,0.07944901462375438,0.01107639979999533,0.001756991799559326,0.0015730478000051562,0.00026887223116570206,0.6853932584269663,0.408957033957034,0.7964273438981444,0.4239096931072295
modis,minmax,kmeans,lda,ksvc,rbf,minmax|kmeans|lda|ksvc|rbf,4,0.8061619718309858,0.024734753281884667,0.6502010100376927,0.04542351127300598,0.8898440371338063,0.03542516171642948,0.6823269916916781,0.041476732042872874,0.008592285100002072,0.0005082889335616692,0.0014113110999971923,9.034068180893482e-05,0.8314606741573034,0.6426952112927722,0.8419264600344984,0.7164983229965044
modis,minmax,kmeans,lda,ksvc,hyperbolic,minmax|kmeans|lda|ksvc|hyperbolic,4,0.7316901408450704,0.05499520255248918,0.5719938213337141,0.08026554487051997,0.8426825071450186,0.032623650537316924,0.5701726036930839,0.090141874913487,0.008556788400005644,0.0005861835261311358,0.001492743099998961,0.0002799012202828578,0.7303370786516854,0.5485115560285044,0.7834985969003488,0.554102468316036
modis,minmax,kmeans,lda,ksvc,triangle,minmax|kmeans|lda|ksvc|triangle,4,0.8032668231611894,0.037415781005826515,0.6527712228449254,0.05695442346207386,0.8879040712640013,0.033962426259417075,0.6781767629251327,0.0603739573273094,0.008544739899997466,0.00037273002178345947,0.0014758248000021012,8.810162874029204e-05,0.8202247191011236,0.5993425053207662,0.8218710082330831,0.6964721589128017
modis,minmax,kmeans,lda,ksvc,radial_basic,minmax|kmeans|lda|ksvc|radial_basic,4,0.7695618153364633,0.026693417322901883,0.596768236055955,0.047690468711013546,0.9090614718179639,0.02975087496351625,0.6232523062796417,0.04898794778281741,0.012126806400002011,0.000845786071384262,0.002708162099997935,7.163500590939542e-05,0.8089887640449438,0.5867290414222556,0.9048929559922345,0.6703303911326162
modis,minmax,kmeans,lda,ksvc,rquadratic,minmax|kmeans|lda|ksvc|rquadratic,4,0.8032863849765259,0.03154884122654618,0.6469892684279172,0.04567652403948329,0.8964774301692442,0.03679711066920849,0.6784590496380553,0.05209404667773872,0.008308190300002138,0.000462513265320444,0.0012752936999987697,4.2059743118568665e-05,0.8314606741573034,0.6421620046620047,0.8438843203743582,0.7157633690183419
modis,minmax,kmeans,lda,ksvc,canberra,minmax|kmeans|lda|ksvc|canberra,4,0.787754303599374,0.047736975497301416,0.6264320892951379,0.08050688308778595,0.8924869557407661,0.03210160751666584,0.6521964127783881,0.07900021122994759,0.014309823100003883,0.00043548333386788106,0.0034940675999962424,9.813334627891469e-05,0.8314606741573034,0.6063146997929607,0.8353918802433058,0.7135880619777066
modis,minmax,kmeans,lda,ksvc,truncated,minmax|kmeans|lda|ksvc|truncated,4,0.8018583724569639,0.034045858328920896,0.6410881960822848,0.0603200760990783,0.9107029480942005,0.023958901860059365,0.6768271549934652,0.057540471124397016,0.012248314599997912,0.00047005636998155955,0.003050687999999013,9.170790320303437e-05,0.8426966292134831,0.6277472527472527,0.8387987455103566,0.7326227417150084
modis,minmax,kmeans,lda,kann,linear,minmax|kmeans|lda|kann|linear,4,0.786521909233177,0.028712298298737646,0.6391387249763792,0.044798599633283115,0.8986497025452256,0.040173587758910896,0.6522314743261266,0.04728568756521274,0.1539700020999959,0.029709062676215398,0.0010073219000020118,0.00016205368036235787,0.8202247191011236,0.6467907092907093,0.9160535988301362,0.6997872340425532
modis,minmax,kmeans,lda,kann,poly,minmax|kmeans|lda|kann|poly,4,0.785054773082942,0.027017315046685947,0.6285182255021765,0.043349053186770306,0.9074239024315048,0.030611667341101722,0.6497693556337862,0.04406444110622078,0.20907393030000207,0.0325034802293242,0.0012478978000018514,7.984125108644e-05,0.8314606741573034,0.6482745699199455,0.9311519833462465,0.7178045554078587
modis,minmax,kmeans,lda,kann,rbf,minmax|kmeans|lda|kann|rbf,4,0.7835876369327074,0.03823855967922846,0.6303234878185766,0.04794381568650329,0.9159236701862881,0.03466326148866336,0.6466584976071473,0.06299392924553728,0.21579958379999767,0.020034523365397506,0.001422402800002942,0.00024257391110394736,0.8426966292134831,0.6712283437283437,0.9398412811544037,0.7344644992882206
modis,minmax,kmeans,lda,kann,hyperbolic,minmax|kmeans|lda|kann|hyperbolic,4,0.7906103286384977,0.03837797957940263,0.6297810952255148,0.06038257332055678,0.9127582705326447,0.03448815249603725,0.6583482625579807,0.06365767699497354,0.21122080340000196,0.031056590203938507,0.001323830100000123,0.00019337056881624888,0.8426966292134831,0.6309667795516851,0.9389058170834194,0.7311578908256972
modis,minmax,kmeans,lda,kann,triangle,minmax|kmeans|lda|kann|triangle,4,0.7851134585289514,0.04591758543758667,0.6354381214200708,0.07250635662421333,0.9215635161665088,0.028456763681610375,0.6483611503018712,0.07649799601268338,0.2135619406000046,0.014573644574478756,0.0014911122000000887,0.00022477165101622709,0.8089887640449438,0.6008320383320384,0.9233823671946311,0.6783665059060846
modis,minmax,kmeans,lda,kann,radial_basic,minmax|kmeans|lda|kann|radial_basic,4,0.7794014084507043,0.03912841759099788,0.6275746494725428,0.0681316169399227,0.9051270194580978,0.021324503080552924,0.640736129221684,0.06944844703213743,0.20735173360000375,0.02934919344851367,0.0017173728000045684,8.082061933961013e-05,0.7865168539325843,0.5684246309246309,0.888304666709854,0.6402992807953396
modis,minmax,kmeans,lda,kann,rquadratic,minmax|kmeans|lda|kann|rquadratic,4,0.7948356807511738,0.030490338348563534,0.645402815075158,0.0432643026706411,0.9176739666734871,0.031497823360456596,0.664761071674812,0.04914521813191687,0.23145752839999717,0.0397074697617981,0.0015403969000033157,0.00021592782922704717,0.8314606741573034,0.6508940620782726,0.9288216977799596,0.7152442711258357
modis,minmax,kmeans,lda,kann,canberra,minmax|kmeans|lda|kann|canberra,4,0.7625195618153365,0.04581160164384533,0.5887610892529385,0.07406616103132013,0.8980104872599005,0.03543289083395264,0.6118276194327005,0.07774282480300582,0.23002306140000145,0.017180600289710333,0.0020762576999999284,0.00022231650915477123,0.797752808988764,0.5985347985347985,0.9149286573496467,0.6566694263470048
modis,minmax,kmeans,lda,kann,truncated,minmax|kmeans|lda|kann|truncated,4,0.7794405320813771,0.03485508937696599,0.6142531864078775,0.07097573590308183,0.910485544554159,0.02971826072598469,0.6398111073897866,0.0583750771250649,0.22704280869999421,0.023159925553357174,0.002050459800000226,0.00021511221981447364,0.8089887640449438,0.5960481635481636,0.9214849940545577,0.6774249352073727
modis,minmax,kmeans,lda,kridge,linear,minmax|kmeans|lda|kridge|linear,4,0.7696596244131455,0.01900020862312943,0.4443103948147641,0.03382389332147848,0.8581259310170056,0.03845451513985656,0.624252293557271,0.03314056869478177,0.00950205239999491,0.000277440082887247,0.0010471252000030518,0.00011020795408194964,0.7865168539325843,0.45353835978835977,0.8753290019607437,0.6432708440549305
modis,minmax,kmeans,lda,kridge,poly,minmax|kmeans|lda|kridge|poly,4,0.7836854460093898,0.02767469564829419,0.5711004793132158,0.057061073852243474,0.9040315593788207,0.021262481417429827,0.640944398930883,0.04687397717418427,0.010438701799986915,0.0015753579657781097,0.0014625085000034232,0.001014142472299841,0.8426966292134831,0.6349098461247994,0.8823292391439076,0.7300432631049065
modis,minmax,kmeans,lda,kridge,rbf,minmax|kmeans|lda|kridge|rbf,4,0.8005477308294211,0.04087906668492859,0.6464993228309327,0.07362556127542412,0.9180423194079962,0.029270680511483328,0.6726218632634205,0.06934052096977641,0.011472205200001894,0.002515275887603911,0.0014926886000012018,0.0003422294052906505,0.8314606741573034,0.6512681159420289,0.9224133908306014,0.7153470362624123
modis,minmax,kmeans,lda,kridge,hyperbolic,minmax|kmeans|lda|kridge|hyperbolic,4,0.6276017214397497,0.13211930459261373,0.4897662558886145,0.10076610995137127,0.70305323912476,0.12413035728580636,0.45327347613581265,0.14932013397714336,0.01094130350000171,0.0024967871378420094,0.0012539653999994016,0.0001766308026682203,0.8764044943820225,0.7612369651204604,0.8541245651774679,0.7942080198879318
modis,minmax,kmeans,lda,kridge,triangle,minmax|kmeans|lda|kridge|triangle,4,0.7654147104851331,0.047859358150620895,0.6072923613641927,0.06890011811501373,0.8591823969108084,0.03901905456334057,0.6191980809015222,0.07645711811667279,0.011188394800001333,0.0011908070660376665,0.0014570475999960309,0.00014896213926261044,0.7752808988764045,0.5952126100640952,0.8401135078393752,0.6315561373219271
modis,minmax,kmeans,lda,kridge,radial_basic,minmax|kmeans|lda|kridge|radial_basic,4,0.7850156494522691,0.04135523834215668,0.6260520713237038,0.059256242478982576,0.8722431923759233,0.04978816129374621,0.6480477551637236,0.07003621538815014,0.01232114309999872,0.0007056171899667439,0.0026574981999999635,0.00013251673009743824,0.797752808988764,0.5595755693581781,0.9020946323419701,0.6555179575741567
modis,minmax,kmeans,lda,kridge,rquadratic,minmax|kmeans|lda|kridge|rquadratic,4,0.801897496087637,0.033175983995460706,0.649299111310517,0.05421105065021496,0.9194144293393365,0.030152176550975063,0.6772464721103558,0.05300095050831356,0.009829678199994873,0.0006825154057484763,0.001224110200004702,6.539749902534913e-05,0.8426966292134831,0.6640886287625418,0.9160966966274421,0.7344258154734864
modis,minmax,kmeans,lda,kridge,canberra,minmax|kmeans|lda|kridge|canberra,4,0.7934859154929577,0.03597342256348469,0.6263539617224894,0.07672002012931649,0.9072239360645689,0.026019541277190757,0.6632208618675797,0.06448299436272067,0.014986016100004917,0.00033303576120806297,0.003115800100002275,9.194555753847654e-05,0.797752808988764,0.5921513269339357,0.894818552174272,0.6552932465253305
modis,minmax,kmeans,lda,kridge,truncated,minmax|kmeans|lda|kridge|truncated,4,0.8033059467918623,0.035365883076604515,0.6549147525758388,0.06363707013886724,0.9182552117820899,0.016701897831784506,0.6817697496852386,0.05932370027742154,0.013164906699998369,0.0003461830539681941,0.003003973999997811,0.0001241361715072854,0.8202247191011236,0.6534831015666256,0.9019122983611133,0.696373880278506
modis,minmax,dbscan,pca,ksvc,linear,minmax|dbscan|pca|ksvc|linear,3,0.9171557120500783,0.021351223352903605,0.6158355686226239,0.013938735679581604,0.8127248623126613,0.08056555113287472,0.8303480735419317,0.04377569082689276,0.007322665299997766,0.0003055401164296246,0.0010703265000046257,5.368751875988685e-05,0.9213483146067416,0.6334876543209876,0.8417446355082413,0.8509632819833011
modis,minmax,dbscan,pca,ksvc,poly,minmax|dbscan|pca|ksvc|poly,3,0.6461267605633803,0.021550180639372335,0.31794339015426415,0.03004363413390833,0.567825642354375,0.06587585623477174,0.206060336857837,0.0981139973969694,0.01035162340000113,0.000990581311766132,0.0015347169000023086,0.00028423498073850377,0.6404494382022472,0.33447001989201475,0.5665480455739027,0.265854069551413
modis,minmax,dbscan,pca,ksvc,rbf,minmax|dbscan|pca|ksvc|rbf,3,0.9410211267605634,0.01102782580179374,0.6325946027309935,0.007325917669919309,0.825581824069775,0.056544465842924795,0.8807997193661148,0.02318415874438855,0.007554526499998815,0.0005914829769502236,0.001201566100004925,0.00010567094369690553,0.9325842696629213,0.6396604938271605,0.8050802221072043,0.8734835710396537
modis,minmax,dbscan,pca,ksvc,hyperbolic,minmax|dbscan|pca|ksvc|hyperbolic,3,0.7529929577464789,0.05151872699972342,0.4948185844469041,0.03707749777971464,0.687449549171322,0.07368189249680393,0.48247733704433077,0.10626159665506642,0.007763263299997903,0.0007877089688047475,0.0013549404000031018,0.00014418358912212983,0.6966292134831461,0.4527712724434036,0.6265025064904467,0.3759231123007815
modis,minmax,dbscan,pca,ksvc,triangle,minmax|dbscan|pca|ksvc|triangle,3,0.9283646322378715,0.014033941961234211,0.6242107005939816,0.008661061706937728,0.8588610263053305,0.04674282358454857,0.8554423152016651,0.028330044157681845,0.008181726899994145,0.0011157872882359484,0.0015506149000088954,0.00019813686858690522,0.9325842696629213,0.7312250736340703,0.9410682348482157,0.8714097420586132
modis,minmax,dbscan,pca,ksvc,radial_basic,minmax|dbscan|pca|ksvc|radial_basic,3,0.9354655712050078,0.02280878401748752,0.6306976426566269,0.014635998570320148,0.8258630293329485,0.0511338039745202,0.8686272439649672,0.04701799798293426,0.010090493600006311,0.0007933969306850175,0.0025914295999967863,0.00024940955773723646,0.9213483146067416,0.7093442065919131,0.9323169949456355,0.8480801402235083
modis,minmax,dbscan,pca,ksvc,rquadratic,minmax|dbscan|pca|ksvc|rquadratic,3,0.939612676056338,0.014877857650820678,0.6316247380716696,0.009663457687436183,0.8396849820466267,0.045512686525745735,0.878009836731008,0.0300162710127495,0.008082741800006944,0.0008897563496369557,0.001535698000000707,0.00036429566144570766,0.9325842696629213,0.6396604938271605,0.857504601784889,0.8734835710396537
modis,minmax,dbscan,pca,ksvc,canberra,minmax|dbscan|pca|ksvc|canberra,3,0.932648669796557,0.02039689680417307,0.6278890990981105,0.01330008684373392,0.8880766251156377,0.03820606681944146,0.8630183150170714,0.04180576314779002,0.012035291900005518,0.0013835227112152398,0.0033095186999929638,0.0003942524622203599,0.9213483146067416,0.6310373282850347,0.8990425690253462,0.8501591640605431
modis,minmax,dbscan,pca,ksvc,truncated,minmax|dbscan|pca|ksvc|truncated,3,0.9368740219092331,0.0208202523010228,0.6290823768323481,0.014484326801943422,0.8461151566417829,0.05531057696513081,0.8713377924489093,0.043012440626126726,0.010118819600003803,0.0005418958175506423,0.0027649718999953167,0.00013946036587278598,0.9325842696629213,0.6396604938271605,0.9084700954262989,0.8734835710396537
modis,minmax,dbscan,pca,kann,linear,minmax|dbscan|pca|kann|linear,3,0.9396322378716745,0.01869588370791821,0.6313589265463161,0.012745847723628178,0.9482604683168383,0.05135176696599899,0.8780905066665999,0.0377732281828631,0.1389651678000007,0.01157439227240806,0.0010646156000007068,0.00017672837303455333,0.9325842696629213,0.6396604938271605,0.9726794610485433,0.8734835710396537
modis,minmax,dbscan,pca,kann,poly,minmax|dbscan|pca|kann|poly,3,0.9326095461658841,0.022701681247715304,0.6466499839695999,0.04911530692054646,0.9562394200844656,0.03562670861387475,0.8649382773807055,0.04351598127886248,0.10182892920000483,0.02608372203503533,0.001270197700000608,8.000470692277534e-05,0.9438202247191011,0.7922485326856913,0.989791936106006,0.8923034434139655
modis,minmax,dbscan,pca,kann,rbf,minmax|dbscan|pca|kann|rbf,3,0.9326291079812206,0.021594172873742982,0.6296372402020984,0.014572612717077733,0.957290410534428,0.028908150942845476,0.86418686212111,0.04306896991037131,0.13493211580000092,0.038353091554009636,0.001373774199998934,6.856266132437873e-05,0.9101123595505618,0.6301699503684765,0.9790824314205976,0.8259816308796223
modis,minmax,dbscan,pca,kann,hyperbolic,minmax|dbscan|pca|kann|hyperbolic,3,0.9199921752738653,0.028791849828162578,0.6216484546616585,0.017720942364608673,0.9420574133078345,0.040952440159845865,0.8396726975925455,0.056405288839713734,0.16233858279999538,0.028891440049175023,0.0013559490000062623,0.00010326826859977949,0.9213483146067416,0.7093442065919131,0.9724026119044632,0.8480801402235083
modis,minmax,dbscan,pca,kann,triangle,minmax|dbscan|pca|kann|triangle,3,0.9241784037558686,0.02003496640917456,0.6694847288791109,0.07455985715519463,0.9559753042804104,0.029465956538660486,0.8486460985352633,0.03827489324572075,0.15728638009999543,0.03488303521377605,0.0015177508999954625,0.00027201297198955994,0.9325842696629213,0.7716049382716049,0.9800150036952701,0.8702856651418902
modis,minmax,dbscan,pca,kann,radial_basic,minmax|dbscan|pca|kann|radial_basic,3,0.9214201877934272,0.025547802392878637,0.6542798529467796,0.05720904962330114,0.9615365307369856,0.026728485250318814,0.8416850669403676,0.051945595969533596,0.16009882860000174,0.051737652120982816,0.0017375465999975859,0.000327025171981304,0.9213483146067416,0.7093442065919131,0.9854264658391946,0.8480801402235083
modis,minmax,dbscan,pca,kann,rquadratic,minmax|dbscan|pca|kann|rquadratic,3,0.9298317683881064,0.024551450739985516,0.6396762611937851,0.03978392594878157,0.9621925418762292,0.02867294019219908,0.8597411004495935,0.04924578571731318,0.13122897399999828,0.028698776637661336,0.0013972860000052378,0.00017282003455843098,0.9325842696629213,0.7244322454504436,0.9788941075034603,0.8705480844402688
modis,minmax,dbscan,pca,kann,canberra,minmax|dbscan|pca|kann|canberra,3,0.9214006259780907,0.017485145774027707,0.6695690877597248,0.07147261347328755,0.9655397981881804,0.019569103242155873,0.8420835620187823,0.035888718440870625,0.22445956490001037,0.0330173171066453,0.0019912482999956183,0.00025732284702886446,0.9101123595505618,0.6265143648321218,0.9674585489739935,0.827592324305864
modis,minmax,dbscan,pca,kann,truncated,minmax|dbscan|pca|kann|truncated,3,0.9214397496087636,0.027892981147420705,0.6397562510302791,0.050428153239320136,0.9632091507650996,0.02265214145349976,0.8416296082336675,0.05613848790214218,0.20536866359999523,0.031512344077586546,0.0020118007000007763,0.00044414136496527155,0.9213483146067416,0.7156565656565657,0.9822113597409216,0.8482998232294932
modis,minmax,dbscan,pca,kridge,linear,minmax|dbscan|pca|kridge|linear,3,0.9199921752738656,0.02466892368618707,0.6181176058097076,0.016282500035629057,0.8983700631372521,0.0665539834796428,0.836916100819422,0.05111335554221979,0.00821100750000312,0.00021836806881664087,0.0010978291999975908,2.6157765859897555e-05,0.9213483146067416,0.6334876543209876,0.8413271463425388,0.8509632819833011
modis,minmax,dbscan,pca,kridge,poly,minmax|dbscan|pca|kridge|poly,3,0.9171361502347416,0.025229130406908617,0.6157287097060014,0.017965355886913423,0.9115882511707418,0.06102770997086153,0.830201824048982,0.05356527612451531,0.008330207700001323,0.0007348476678358335,0.0011432511999913686,6.874529285399326e-05,0.9213483146067416,0.6334876543209876,0.9016929031550999,0.8509632819833011
modis,minmax,dbscan,pca,kridge,rbf,minmax|dbscan|pca|kridge|rbf,3,0.9368153364632237,0.01184813865804263,0.6293084294745086,0.00750984143389593,0.9478738154890834,0.03857161435400414,0.8735558971909599,0.023854371447675958,0.008935728399995924,0.0011005095397883815,0.001341122700006281,0.00014442893209832097,0.9325842696629213,0.6396604938271605,0.9737412999901393,0.8734835710396537
modis,minmax,dbscan,pca,kridge,hyperbolic,minmax|dbscan|pca|kridge|hyperbolic,3,0.8080203442879498,0.186063297707468,0.5620705526077605,0.12668568432495816,0.740463319906697,0.14591051919062842,0.6404824304726991,0.32804994612805083,0.008585935000004952,0.00045416952420973544,0.0012129541000035714,0.0001376716870761277,0.7640449438202247,0.5242191500256016,0.6932826355701739,0.5527327564454642
modis,minmax,dbscan,pca,kridge,triangle,minmax|dbscan|pca|kridge|triangle,3,0.9353873239436619,0.01902275207401864,0.6279859156135227,0.013260871399133359,0.933292870375951,0.05316241488805522,0.8685788149798217,0.03863343931292105,0.008627334899995277,0.0005517162014322689,0.0013849278000009236,4.247414639973725e-05,0.9325842696629213,0.71875,0.8762121934063939,0.8728709064309522
modis,minmax,dbscan,pca,kridge,radial_basic,minmax|dbscan|pca|kridge|radial_basic,3,0.932648669796557,0.01817414419470438,0.6275759420585376,0.011488582959986827,0.9645451490426213,0.014965911651933764,0.8622867170481401,0.03743981601432712,0.010568926700000248,0.000554302601324792,0.0023846623999986606,9.486851183997272e-05,0.9213483146067416,0.6359869783959752,0.9291815094653568,0.8489494272473718
modis,minmax,dbscan,pca,kridge,rquadratic,minmax|dbscan|pca|kridge|rquadratic,3,0.9339984350547729,0.016242511902604048,0.627494189037814,0.010844002179659223,0.9595912435004109,0.03333189424766028,0.8656948706830457,0.03253878552976209,0.008533140199992318,0.0005131258784988022,0.0013999425000008614,0.0001631172178500058,0.9213483146067416,0.6359869783959752,0.985977816678361,0.8489494272473718
modis,minmax,dbscan,pca,kridge,canberra,minmax|dbscan|pca|kridge|canberra,3,0.9382824726134584,0.018567415900794724,0.6303591805870493,0.01222692218035089,0.9507201260522798,0.038468784831054106,0.8743807199820173,0.037295767429912606,0.012185034199995925,0.0009255995906518883,0.003078235000003815,0.00044116121936051855,0.9213483146067416,0.6310373282850347,0.9620405296701143,0.8501591640605431
modis,minmax,dbscan,pca,kridge,truncated,minmax|dbscan|pca|kridge|truncated,3,0.9424687010954615,0.01518963729270983,0.6333692750252504,0.009816952936197852,0.9490058216540355,0.03178423427430063,0.883197910513279,0.030018094053206743,0.012228592200017374,0.0017456674329754365,0.002807852899985619,0.0003885679935437072,0.9325842696629213,0.6396604938271605,0.9579791503718745,0.8734835710396537
modis,minmax,dbscan,lda,ksvc,linear,minmax|dbscan|lda|ksvc|linear,3,0.9452464788732394,0.016758957302441896,0.6378070095765397,0.008211505265775057,0.8865045170254978,0.07778206619246436,0.8892688965766533,0.03279347764797665,0.007386667399998714,0.0004414422029747876,0.0009081165999930363,4.962761712792307e-05,0.9213483146067416,0.6340388007054674,0.8207746310545098,0.8495727219933813
modis,minmax,dbscan,lda,ksvc,poly,minmax|dbscan|lda|ksvc|poly,3,0.8105829420970266,0.043876652261706645,0.5298899673095079,0.039498144409661214,0.8262087657595748,0.06508477026717213,0.6058593443844621,0.09337439824047282,0.007974079999996775,0.00027064563367178103,0.001206333100003576,8.729238872885675e-05,0.7191011235955056,0.46966428847961944,0.7898210473275684,0.42485642468004503
modis,minmax,dbscan,lda,ksvc,rbf,minmax|dbscan|lda|ksvc|rbf,3,0.9494718309859154,0.013417260130079914,0.6398906352329099,0.008118964878998925,0.8207805219378358,0.08250737370783259,0.8973132009276208,0.02756169974149648,0.00693949560000533,0.0003538603695626762,0.0009428397999897697,2.757090134965497e-05,0.9213483146067416,0.6310373282850347,0.74421755529384,0.8501591640605431
modis,minmax,dbscan,lda,ksvc,hyperbolic,minmax|dbscan|lda|ksvc|hyperbolic,3,0.9270148669796556,0.02348331452942361,0.6279863410573905,0.011799872978947825,0.7809034208124197,0.08601488880798795,0.8530899251131624,0.04622880315491094,0.0071300939000138895,0.00018096424929711494,0.0011611216999824591,3.977372902461101e-05,0.9101123595505618,0.6260708722741434,0.6962834531103129,0.828459150007011
modis,minmax,dbscan,lda,ksvc,triangle,minmax|dbscan|lda|ksvc|triangle,3,0.9438575899843504,0.018620181319312066,0.636446767827442,0.010351308077970373,0.8558335440882626,0.09838979709357402,0.8859456984353538,0.03762155279024117,0.007501902799998561,0.00021229148935908592,0.0013540565000084825,7.959941502102988e-05,0.9213483146067416,0.6310373282850347,0.7170331041680847,0.8501591640605431
modis,minmax,dbscan,lda,ksvc,radial_basic,minmax|dbscan|lda|ksvc|radial_basic,3,0.9256259780907667,0.027867452070591735,0.637550459730865,0.024651342279768302,0.8773851273369304,0.07796658761189265,0.8519324282051268,0.051974141098523136,0.009825109299998757,0.0002761615731129686,0.002376398900003096,5.917634780958305e-05,0.9101123595505618,0.6252342902239322,0.7959230233658937,0.8264891124361303
modis,minmax,dbscan,lda,ksvc,rquadratic,minmax|dbscan|lda|ksvc|rquadratic,3,0.9508802816901408,0.01642686545968048,0.6627603898980609,0.07742799566118845,0.8366513673477778,0.08667936080668483,0.8999351501351054,0.033657749083119685,0.007634559799998897,0.00041580464193187406,0.0012955551999937142,0.00020666079384107318,0.9213483146067416,0.6330400782013684,0.7120845033119009,0.8498412586811801
modis,minmax,dbscan,lda,ksvc,canberra,minmax|dbscan|lda|ksvc|canberra,3,0.9369131455399062,0.03158252242098725,0.6572787058896936,0.08010681320928015,0.8505301875408044,0.0929422223175982,0.8737698001889911,0.06187657839122362,0.012434438799999725,0.0011663175345770157,0.0033123483000053965,0.00040251394757562524,0.9213483146067416,0.7115690959776981,0.8405872075874118,0.8487078940986719
modis,minmax,dbscan,lda,ksvc,truncated,minmax|dbscan|lda|ksvc|truncated,3,0.9452660406885759,0.022320060825434595,0.6600419325670266,0.07960793783788937,0.910943782640109,0.07296996361879839,0.8893466881686036,0.0441198218119376,0.011372845199997528,0.0016703871735502984,0.003020614399997612,0.0008318785760456694,0.9325842696629213,0.7813195709370574,0.9173371594611398,0.8703230928842552
modis,minmax,dbscan,lda,kann,linear,minmax|dbscan|lda|kann|linear,3,0.9424491392801251,0.019161439132205055,0.6597357584980611,0.07842955832771903,0.951730117131617,0.038937927318630224,0.8835815236514595,0.038212572931455725,0.107475142699991,0.03301386051070329,0.0009757266000065101,6.321258887480271e-05,0.9101123595505618,0.6272230501738698,0.9669957233617695,0.8261964738728379
modis,minmax,dbscan,lda,kann,poly,minmax|dbscan|lda|kann|poly,3,0.9423904538341157,0.020467897972676178,0.6967700234714633,0.1072117001423376,0.9563557837636031,0.02908745666488686,0.884105110247608,0.040313577310983374,0.19188527059999388,0.05837256481307496,0.0013516468000091208,0.00023340520402957818,0.898876404494382,0.6212121212121212,0.9693395405878212,0.8034269053885273
modis,minmax,dbscan,lda,kann,rbf,minmax|dbscan|lda|kann|rbf,3,0.9438184663536775,0.017569564473674193,0.6922407787163978,0.09587743431015243,0.9529276098952538,0.03747079932024466,0.8869169991155518,0.034761418871302255,0.14464605490001076,0.036274539903705896,0.0013558888999966711,0.00016374199370344954,0.9101123595505618,0.6982330954808019,0.973759494503616,0.8259584718530827
modis,minmax,dbscan,lda,kann,hyperbolic,minmax|dbscan|lda|kann|hyperbolic,3,0.9381846635367761,0.025060849555481084,0.6910158897337781,0.10415926727806309,0.9523486570196209,0.04478469158893813,0.8767133080282082,0.04722097794973567,0.2016188464000038,0.05114019505844713,0.0014883011999927477,0.0003750969121727742,0.898876404494382,0.6212121212121212,0.9498582326320526,0.8034269053885273
modis,minmax,dbscan,lda,kann,triangle,minmax|dbscan|lda|kann|triangle,3,0.9381846635367761,0.02018988260862141,0.6515143458207904,0.057505994938148904,0.9645371667647537,0.02348090547681284,0.8756882264024085,0.039880078784761186,0.19059790070001553,0.04115270581837203,0.0014027804999955152,0.0001708989856522521,0.9325842696629213,0.7813195709370574,0.9676242046678701,0.8703230928842552
modis,minmax,dbscan,lda,kann,radial_basic,minmax|dbscan|lda|kann|radial_basic,3,0.9214397496087636,0.03000898373351781,0.6476984964839838,0.042514671502800305,0.9465587331597611,0.04306877756574177,0.8444166866129516,0.05216293916731477,0.18735184219997905,0.02338829128630753,0.0016777064000052632,8.650087135157014e-05,0.898876404494382,0.6876543209876543,0.9750051836525649,0.8047934800818889
modis,minmax,dbscan,lda,kann,rquadratic,minmax|dbscan|lda|kann|rquadratic,3,0.9424295774647886,0.013921163589711754,0.6523691731384977,0.05261550077462156,0.962714458153538,0.027271430764670285,0.8831921083649978,0.028705440415166036,0.13380862259999163,0.04586940396254537,0.0014189473000101316,0.00015616256637916424,0.9101123595505618,0.6982330954808019,0.9753772578856091,0.8259584718530827
modis,minmax,dbscan,lda,kann,canberra,minmax|dbscan|lda|kann|canberra,3,0.9368544600938966,0.025695784563047205,0.6735300260331185,0.09297024173925272,0.9524556135547038,0.03418253819980915,0.8728694089009823,0.05173520568753805,0.19195356799999672,0.03465346409847245,0.001927100000000337,0.00013312635321669446,0.9101123595505618,0.6963165351143493,0.9719261439746836,0.826362391824835
modis,minmax,dbscan,lda,kann,truncated,minmax|dbscan|lda|kann|truncated,3,0.9256259780907667,0.02864747543929894,0.642438669843291,0.04813359128045498,0.9581843562010398,0.02354236856964242,0.8514013949325288,0.05610129137224682,0.20419850670001552,0.036164241453923746,0.002031717799980015,0.00032504328125646805,0.898876404494382,0.6827160493827161,0.9649536282499861,0.8047934800818889
modis,minmax,dbscan,lda,kridge,linear,minmax|dbscan|lda|kridge|linear,3,0.9523082942097026,0.01754340903896319,0.6415556628085436,0.01103185846099093,0.9289166655318493,0.06433981968794439,0.9026990065947087,0.03612234054754523,0.0087713408999889,0.00033063676432785604,0.0010705419000089477,3.994075812268069e-05,0.9213483146067416,0.6310373282850347,0.8714224128151021,0.8501591640605431
modis,minmax,dbscan,lda,kridge,poly,minmax|dbscan|lda|kridge|poly,3,0.9508802816901408,0.013478723253833282,0.6405972498041141,0.00850836113145634,0.9608393362588679,0.025314036960823787,0.8999910748368978,0.02787016423701024,0.010220378399986884,0.001646827009404935,0.0012734068000042954,0.00016512273054690405,0.9213483146067416,0.6310373282850347,0.9553831143784176,0.8501591640605431
modis,minmax,dbscan,lda,kridge,rbf,minmax|dbscan|lda|kridge|rbf,3,0.949491392801252,0.018790388277747466,0.6405089262936168,0.010559843825820437,0.9476172613945616,0.049822091268210925,0.8973849171552795,0.03828081989940177,0.012781897399997888,0.0010429483106652049,0.0019843426000022645,0.000577011515640738,0.9213483146067416,0.6340388007054674,0.9611031768762146,0.8495727219933813
modis,minmax,dbscan,lda,kridge,hyperbolic,minmax|dbscan|lda|kridge|hyperbolic,3,0.9213615023474178,0.06509125262338665,0.6208239976543946,0.047509499179322436,0.9333839690187855,0.08706545982985589,0.838891436849423,0.1358052553601212,0.010663465000004636,0.001728707876974349,0.0013633096999910777,0.00021182544160026817,0.9213483146067416,0.7906700459369554,0.8621264933949634,0.8502068820762035
modis,minmax,dbscan,lda,kridge,triangle,minmax|dbscan|lda|kridge|triangle,3,0.9396322378716745,0.01751197095146383,0.6345633175425969,0.009768864467934258,0.9332294683683292,0.05176690398003145,0.8777647215327153,0.03529157434163338,0.00964766910001913,0.0006437603382202713,0.0014212506999911056,7.849924695284143e-05,0.9101123595505618,0.6252342902239322,0.9246114615160353,0.8264891124361303
modis,minmax,dbscan,lda,kridge,radial_basic,minmax|dbscan|lda|kridge|radial_basic,3,0.934037558685446,0.0197085869303137,0.6485556998526993,0.05408237130141412,0.8892837800174336,0.08360018204238436,0.8670745265435654,0.0396068252578085,0.01194915059998607,0.0011155481997880325,0.002554509899999857,0.00012745878471308149,0.9101123595505618,0.6252342902239322,0.8527877990303966,0.8264891124361303
modis,minmax,dbscan,lda,kridge,rquadratic,minmax|dbscan|lda|kridge|rquadratic,3,0.9480633802816902,0.016190348671545184,0.6394787113281093,0.009110402593651017,0.9570831991598758,0.05388630986300135,0.894520515496325,0.0327725786684603,0.010338201200005415,0.0014193683686351463,0.0014302669999949557,0.00026521421264041396,0.9101123595505618,0.6252342902239322,0.951766401854442,0.8264891124361303
modis,minmax,dbscan,lda,kridge,canberra,minmax|dbscan|lda|kridge|canberra,3,0.9396713615023474,0.028766911530825452,0.6363575041877855,0.014032089710860216,0.8843001178688741,0.10444945721810216,0.8788032406620664,0.056000386177771824,0.012921746299997493,0.0009289216222139486,0.0030840504000025247,0.0003169853456768259,0.9213483146067416,0.6310373282850347,0.969439339278016,0.8501591640605431
modis,minmax,dbscan,lda,kridge,truncated,minmax|dbscan|lda|kridge|truncated,3,0.9494718309859154,0.020010939260583848,0.6407275251912472,0.010980638697393559,0.9039624442235665,0.08045941397125672,0.8974360299247145,0.0401045680855562,0.0138296940000032,0.002164717521524161,0.002956717199998593,0.0004066033973849259,0.9213483146067416,0.6310373282850347,0.9670682802274729,0.8501591640605431
modis,minmax,hierarchical,pca,ksvc,linear,minmax|hierarchical|pca|ksvc|linear,4,0.7668622848200315,0.027397996709997666,0.4344033196626638,0.02912395003195748,0.7949145442307884,0.03478768757980065,0.6204607260554154,0.046376413918494126,0.00929471710001053,0.0007619697328329013,0.0013631525999926453,0.0002772289825029676,0.8314606741573034,0.44519774011299434,0.8144354434325364,0.714795212500804
modis,minmax,hierarchical,pca,ksvc,poly,minmax|hierarchical|pca|ksvc|poly,4,0.5519366197183098,0.027332032409423935,0.2787558251421053,0.05124148425950718,0.6485964725796862,0.03667812007366673,0.18292765715689985,0.08054792555572042,0.012192942000001494,0.0015197308773257272,0.0014294293000091328,7.629651571183522e-05,0.6179775280898876,0.28231534090909094,0.7116398923266656,0.2739686617953446
modis,minmax,hierarchical,pca,ksvc,rbf,minmax|hierarchical|pca|ksvc|rbf,4,0.8105046948356808,0.032428333499216526,0.6279048831497669,0.05406699286381128,0.8573670181891687,0.02427218612018829,0.6967153636436216,0.05683584071818333,0.008338818400011406,0.00027378021888089973,0.0014199470999983533,6.518475913528411e-05,0.8876404494382022,0.7003571428571429,0.9124382945058818,0.8159464428694482
modis,minmax,hierarchical,pca,ksvc,hyperbolic,minmax|hierarchical|pca|ksvc|hyperbolic,4,0.5939945226917057,0.05324785782696198,0.3721181985256753,0.06278615685947454,0.6513763725791824,0.05509060772151714,0.3156133004724235,0.08546462270015218,0.007968198899993695,0.0003326655142292301,0.0014335947999995825,0.00023414669886500628,0.5955056179775281,0.29196428571428573,0.6674493142516398,0.24183309745911888
modis,minmax,hierarchical,pca,ksvc,triangle,minmax|hierarchical|pca|ksvc|triangle,4,0.8076877934272302,0.040096626562024985,0.6340128297567967,0.08007988420017904,0.8535475599742106,0.03137582185101781,0.6907492266865398,0.0674720427895413,0.011357282700004134,0.0017352035360489843,0.002065584799993303,0.0003269793842937196,0.8876404494382022,0.6874767467233485,0.9032423632568982,0.8095590700678932
modis,minmax,hierarchical,pca,ksvc,radial_basic,minmax|hierarchical|pca|ksvc|radial_basic,4,0.8105046948356808,0.03922934444146171,0.67104761175631,0.07330182119325053,0.8743513383204166,0.04188087741147205,0.6993375664991147,0.06402971335177543,0.013192132300008551,0.0018234324372150335,0.0030333605000009813,0.00044001215754951617,0.8426966292134831,0.6527308802308802,0.9078495063560471,0.7365856472959795
modis,minmax,hierarchical,pca,ksvc,rquadratic,minmax|hierarchical|pca|ksvc|rquadratic,4,0.8118740219092333,0.03202885787051197,0.6280329935465954,0.058533326346683484,0.873924668250584,0.029839153005902567,0.6997122864546044,0.05365987939157519,0.011705040500015685,0.0005262270384229679,0.001988038399991865,0.00012011530208116946,0.8764044943820225,0.6740455638970491,0.9093389423076923,0.7894736446672341
modis,minmax,hierarchical,pca,ksvc,canberra,minmax|hierarchical|pca|ksvc|canberra,4,0.7823748043818467,0.03652508091988602,0.5851070342995135,0.06285143809634137,0.8513397617530829,0.020862471525606822,0.6534586760084216,0.05526688751179289,0.018040089300001227,0.0027859070753472716,0.004307299200007719,0.0006100793255127022,0.8876404494382022,0.7435810113519091,0.9358843833008077,0.8105561411226617
modis,minmax,hierarchical,pca,ksvc,truncated,minmax|hierarchical|pca|ksvc|truncated,4,0.7977895148669796,0.03848107912333093,0.6072862066410345,0.07966455735333937,0.8497120811675541,0.026554489122667016,0.6766832802053941,0.06182595759155157,0.012084163100001887,0.0003436836268434644,0.003092213300004687,8.348912554866634e-05,0.8876404494382022,0.7435810113519091,0.9262142472353229,0.8105561411226617
modis,minmax,hierarchical,pca,kann,linear,minmax|hierarchical|pca|kann|linear,4,0.8076291079812206,0.036088023755777,0.6321672302377228,0.055750139266841206,0.8980878135961937,0.02837001524970493,0.6920570465451477,0.060287311910503634,0.15442140190000372,0.009019577744912567,0.0010021909000045071,4.2965263862696266e-05,0.9213483146067416,0.8109739178690345,0.9594792174879385,0.8693335820865656
modis,minmax,hierarchical,pca,kann,poly,minmax|hierarchical|pca|kann|poly,4,0.7991784037558686,0.027208227906858253,0.642965382156255,0.05975927185958813,0.9023204052982958,0.02783508652271228,0.6806809391618461,0.04504400626180557,0.2165664659000072,0.0334484953493207,0.0014301463999970565,0.0002509697416326721,0.8539325842696629,0.6497652218782249,0.9388788234536781,0.753272263494353
modis,minmax,hierarchical,pca,kann,rbf,minmax|hierarchical|pca|kann|rbf,4,0.807648669796557,0.050697782323272066,0.6520580891555883,0.0922744199490951,0.9076803476520204,0.03074922901477428,0.694346400522133,0.08103114834469803,0.2079537526000081,0.032361980322058115,0.0014554190000012567,0.0001348347256931808,0.8539325842696629,0.6497652218782249,0.9245643177074863,0.753272263494353
modis,minmax,hierarchical,pca,kann,hyperbolic,minmax|hierarchical|pca|kann|hyperbolic,4,0.7992175273865414,0.06781850634959947,0.6479271548215707,0.10511345115477402,0.8931032663743235,0.03720545129426938,0.6809776347606868,0.10674213069183337,0.23101042899999696,0.02479175493233478,0.0013896176999935506,0.00021833205240284073,0.8764044943820225,0.6394419441944195,0.9306552979481759,0.7882625907807109
modis,minmax,hierarchical,pca,kann,triangle,minmax|hierarchical|pca|kann|triangle,4,0.7963810641627542,0.043966139190746586,0.641470838952902,0.06978349364320405,0.892688874270322,0.0333729780617437,0.6767132460685507,0.06839381923443273,0.22122838749999688,0.01147076772017952,0.0015318948000071942,0.0001876919177181601,0.8651685393258427,0.7008005754135785,0.9426827532932184,0.7751594678554009
modis,minmax,hierarchical,pca,kann,radial_basic,minmax|hierarchical|pca|kann|radial_basic,4,0.7879499217527387,0.04403103481645829,0.636214302020943,0.08318124401006394,0.9068741148625786,0.031803182119154276,0.6652582973452811,0.07030986087121693,0.25951232550000897,0.044630988165934256,0.002010328100004699,0.00029705263347633895,0.8314606741573034,0.5823207320732073,0.9051205565268066,0.7141636820972759
modis,minmax,hierarchical,pca,kann,rquadratic,minmax|hierarchical|pca|kann|rquadratic,4,0.7978090766823163,0.049475814780305695,0.6405753154962411,0.0853478037430548,0.9001849489915896,0.03215177755121087,0.6786638911093699,0.07969385825787838,0.23336300749999736,0.03372921803524598,0.0015339146000087566,0.0002995764722132432,0.8651685393258427,0.6725,0.9230528337941128,0.7725549146133419
modis,minmax,hierarchical,pca,kann,canberra,minmax|hierarchical|pca|kann|canberra,4,0.7893192488262911,0.03508546083296607,0.6321111997267183,0.0647826925492645,0.8972262237328362,0.015201504719126636,0.6651171885287892,0.05427300350210655,0.23236288509999667,0.018238582525793183,0.002044206599998688,0.00019738241828480115,0.8651685393258427,0.613572701807996,0.9294480555781428,0.7681268993405724
modis,minmax,hierarchical,pca,kann,truncated,minmax|hierarchical|pca|kann|truncated,4,0.7991784037558685,0.04438182701530102,0.6374419022650917,0.08701626420349018,0.9077290654386581,0.025585719926114872,0.6815790642332248,0.0700063636410332,0.22549781180000536,0.014421966091334585,0.002105518299998721,0.00037578195076354477,0.8539325842696629,0.7004741290455576,0.9319974623244972,0.7571042576696226
modis,minmax,hierarchical,pca,kridge,linear,minmax|hierarchical|pca|kridge|linear,4,0.7640258215962442,0.021993306055281724,0.4217300478981548,0.011613649195169124,0.8108290556784423,0.03517007028801143,0.6168679203986401,0.03679224435968175,0.009560683100011147,0.0005157106144178722,0.0011912174999963554,0.00013812649851293574,0.8314606741573034,0.44519774011299434,0.8233395504689109,0.714795212500804
modis,minmax,hierarchical,pca,kridge,poly,minmax|hierarchical|pca|kridge|poly,4,0.7598591549295775,0.026576597812730748,0.4704927297306889,0.054422507717702226,0.8453775377696578,0.04575311748016935,0.6064205553595043,0.04840299299858429,0.010034646999991991,0.0009503826061606323,0.0012581577000048583,0.00013220860711886942,0.8314606741573034,0.44519774011299434,0.9001739103919337,0.714795212500804
modis,minmax,hierarchical,pca,kridge,rbf,minmax|hierarchical|pca|kridge|rbf,4,0.8062402190923317,0.03190985213264028,0.6060815371165112,0.05854607559038015,0.8916703501497529,0.02789171290257869,0.6915761292469962,0.05344183943942287,0.009607644300007222,0.000519540611417089,0.0013213990000053855,9.592831466128446e-05,0.8651685393258427,0.6817099567099567,0.9520098881254404,0.7773221933444994
modis,minmax,hierarchical,pca,kridge,hyperbolic,minmax|hierarchical|pca|kridge|hyperbolic,4,0.6449726134585289,0.1125639446433256,0.445081601930249,0.11124378767115711,0.7439193503366208,0.06872359126329476,0.4275218631802038,0.1788999868169824,0.009855702500004782,0.0005856412487273048,0.0012886504000050535,0.00011749743189332119,0.5842696629213483,0.3963106443509579,0.7153775935789017,0.36864085379415734
modis,minmax,hierarchical,pca,kridge,triangle,minmax|hierarchical|pca|kridge|triangle,4,0.737245696400626,0.0962565357096769,0.5526464053445033,0.0921887744873715,0.8470574300851629,0.048794934350698205,0.6038062131062564,0.10184294761722233,0.009631450199987058,0.0004956117572853735,0.0014961329000129809,0.00012982613617376133,0.7528089887640449,0.5369619187881338,0.8376460433945899,0.5939584671631422
modis,minmax,hierarchical,pca,kridge,radial_basic,minmax|hierarchical|pca|kridge|radial_basic,4,0.823102503912363,0.03894456172720703,0.6685252587330017,0.08565750783456286,0.8785162741888067,0.044787263515244834,0.7180804660495355,0.06376968233452901,0.01185730709999575,0.00039457992277734454,0.002677542899994023,8.027031594860626e-05,0.8764044943820225,0.6904771544245227,0.8109971641730362,0.7904854734460154
modis,minmax,hierarchical,pca,kridge,rquadratic,minmax|hierarchical|pca|kridge|rquadratic,4,0.8273082942097026,0.02518773954457035,0.6495353005220517,0.06996624679006812,0.8900326820258051,0.03912596452433057,0.7234957026039304,0.043708995147705806,0.012082821200010585,0.001755881600437601,0.0015962360999935755,0.00018894909806045095,0.8876404494382022,0.7300427350427351,0.9301030824795359,0.8108682267134187
modis,minmax,hierarchical,pca,kridge,canberra,minmax|hierarchical|pca|kridge|canberra,4,0.789358372456964,0.02776289579085742,0.5772550400582489,0.049796526280376834,0.864797423402619,0.03143311327118926,0.6611811518076857,0.04667947175747963,0.01840805470000646,0.002381303261194659,0.003915268999986665,0.0005053604709526607,0.8876404494382022,0.7619057258530942,0.931928980660812,0.8096709676201892
modis,minmax,hierarchical,pca,kridge,truncated,minmax|hierarchical|pca|kridge|truncated,4,0.7879303599374021,0.02025641484540435,0.5640016599534708,0.04082544778889333,0.8776559219984861,0.014015319904130807,0.655884366002892,0.03278146500200575,0.01572653020000416,0.001405108103003409,0.0035578605999944555,0.0002572386731852656,0.8764044943820225,0.725042735042735,0.9204117454735187,0.7916952000987816
modis,minmax,hierarchical,lda,ksvc,linear,minmax|hierarchical|lda|ksvc|linear,4,0.8146713615023474,0.03112388030495989,0.6257677205035339,0.06087264610627401,0.8630694392373934,0.027893026324027504,0.7006640368398821,0.051227967445711765,0.011101949899989449,0.0019099773780990197,0.0012536777000036637,0.00021808756134134052,0.8651685393258427,0.6731283422459893,0.905453622201442,0.7693502221227
modis,minmax,hierarchical,lda,ksvc,poly,minmax|hierarchical|lda|ksvc|poly,4,0.7248435054773084,0.03566910465431207,0.45189236232257207,0.03637577624278629,0.7663381252865923,0.041367218440044214,0.5388549127776684,0.06801936149912335,0.011967336899994052,0.002317731565820584,0.0017905478999921342,0.0005364430453722198,0.7415730337078652,0.4315774804905239,0.7784833492573318,0.5322411130650799
modis,minmax,hierarchical,lda,ksvc,rbf,minmax|hierarchical|lda|ksvc|rbf,4,0.8231611893583723,0.03365958843664221,0.6215733794352644,0.06885279033851975,0.8848300825597576,0.02546872758883205,0.7142597990036339,0.05515477264624015,0.010021650000004457,0.0012813370125661452,0.0015267310999945495,0.0002796999929666194,0.898876404494382,0.7745238095238095,0.9648330690627203,0.8288046961972743
modis,minmax,hierarchical,lda,ksvc,hyperbolic,minmax|hierarchical|lda|ksvc|hyperbolic,4,0.7570031298904538,0.03650896060867302,0.5808537339203823,0.07562367769215916,0.8549180405639204,0.04081454614866858,0.6140421759917446,0.061799695417711804,0.00959788860000117,0.0015338988443744303,0.0016121945999941546,0.0005231808352227647,0.8202247191011236,0.6059996220710506,0.8929709437848974,0.7036772709966177
modis,minmax,hierarchical,lda,ksvc,triangle,minmax|hierarchical|lda|ksvc|triangle,4,0.8005868544600938,0.03336514054758764,0.606295170548562,0.07374643774777244,0.8800550144511685,0.028727243515543784,0.678930907598215,0.05475631040312537,0.008959410899996101,0.0003883204667981654,0.0015784925000048133,0.00010971117542424763,0.8764044943820225,0.7271428571428572,0.9560210078196998,0.7920437923831748
modis,minmax,hierarchical,lda,ksvc,radial_basic,minmax|hierarchical|lda|ksvc|radial_basic,4,0.7921948356807513,0.03312468038766219,0.6126192782135913,0.05823057390270656,0.8848130067565327,0.028177575912056843,0.6682843782380525,0.05476667211937884,0.012662267900003599,0.00035557046678871764,0.0027853846000027715,0.00013718030305222344,0.8314606741573034,0.5549038461538461,0.8847056008429555,0.718449929885561
modis,minmax,hierarchical,lda,ksvc,rquadratic,minmax|hierarchical|lda|ksvc|rquadratic,4,0.8161189358372456,0.03933043931725256,0.6071249732179171,0.08670894512682858,0.8913686714637425,0.02629729845510135,0.7028926809934243,0.06424115784447683,0.00862350599999786,0.00039185962074232044,0.0013454777000049488,5.611977407526101e-05,0.8651685393258427,0.705,0.9490172690681411,0.7725549146133419
modis,minmax,hierarchical,lda,ksvc,canberra,minmax|hierarchical|lda|ksvc|canberra,4,0.7823356807511738,0.02184666440529904,0.6106151578669323,0.04518121142293045,0.882401603398056,0.026549749292776585,0.6541363262353621,0.035166643743080726,0.014513716299990164,0.0003741455017674567,0.0035050810000086586,8.583610573258718e-05,0.8539325842696629,0.7132387706855792,0.9392984462243184,0.76013376886991
modis,minmax,hierarchical,lda,ksvc,truncated,minmax|hierarchical|lda|ksvc|truncated,4,0.8075508607198747,0.029002226587453946,0.6335266306975296,0.05686902764553163,0.8946608442526983,0.018640066323641062,0.6912897776154925,0.04704769981954661,0.012615231899991386,0.000339282720107929,0.003073405200001389,8.431470049408181e-05,0.8764044943820225,0.7076900584795321,0.9435305029273052,0.7927833909999495
modis,minmax,hierarchical,lda,kann,linear,minmax|hierarchical|lda|kann|linear,4,0.7963810641627543,0.022695162571951536,0.6102851823623421,0.04550595193064552,0.9192159331913882,0.017842412577365494,0.6714623744121246,0.03830718980351319,0.15572926810001492,0.007328544106407505,0.0010408135999796287,0.0002261340512597896,0.8426966292134831,0.6530352503335439,0.9436523215156936,0.7342345044933294
modis,minmax,hierarchical,lda,kann,poly,minmax|hierarchical|lda|kann|poly,4,0.8301251956181532,0.03552661203380966,0.6632549819851317,0.06026508363836838,0.9175722104656501,0.01406785516891142,0.7266043074141197,0.05768786078003439,0.1909326556999929,0.0345417191295252,0.001390886799998725,0.00023491157585037487,0.8426966292134831,0.6358333333333334,0.9409672812652464,0.7351496055211065
modis,minmax,hierarchical,lda,kann,rbf,minmax|hierarchical|lda|kann|rbf,4,0.8076682316118937,0.028908100977410218,0.6181756858547551,0.05934442792686662,0.9251344022184232,0.01093426758557014,0.6909520248172581,0.046852686056252854,0.19062043400000447,0.04407355125407132,0.0013688216000105058,0.00010658029576507335,0.8539325842696629,0.662077922077922,0.9517373082344014,0.753367920287038
modis,minmax,hierarchical,lda,kann,hyperbolic,minmax|hierarchical|lda|kann|hyperbolic,4,0.8006651017214399,0.02933605674000487,0.6106070823693056,0.05969324389804317,0.9014441187881139,0.0181064329979173,0.6795750095055467,0.04867789475961013,0.1891345547000128,0.03440775776333731,0.0012914700999886008,7.335321326102212e-05,0.8764044943820225,0.6710719723011663,0.9315355647259718,0.7892139558149724
modis,minmax,hierarchical,lda,kann,triangle,minmax|hierarchical|lda|kann|triangle,4,0.8133411580594678,0.03533299252047162,0.6522131625794976,0.047819476898102065,0.922536166783884,0.012325118659636126,0.70150609679388,0.056342960165724085,0.20843741969999882,0.0349621334491805,0.001626296900002444,0.0002448424153510315,0.8764044943820225,0.7271428571428572,0.960709066853689,0.7920437923831748
modis,minmax,hierarchical,lda,kann,radial_basic,minmax|hierarchical|lda|kann|radial_basic,4,0.7838419405320814,0.03703118180553196,0.6044115617009315,0.05639327580189343,0.8792649457937234,0.014750614558286433,0.6545331840843267,0.05885492868976993,0.19564248479999263,0.025806229303654706,0.001741921799998636,0.0001621860169123327,0.8202247191011236,0.5841558900788038,0.9173932753293218,0.6949730525537589
modis,minmax,hierarchical,lda,kann,rquadratic,minmax|hierarchical|lda|kann|rquadratic,4,0.8020344287949921,0.035380998018815564,0.618938201317816,0.06387629931903906,0.9150005816113784,0.021861479924114965,0.6824233518548143,0.057639435766567756,0.1975342099000045,0.03504153165195845,0.0014777137000010043,0.00021912068306862752,0.8539325842696629,0.6475,0.9446285303843442,0.7535296275628196
modis,minmax,hierarchical,lda,kann,canberra,minmax|hierarchical|lda|kann|canberra,4,0.77947965571205,0.024989839465178073,0.6038901012020923,0.0681914880235547,0.893394932187698,0.032292020438516346,0.6495065513623797,0.042865180277341236,0.24726853739999796,0.031167484853194084,0.002461211499996807,0.0007383617902974504,0.797752808988764,0.5809458834412581,0.9439508117851142,0.6619000412160886
modis,minmax,hierarchical,lda,kann,truncated,minmax|hierarchical|lda|kann|truncated,4,0.7865414710485135,0.022499924071652626,0.6196170729263641,0.05274952885641522,0.9055885592109341,0.022694226016704167,0.6615289103040057,0.03532715046127649,0.23065888930000256,0.01636345259293586,0.002538664299993343,0.0011406668829897846,0.8539325842696629,0.7235093167701863,0.9488593673768092,0.7575172476826023
modis,minmax,hierarchical,lda,kridge,linear,minmax|hierarchical|lda|kridge|linear,4,0.7963615023474178,0.014918654303206902,0.48847066813366685,0.05712839238345618,0.8743304575364446,0.024520090712556966,0.6750362454388037,0.025741581330633957,0.009433445000013307,0.0004714617915287691,0.0010472790999870086,4.163556832684276e-05,0.8426966292134831,0.4885963093510264,0.9174107239659565,0.7290621748923044
modis,minmax,hierarchical,lda,kridge,poly,minmax|hierarchical|lda|kridge|poly,4,0.8006064162754303,0.023257646563000507,0.5373624899188434,0.07837460292607061,0.9182613143064774,0.014544602869925923,0.6767677958335374,0.039283281004174296,0.009347960099989904,0.0005183756375813917,0.0010660977000100046,3.516413763324994e-05,0.8539325842696629,0.5659563208564857,0.9271677389955006,0.7462302294682696
modis,minmax,hierarchical,lda,kridge,rbf,minmax|hierarchical|lda|kridge|rbf,4,0.8287363067292646,0.029617798625879148,0.6424445739494326,0.08330222384970243,0.9265627970399297,0.013622903097791222,0.7231624085863027,0.048990125553653674,0.00943872139999371,0.0004666347996695067,0.0012011867000126131,4.1904018310868735e-05,0.8651685393258427,0.6872459893048128,0.9527785598606819,0.7702011364818898
modis,minmax,hierarchical,lda,kridge,hyperbolic,minmax|hierarchical|lda|kridge|hyperbolic,4,0.7558098591549296,0.08372843163836426,0.5931255137933447,0.10796404402661747,0.8425697047408983,0.05877006058722465,0.6207093893071652,0.11543244256517814,0.009602052599996113,0.0005098652643177516,0.0011222655000096894,2.85527213605677e-05,0.8539325842696629,0.6842957324630257,0.9262268170298693,0.7658663621200895
modis,minmax,hierarchical,lda,kridge,triangle,minmax|hierarchical|lda|kridge|triangle,4,0.806161971830986,0.028848272749130884,0.6248598596866833,0.07191076452951789,0.8902054579454097,0.01844451300615982,0.6893665671828398,0.0466269183004445,0.009781576500000711,0.00048545653655269604,0.0013444294999942485,3.6077471996146215e-05,0.8539325842696629,0.6454761904761904,0.9335913529300157,0.7526222867352992
modis,minmax,hierarchical,lda,kridge,radial_basic,minmax|hierarchical|lda|kridge|radial_basic,4,0.7907276995305165,0.026900606038891436,0.6005359425362674,0.07769432642804623,0.8491775316404915,0.03671156411236728,0.6649866550264377,0.04751159043316072,0.012073091999991448,0.0005677941552258584,0.0025443262000123925,8.287557770681395e-05,0.8651685393258427,0.6759103641456583,0.861503183105654,0.7692314433226712
modis,minmax,hierarchical,lda,kridge,rquadratic,minmax|hierarchical|lda|kridge|rquadratic,4,0.8216940532081377,0.02030270795044203,0.639645224685444,0.05532364741915684,0.9231926709112311,0.012232911640086691,0.7124998431472923,0.03359131854668946,0.011997258899992858,0.0016165286651312492,0.0014921016000016608,0.0001926599976523289,0.8876404494382022,0.7676343264578559,0.9431597024583943,0.8109608178965064
modis,minmax,hierarchical,lda,kridge,canberra,minmax|hierarchical|lda|kridge|canberra,4,0.7991588419405321,0.021960416420148274,0.6138701873859642,0.05339291121542589,0.890837509295714,0.032017553609389265,0.6774645216871835,0.035865752196554385,0.016101484499995423,0.0026476147081218463,0.003482262399990077,0.0004899016697069667,0.8764044943820225,0.717265221878225,0.9384259212202526,0.7914615152465588
modis,minmax,hierarchical,lda,kridge,truncated,minmax|hierarchical|lda|kridge|truncated,4,0.8034233176838811,0.027550995724404215,0.6209176144923328,0.06281428829131282,0.9004278047283529,0.02789363065218606,0.6850084809262698,0.04579207648229313,0.013267876399999068,0.0003524901311843544,0.0029360347000022104,0.00015086039010039185,0.8876404494382022,0.7475247524752475,0.9323223627148046,0.8089157349364545
modis,normalizer,uniform,pca,ksvc,linear,normalizer|uniform|pca|ksvc|linear,4,0.570226917057903,0.006652295641552861,0.18156954362706573,0.0013485442164515732,0.6517918515007536,0.06096215333282313,0.0,0.0,0.008284807899985935,0.0004655103836129782,0.0016112116000158495,7.862141435584936e-05,0.5842696629213483,0.18439716312056736,0.6850766306065172,0.0
modis,normalizer,uniform,pca,ksvc,poly,normalizer|uniform|pca|ksvc|poly,4,0.570226917057903,0.006652295641552861,0.18156954362706573,0.0013485442164515732,0.5382378742454108,0.06582259245922761,0.0,0.0,0.042151385199997546,0.01620964524769004,0.001993221599991557,0.0002667537223662183,0.5842696629213483,0.18439716312056736,0.5778295207185623,0.0
modis,normalizer,uniform,pca,ksvc,rbf,normalizer|uniform|pca|ksvc|rbf,4,0.636150234741784,0.04444279130254435,0.3558866563223411,0.04885896432273288,0.7051683348770914,0.0330011480627204,0.3317820370286448,0.08778741714901578,0.01096263989999784,0.0010311227023992683,0.002247098600003028,0.0003637932978067628,0.651685393258427,0.37191426459719146,0.7053183808809024,0.33007233951437215
modis,normalizer,uniform,pca,ksvc,hyperbolic,normalizer|uniform|pca|ksvc|hyperbolic,4,0.5701291079812207,0.0397347559951987,0.3237945437697959,0.057098551137968336,0.6859246501460508,0.06089135687002967,0.2349504441803195,0.06937505307479731,0.009094740900002308,0.0016972656942567867,0.0019294680000029984,0.00033365594053061035,0.6292134831460674,0.3597907276582596,0.6668180315552352,0.34284113552546025
modis,normalizer,uniform,pca,ksvc,triangle,normalizer|uniform|pca|ksvc|triangle,4,0.6529929577464789,0.05183257263084643,0.4024327011652926,0.06916370902174289,0.7539480717739593,0.042869084793727495,0.37877044839316304,0.09841858354547157,0.009901541400012093,0.0012867096563743924,0.002250826300002018,0.0003564073155284169,0.6179775280898876,0.35708128078817736,0.7298786278088922,0.31697662584587033
modis,normalizer,uniform,pca,ksvc,radial_basic,normalizer|uniform|pca|ksvc|radial_basic,4,0.7175860719874804,0.04773938472146893,0.5466044816510683,0.06933168747981229,0.8260509076992948,0.0507186629210446,0.5179077839261037,0.08540543119235289,0.014770081299997174,0.0010311981884920244,0.004286992500010456,0.00034430006475649245,0.8764044943820225,0.759985384985385,0.869470134069928,0.7940129175951858
modis,normalizer,uniform,pca,ksvc,rquadratic,normalizer|uniform|pca|ksvc|rquadratic,4,0.6375586854460094,0.05103737228613178,0.38221939345610545,0.05383244372300168,0.7194683987991658,0.04313662209305125,0.34031984066310594,0.09624349775567914,0.010179507599997351,0.001427458210605033,0.002063234099989586,0.00048504463281418936,0.6292134831460674,0.33772443403590946,0.7240432787280949,0.2890385828352261
modis,normalizer,uniform,pca,ksvc,canberra,normalizer|uniform|pca|ksvc|canberra,4,0.6867370892018779,0.04018303523672413,0.507586468596359,0.05697937691296971,0.7735868543044442,0.04953589027155919,0.46813141420002957,0.065977114848003,0.019331773200002546,0.002371892279186706,0.004791907900005299,0.0006106776936558367,0.7528089887640449,0.5585363064608347,0.7864168221219063,0.5758267830359078
modis,normalizer,uniform,pca,ksvc,truncated,normalizer|uniform|pca|ksvc|truncated,4,0.7065140845070423,0.038441060420149456,0.525034058940194,0.05832804027410704,0.8247548526713746,0.05263944532720106,0.5047471055603987,0.06612437701522644,0.013151918300007993,0.0004321216446513084,0.0033475134000013895,4.745248360334762e-05,0.8202247191011236,0.6815610859728507,0.8394441779017527,0.6989354906921798
modis,normalizer,uniform,pca,kann,linear,normalizer|uniform|pca|kann|linear,4,0.6094874804381847,0.03628012767639005,0.30512181898634816,0.052624899864021114,0.6884767552275992,0.027999662485036516,0.2749207875410141,0.07765653701190914,0.13988730429999235,0.009825283607806356,0.0014739003000102003,0.0003254431535696899,0.6292134831460674,0.2954142667257421,0.6847116380781788,0.2833857279480942
modis,normalizer,uniform,pca,kann,poly,normalizer|uniform|pca|kann|poly,4,0.6473591549295773,0.055981287995991405,0.384218900157838,0.06885685077359392,0.7493505855050259,0.04247513170705519,0.3616126961356495,0.11252343021805886,0.1649854110999911,0.045373406385683206,0.0018866697000021304,0.00037961074505918384,0.7078651685393258,0.5527527902715309,0.7958230023242047,0.4689130373672463
modis,normalizer,uniform,pca,kann,rbf,normalizer|uniform|pca|kann|rbf,4,0.6474569640062597,0.05810541912182113,0.4059308921257084,0.052465548355588115,0.7643203953639054,0.03686772516022333,0.37678005839571593,0.09764505399968534,0.22527848239999457,0.04547906243894504,0.001863499299997784,0.00031158372222629156,0.651685393258427,0.4645261326677256,0.7780747425843613,0.37396040531641317
modis,normalizer,uniform,pca,kann,hyperbolic,normalizer|uniform|pca|kann|hyperbolic,4,0.6712441314553991,0.058419978600239814,0.43521953859713625,0.0645076996574794,0.7700692792180124,0.045574437007775796,0.43076272004395777,0.09618493438062323,0.15459930619999795,0.03425858862141976,0.0018109959000071284,0.00015580501708773933,0.6629213483146067,0.4464215289715846,0.772274862600352,0.40786658344547955
modis,normalizer,uniform,pca,kann,triangle,normalizer|uniform|pca|kann|triangle,4,0.6811032863849765,0.03703253662768985,0.4576436596972708,0.04983767505580901,0.7821971307982176,0.031566164404656746,0.45040073009908915,0.06773359844696943,0.2346580210999889,0.05218899823904845,0.0021595484999977544,0.00042611511945675717,0.7191011235955056,0.5491698595146871,0.8400103510460777,0.5149704265253771
modis,normalizer,uniform,pca,kann,radial_basic,normalizer|uniform|pca|kann|radial_basic,4,0.651643192488263,0.03937730747293079,0.49602973563877084,0.06937307978590888,0.7758448409781271,0.05522122520192957,0.4218949550520854,0.06482952553810889,0.19337057410000966,0.04003453567186394,0.002822525199985648,0.000554674714973276,0.7865168539325843,0.6255513816557102,0.8504904740949055,0.6353509452438739
modis,normalizer,uniform,pca,kann,rquadratic,normalizer|uniform|pca|kann|rquadratic,4,0.6488262910798123,0.04956464599848124,0.40985977856424344,0.055375148118582025,0.7583869417791024,0.0307186024925021,0.3801862146840297,0.08110373256591284,0.21143425889998185,0.044097507529096774,0.0017847560000063822,0.00018139319305332584,0.6629213483146067,0.4464215289715846,0.7953536572138427,0.40786658344547955
modis,normalizer,uniform,pca,kann,canberra,normalizer|uniform|pca|kann|canberra,4,0.6713810641627543,0.03151988613777242,0.5109895665051392,0.055069478203601134,0.8033848106449473,0.05572797732307327,0.45059754320378353,0.05249050305801844,0.22240230279999196,0.02165106020534853,0.002508060000008072,0.00027646050782996,0.797752808988764,0.6503640776699029,0.8634099068228234,0.6664961346131343
modis,normalizer,uniform,pca,kann,truncated,normalizer|uniform|pca|kann|truncated,4,0.6557120500782473,0.05817965834493149,0.47915128868107526,0.07760168320693668,0.8109953279852737,0.03850635089407688,0.42555671237817716,0.096833479489429,0.21006951320000553,0.019247751012933956,0.0023117274000071576,0.0001802172234859766,0.7752808988764045,0.6291521422379608,0.842904576243635,0.6232124588464105
modis,normalizer,uniform,pca,kridge,linear,normalizer|uniform|pca|kridge|linear,4,0.570226917057903,0.006652295641552861,0.18156954362706573,0.0013485442164515732,0.7034140987932156,0.03870850443328026,0.0,0.0,0.009313103700003466,0.000790557581939473,0.0015028504000156317,0.00013236976662810097,0.5842696629213483,0.18439716312056736,0.7514436984979753,0.0
modis,normalizer,uniform,pca,kridge,poly,normalizer|uniform|pca|kridge|poly,4,0.6221439749608763,0.026635885727603857,0.3379726211602248,0.04315291019575476,0.7611470455589923,0.04352796921672443,0.28893096814200525,0.06050790566845083,0.008956059799999139,0.00029653888097431677,0.0014893972000038502,4.1739762693439446e-05,0.6966292134831461,0.49661755667269275,0.832251869416933,0.44290067033085595
modis,normalizer,uniform,pca,kridge,rbf,normalizer|uniform|pca|kridge|rbf,4,0.633313771517997,0.05063914272718008,0.359524836545545,0.06277001934972197,0.7612483616157754,0.03065728192282794,0.3313345913766833,0.10041377430255029,0.010955611800005727,0.0012101095685105644,0.0021128038999904675,0.0009285025110031473,0.651685393258427,0.380927199012868,0.7900850781089531,0.33424761782149226
modis,normalizer,uniform,pca,kridge,hyperbolic,normalizer|uniform|pca|kridge|hyperbolic,4,0.5897887323943661,0.04330202233177863,0.3535876079156498,0.051647232433733016,0.6541058537732397,0.058062696516287926,0.2703879394051737,0.06682181711270202,0.01106146169998965,0.0014892368667345538,0.0017825047000030736,0.0002973317412673972,0.651685393258427,0.43691391941391944,0.7718766157447022,0.35860652349801664
modis,normalizer,uniform,pca,kridge,triangle,normalizer|uniform|pca|kridge|triangle,4,0.6796557120500781,0.05235068941195903,0.4380662864084336,0.05733151011080692,0.7863098609814478,0.03808590066117102,0.43719103097359396,0.09624684297990069,0.00939584650000711,0.00039590962578269347,0.0018446263000043927,0.0003150925455348618,0.651685393258427,0.45508245017399557,0.8190157104190083,0.39692544355534165
modis,normalizer,uniform,pca,kridge,radial_basic,normalizer|uniform|pca|kridge|radial_basic,4,0.7133607198748043,0.04233174126913006,0.5361147493404163,0.05708041249860338,0.8032764180262394,0.047887552853984244,0.525106895970838,0.06611754918051523,0.0149779929000033,0.00125640989430815,0.004268602999997029,0.0003159603215321141,0.8764044943820225,0.7645442792501617,0.8677548600684979,0.7938184355848033
modis,normalizer,uniform,pca,kridge,rquadratic,normalizer|uniform|pca|kridge|rquadratic,4,0.6305359937402191,0.04758291118764769,0.36997705309016804,0.04491786118800374,0.7547113117445617,0.033664611293623754,0.32849794883134276,0.08625288833768259,0.009246392500006095,0.00027728014315612826,0.0016605176999917148,0.00010309283274944305,0.6629213483146067,0.4400124469850636,0.8048404624323553,0.37124773716353104
modis,normalizer,uniform,pca,kridge,canberra,normalizer|uniform|pca|kridge|canberra,4,0.6854264475743348,0.04946543673563162,0.46395565018620755,0.07695532941172362,0.7849247585787259,0.06862020680449944,0.4514644186068281,0.08934039726131972,0.013144023199998855,0.0003293053906459256,0.0036639298000011424,0.00014728846272735256,0.7303370786516854,0.529590070711566,0.8095017713920153,0.5345950527053447
modis,normalizer,uniform,pca,kridge,truncated,normalizer|uniform|pca|kridge|truncated,4,0.7205399061032864,0.03975325825243335,0.5244700061106118,0.05658437255179589,0.8337687799571241,0.04883740749842547,0.5303846684931248,0.06677083547918826,0.014378795800007537,0.001822211993608887,0.0038459216999967793,0.0005240603998395907,0.8089887640449438,0.6451807995925642,0.8640372581028714,0.6773471439313831
modis,normalizer,uniform,lda,ksvc,linear,normalizer|uniform|lda|ksvc|linear,4,0.7977503912363069,0.047009397988086246,0.6445136649781402,0.07561454199927245,0.8598643541499886,0.024384415336788055,0.6655680348009562,0.07798586176461143,0.013715595799988023,0.0008138581160147821,0.001976319700008844,4.974972395927631e-05,0.7865168539325843,0.5974332040508511,0.8494387732407314,0.6420057237566056
modis,normalizer,uniform,lda,ksvc,poly,normalizer|uniform|lda|ksvc|poly,4,0.6784037558685445,0.03372810964358733,0.45411339540053647,0.06978538105007466,0.7924328104044817,0.03989642988811453,0.4223506756291826,0.07052670212812617,0.012693451400008372,0.0017972386764717801,0.002188701900001888,0.0004051729468891996,0.6741573033707865,0.342008797653959,0.7654031637843043,0.3805307857472449
modis,normalizer,uniform,lda,ksvc,rbf,normalizer|uniform|lda|ksvc|rbf,4,0.7879499217527387,0.03323858868464118,0.6217540549124545,0.051582625681533316,0.894578608624912,0.03355775292611129,0.6512422176039794,0.05705813716972029,0.008868814199996678,0.0004889274090203563,0.0018346513000039976,0.000237752344605239,0.797752808988764,0.6272435897435897,0.8501586574413782,0.6589268271785799
modis,normalizer,uniform,lda,ksvc,hyperbolic,normalizer|uniform|lda|ksvc|hyperbolic,4,0.7598787167449139,0.038492480149022436,0.5949205157773152,0.05469131538475849,0.8563588258599598,0.04554700469252939,0.6070121891221272,0.06124873928897311,0.009141890000000786,0.0012303486728980522,0.0016588857999920493,0.00010695842444150792,0.7303370786516854,0.5036973508671623,0.7403731206118702,0.5476550398109019
modis,normalizer,uniform,lda,ksvc,triangle,normalizer|uniform|lda|ksvc|triangle,4,0.7836267605633803,0.03622528610843763,0.6071261855409731,0.06520881931812561,0.8814483654735383,0.04023867796278818,0.6414778614898601,0.060310464634172556,0.011067075000005389,0.0018095056570667644,0.002466374799996629,0.0007708088483965682,0.7752808988764045,0.5511322011322011,0.8662094859707363,0.6177783571570318
modis,normalizer,uniform,lda,ksvc,radial_basic,normalizer|uniform|lda|ksvc|radial_basic,4,0.7597026604068857,0.04019953844904075,0.5781300358189853,0.07355462068529067,0.9014382176763951,0.031094053277572496,0.6024311322506706,0.06821517184975168,0.016185145899987673,0.001700761526055396,0.003983540800004448,0.00043147562869951184,0.7752808988764045,0.575595238095238,0.9159629757577198,0.6186669303725867
modis,normalizer,uniform,lda,ksvc,rquadratic,normalizer|uniform|lda|ksvc|rquadratic,4,0.7878716744913927,0.041355978584427994,0.6162246074209992,0.07969806052389168,0.9075050495689622,0.03581652686104027,0.6504373904910883,0.07051579320470222,0.009903005100005658,0.0017695737517777247,0.001982661400001007,0.0003125175752031083,0.8202247191011236,0.6534831015666256,0.8721870799335587,0.696373880278506
modis,normalizer,uniform,lda,ksvc,canberra,normalizer|uniform|lda|ksvc|canberra,4,0.7625782472613459,0.038761808251430524,0.5880104579456605,0.06498525065304225,0.9104710896946164,0.027047138217073954,0.6099893806209895,0.06571899208547934,0.01467115070000773,0.0024918531044560628,0.004040421199999855,0.0005637649447175421,0.8089887640449438,0.5912231898080955,0.9161634148751978,0.6730427673286126
modis,normalizer,uniform,lda,ksvc,truncated,normalizer|uniform|lda|ksvc|truncated,4,0.7907276995305165,0.030725517505034564,0.6243045445929829,0.0648817545093933,0.9217668827179623,0.021263341004689122,0.6528865772803103,0.0518777552626086,0.012855801999990035,0.0006799803789140152,0.003609276200006661,0.00025995780179781,0.8202247191011236,0.6611324786324786,0.9209891929318242,0.6968476080508033
modis,normalizer,uniform,lda,kann,linear,normalizer|uniform|lda|kann|linear,4,0.7765258215962442,0.04636835260366274,0.6023311534074065,0.0708587285957468,0.9125339031985407,0.028224616781736857,0.6294181915791394,0.0781688436512115,0.16851755060001777,0.03611901786593563,0.0014102741999977297,0.00022336436400433417,0.8089887640449438,0.6389745670995671,0.9206280574581845,0.6805265253708873
modis,normalizer,uniform,lda,kann,poly,normalizer|uniform|lda|kann|poly,4,0.7752151799687013,0.04468669685467427,0.6101971749593006,0.08585028567336742,0.9097890945925755,0.02720117998400162,0.6286952825817864,0.07632192842029455,0.2154864751000048,0.0329929797652002,0.0017795788999933394,0.0003004692238091804,0.797752808988764,0.5766888812941444,0.941858557347221,0.6552935310691291
modis,normalizer,uniform,lda,kann,rbf,normalizer|uniform|lda|kann|rbf,4,0.7807902973395933,0.036465891633865204,0.6192212484647033,0.05514670213870881,0.9142270391763085,0.02734537185106268,0.6382331479515204,0.059654122190526626,0.2004680285000063,0.015141477295124208,0.0017216782999923907,0.00017751841477602257,0.7865168539325843,0.5270676691729324,0.9474475252558385,0.6362301702627755
modis,normalizer,uniform,lda,kann,hyperbolic,normalizer|uniform|lda|kann|hyperbolic,4,0.7808489827856026,0.021686487634217315,0.6085550366990867,0.03920364976818448,0.9123726404260178,0.025536127517953942,0.6377727751785742,0.033713158233042155,0.1877825823999956,0.044359257883259534,0.001684856200000695,0.00020314031581188753,0.7865168539325843,0.5739801864801864,0.938498504777275,0.6441487754694599
modis,normalizer,uniform,lda,kann,triangle,normalizer|uniform|lda|kann|triangle,4,0.7724374021909234,0.03518083099801115,0.6062577133175291,0.03876096792851688,0.9272594004860355,0.022631513240077873,0.6253069068162712,0.05553819884544637,0.22056478330000004,0.026077705135919827,0.001860151500000029,0.00030403629153232285,0.7528089887640449,0.4978205702343633,0.9250970128675384,0.5828956281821186
modis,normalizer,uniform,lda,kann,radial_basic,normalizer|uniform|lda|kann|radial_basic,4,0.7724765258215962,0.03365749780035397,0.6011486161779824,0.06467366557305501,0.9108094032929248,0.032906077213848306,0.6235227197638904,0.05661839194381472,0.19390617750000844,0.03291230184872015,0.0021253865999995014,0.00023886287404694466,0.7191011235955056,0.48076036866359445,0.9221786720927909,0.5283321900708421
modis,normalizer,uniform,lda,kann,rquadratic,normalizer|uniform|lda|kann|rquadratic,4,0.7611502347417841,0.03434471483406632,0.5889314078403387,0.06521378863015566,0.9173165527370927,0.02092683490872804,0.6052312258973991,0.05764656610404458,0.19660276870000076,0.020086317958619326,0.0017582379999907972,0.00022612265774394182,0.7640449438202247,0.5432751156889087,0.9433711453206473,0.6020740795345063
modis,normalizer,uniform,lda,kann,canberra,normalizer|uniform|lda|kann|canberra,4,0.7737676056338029,0.0383029080511477,0.611326108410543,0.0760861632040082,0.9100349978802337,0.03159636520340097,0.6285668478377129,0.06399942569677612,0.2608458789999986,0.04288772026344007,0.002557222699999784,0.00024898343728699767,0.8202247191011236,0.6480200667662627,0.9191483754778155,0.700760041981441
modis,normalizer,uniform,lda,kann,truncated,normalizer|uniform|lda|kann|truncated,4,0.7612089201877934,0.033336053967748455,0.5840489117022275,0.06330312566507375,0.9146862236834765,0.020656792345812296,0.6049445287251703,0.05476589376982047,0.22341438489999632,0.01814792829823651,0.002277852000003122,0.00011688997465113536,0.7865168539325843,0.6033475349969568,0.9272735417101614,0.641492078355447
modis,normalizer,uniform,lda,kridge,linear,normalizer|uniform|lda|kridge|linear,4,0.768329420970266,0.0320269993173662,0.5147180669173548,0.04971682727929728,0.8744476288674319,0.024534448455269385,0.6047576811530969,0.0575524085791488,0.010008771600001864,0.0005362993082885951,0.0014113637999969343,0.00016184302288388454,0.8089887640449438,0.5453145453145454,0.9035929678535313,0.6698435580929968
modis,normalizer,uniform,lda,kridge,poly,normalizer|uniform|lda|kridge|poly,4,0.7836463223787167,0.04336785782901782,0.5540480629774174,0.06395624358860245,0.9156346856346056,0.02675047548727072,0.6351190964458125,0.07679019803746363,0.009606378700004825,0.0004864506317870144,0.0013439970999911566,4.7901459370244766e-05,0.7865168539325843,0.5263239875389408,0.9005768724293286,0.6365698598860597
modis,normalizer,uniform,lda,kridge,rbf,normalizer|uniform|lda|kridge|rbf,4,0.7865219092331769,0.04850471668778676,0.6135441884252071,0.08977174229745846,0.9269089722814741,0.028376607605485795,0.6467689081388,0.08037221250688288,0.010390979200002448,0.0011702205834810719,0.0017925998999999138,0.0004306491578540327,0.7865168539325843,0.6013143803458205,0.9322762432303828,0.6425894062213724
modis,normalizer,uniform,lda,kridge,hyperbolic,normalizer|uniform|lda|kridge|hyperbolic,4,0.7372848200312989,0.06466947984845292,0.5815348759518401,0.087372736529217,0.8583386528769855,0.05071557429666156,0.5838118395007879,0.09421090569565291,0.010080821499997228,0.0004431155697807158,0.0015236258000072666,0.00016117205238248006,0.8314606741573034,0.6855362230362231,0.8771463156124784,0.7167859348198724
modis,normalizer,uniform,lda,kridge,triangle,normalizer|uniform|lda|kridge|triangle,4,0.7513888888888889,0.06560548304469394,0.5698003979039707,0.08646761322063631,0.8638340632951756,0.08473060837945265,0.5942954991581639,0.09476333184677295,0.010938604499995109,0.0012564157899047337,0.001709268899998051,0.00018681281030256088,0.7303370786516854,0.4931896551724138,0.8516726407485596,0.5608570412448336
modis,normalizer,uniform,lda,kridge,radial_basic,normalizer|uniform|lda|kridge|radial_basic,4,0.7822574334898278,0.04129231558245278,0.6160845525010927,0.0781502791735746,0.8672902999977128,0.06128249069673394,0.6400581997017737,0.07024794314546537,0.013728229399998782,0.003355954800463568,0.003293158000008134,0.0006134197972177036,0.7640449438202247,0.5384615384615384,0.8943340622531621,0.5992934356597144
modis,normalizer,uniform,lda,kridge,rquadratic,normalizer|uniform|lda|kridge|rquadratic,4,0.7892214397496088,0.055769531337776394,0.6247120073662116,0.09871034923801766,0.9270615600763332,0.029335775724899166,0.652170477847054,0.09244625662437916,0.010305945400006067,0.0006492206338893059,0.0015576041999850077,5.988832774953759e-05,0.8089887640449438,0.6473901098901098,0.9349604924364457,0.6785866941003059
modis,normalizer,uniform,lda,kridge,canberra,normalizer|uniform|lda|kridge|canberra,4,0.7681729264475743,0.042900671083666374,0.602780210511485,0.07390593915530405,0.9121674170853851,0.032051653952301064,0.6157581107608601,0.07002340377950125,0.01580737289998524,0.0004947327018964696,0.0035273297000230743,0.00016984357515731775,0.8202247191011236,0.6490908720705313,0.9132164056373949,0.691772905828096
modis,normalizer,uniform,lda,kridge,truncated,normalizer|uniform|lda|kridge|truncated,4,0.7766627543035993,0.04119000237627455,0.6082419879758448,0.0687782894214974,0.9196001328232211,0.028477378465057233,0.6293683945289927,0.06903931804956324,0.013378938299996434,0.00030067892380728764,0.0033383610000043973,0.00016032376920968228,0.8089887640449438,0.6457743710691823,0.9255640337742707,0.6782753641591558
modis,normalizer,kmeans,pca,ksvc,linear,normalizer|kmeans|pca|ksvc|linear,4,0.5589984350547731,0.006029497455106885,0.17927693927693927,0.0012438420318852546,0.7063206318703374,0.04455191418943493,0.0,0.0,0.008828039000002263,0.00032387221805169585,0.0017313133000016023,0.00010598462049651064,0.5842696629213483,0.18439716312056736,0.6852416079056408,0.0
modis,normalizer,kmeans,pca,ksvc,poly,normalizer|kmeans|pca|ksvc|poly,4,0.5589984350547731,0.006029497455106885,0.17927693927693927,0.0012438420318852546,0.5389085515805961,0.036528818473783795,0.0,0.0,0.04976578910000171,0.012809043551461523,0.0020072362000007615,0.0003638431543142438,0.5842696629213483,0.18439716312056736,0.6050508772940927,0.0
modis,normalizer,kmeans,pca,ksvc,rbf,normalizer|kmeans|pca|ksvc|rbf,4,0.6264475743348983,0.037105302718707246,0.3208829132719889,0.030686527053057206,0.7342716348227505,0.043160855224551334,0.3162403576563757,0.077598034428917,0.01184522990000687,0.0016467929054666663,0.0025897878999955994,0.0005225981528492904,0.6404494382022472,0.33784245405479263,0.7488830696276592,0.3046338299380083
modis,normalizer,kmeans,pca,ksvc,hyperbolic,normalizer|kmeans|pca|ksvc|hyperbolic,4,0.5729655712050079,0.06136779779260302,0.34610607158555234,0.06348822572768889,0.6709478971895517,0.0390345579573648,0.2535974550350506,0.10535400759347689,0.00990954119999401,0.0015175953407800874,0.002067650000003596,0.0003876984083779285,0.6179775280898876,0.3721847353426301,0.7090635805424537,0.29898802955441905
modis,normalizer,kmeans,pca,ksvc,triangle,normalizer|kmeans|pca|ksvc|triangle,4,0.6600352112676056,0.03179601772878359,0.44411496517163906,0.04858536762191797,0.7685611259756813,0.040890761023103836,0.4045385310662747,0.06682128643715711,0.00914206639998838,0.0004539730166698342,0.0021019855000020014,0.00020979603690537074,0.651685393258427,0.44054214134489367,0.7327397715580471,0.3870987368730687
modis,normalizer,kmeans,pca,ksvc,radial_basic,normalizer|kmeans|pca|ksvc|radial_basic,4,0.7218114241001565,0.03811698903434715,0.552294906042932,0.0617941082045815,0.8198092335000494,0.030900302928602356,0.5372950146704056,0.06670228711225404,0.014580668700011757,0.00033145648517048733,0.004277103299989449,0.00026512199586771305,0.8539325842696629,0.7178187803187803,0.8574702648689252,0.753415437552434
modis,normalizer,kmeans,pca,ksvc,rquadratic,normalizer|kmeans|pca|ksvc|rquadratic,4,0.629264475743349,0.03875816084755996,0.33894621529763613,0.0474889900539148,0.7333032726223333,0.05044999745275558,0.31821741398963815,0.08797253033533921,0.009473754900000131,0.0005452822216924297,0.002171153199992659,0.0012709858518419397,0.651685393258427,0.4221036585365854,0.7504230361066501,0.331442530590927
modis,normalizer,kmeans,pca,ksvc,canberra,normalizer|kmeans|pca|ksvc|canberra,4,0.7009585289514867,0.0356948251356408,0.5267387502382527,0.04855036801242807,0.779805561831647,0.02827018486562161,0.4957511163830353,0.06292236772450549,0.015170903500006716,0.0006908767955177442,0.0038927672999932383,0.00042101285686230747,0.7528089887640449,0.5663655185394315,0.7759750401883689,0.5781744380086304
modis,normalizer,kmeans,pca,ksvc,truncated,normalizer|kmeans|pca|ksvc|truncated,4,0.7134389671361502,0.031622507960168265,0.544426448743485,0.060296891585662725,0.8243295492694237,0.028410092090896108,0.5294450641219582,0.053446024880847924,0.013263511699989294,0.00036725632931359006,0.003329794500012895,6.179612807968469e-05,0.8426966292134831,0.7009476031215163,0.8477736261358728,0.7344258154734864
modis,normalizer,kmeans,pca,kann,linear,normalizer|kmeans|pca|kann|linear,4,0.6180555555555555,0.04244981537434946,0.3045896309551546,0.04922693814741623,0.6815702974312837,0.03292905061065841,0.2883818460338556,0.1251790253194377,0.12419284569999149,0.044822891088960364,0.0014900507000163543,0.0004767080176004494,0.6404494382022472,0.31418067226890756,0.6651566387052474,0.3204998090511694
modis,normalizer,kmeans,pca,kann,poly,normalizer|kmeans|pca|kann|poly,4,0.6685054773082942,0.05540597723170735,0.44976621567203984,0.05940216778916592,0.7846003613801144,0.03760878776159979,0.4158870665572472,0.10537726514084828,0.1913296725000066,0.03101755169614212,0.0018437696999967557,0.0002739869749616952,0.6741573033707865,0.47444295900178257,0.7740206862501606,0.392271326592324
modis,normalizer,kmeans,pca,kann,rbf,normalizer|kmeans|pca|kann|rbf,4,0.6727308294209703,0.049372048120848326,0.452799551232865,0.07291313539510864,0.7882299502151273,0.033994122639415765,0.420357406848789,0.10283729692020027,0.18557678729999907,0.042801359751792625,0.0020319104000122933,0.0003797073599494772,0.6966292134831461,0.4691636727187186,0.7593495242284318,0.4650696551517974
modis,normalizer,kmeans,pca,kann,hyperbolic,normalizer|kmeans|pca|kann|hyperbolic,4,0.6881846635367761,0.035130996816870284,0.4593386070461061,0.036372738662398756,0.7900555852179764,0.021924218876522152,0.4627431616779153,0.06540369686879413,0.17124482949999448,0.03935742075004208,0.0016731217000028665,0.00010856192524886946,0.6966292134831461,0.4692261241174284,0.7482635657232016,0.46895416407433765
modis,normalizer,kmeans,pca,kann,triangle,normalizer|kmeans|pca|kann|triangle,4,0.6825704225352113,0.04110796019194037,0.4840047123879832,0.06460925366997977,0.8020599061369547,0.04158297141937403,0.4627182421907672,0.06832907788383624,0.1917197869000006,0.019188590262461776,0.0018335106999984418,0.0002747325384665451,0.7415730337078652,0.5672942345026863,0.8053924370911661,0.551958556190547
modis,normalizer,kmeans,pca,kann,radial_basic,normalizer|kmeans|pca|kann|radial_basic,4,0.6347809076682316,0.02551098730859311,0.45032566017902304,0.044403355950398855,0.757421460450037,0.044284161504082015,0.3943743905516753,0.03917408481871613,0.21805607240000882,0.04648580526136408,0.0029349578999983807,0.0005197434985224364,0.7528089887640449,0.5745070652617823,0.8146228326793425,0.5787729489431167
modis,normalizer,kmeans,pca,kann,rquadratic,normalizer|kmeans|pca|kann|rquadratic,4,0.6698356807511736,0.05545028427321274,0.45746640115751214,0.07046527714749562,0.7862780482947861,0.034403575275398786,0.4204193152912694,0.11263795723018707,0.14288694619999093,0.036965822847563896,0.001650514099992506,2.960087179568223e-05,0.6966292134831461,0.5101351351351351,0.7767144789645648,0.46977574463121774
modis,normalizer,kmeans,pca,kann,canberra,normalizer|kmeans|pca|kann|canberra,4,0.6840766823161187,0.03358219252672806,0.5196823541678894,0.044494773848292195,0.8019165487790589,0.03125806428172707,0.47746284705248215,0.05956324366924351,0.23184241059999522,0.013688589975300168,0.0024414783000111127,0.00011712803650541334,0.7752808988764045,0.6077533577533578,0.8536339246576279,0.6212765957446809
modis,normalizer,kmeans,pca,kann,truncated,normalizer|kmeans|pca|kann|truncated,4,0.6460289514866979,0.03186344912390017,0.4630377232203897,0.03021811505681063,0.7899768398132947,0.03540549878903024,0.41187592158018765,0.06297909954189178,0.21483739249999873,0.026378303966345475,0.0022766930999978284,0.00024274542103025753,0.7528089887640449,0.5653765490214089,0.843905034604107,0.5724086495531605
modis,normalizer,kmeans,pca,kridge,linear,normalizer|kmeans|pca|kridge|linear,4,0.5589984350547731,0.006029497455106885,0.17927693927693927,0.0012438420318852546,0.6697270171517228,0.030542345244283366,0.0,0.0,0.010043899099991904,0.0021277899080488567,0.001558031300004359,0.0003853548253872429,0.5842696629213483,0.18439716312056736,0.7514436984979753,0.0
modis,normalizer,kmeans,pca,kridge,poly,normalizer|kmeans|pca|kridge|poly,4,0.6432902973395931,0.03899357294978565,0.34457544470377555,0.05267491278376436,0.7453850241317609,0.0389791985932571,0.35559352156598634,0.08023062309746881,0.010072645800005376,0.0017343373373070266,0.0016522102999942945,0.0002920245187217673,0.6741573033707865,0.37885766328389275,0.8332156747435002,0.3853966847350007
modis,normalizer,kmeans,pca,kridge,rbf,normalizer|kmeans|pca|kridge|rbf,4,0.6362284820031299,0.034789026304340234,0.32944880355853556,0.018993940456393698,0.7676692580184765,0.030223965995774118,0.34309000645273785,0.07048734646083095,0.009395565600004829,0.0002984294130385904,0.0017005565999966166,9.081978214765438e-05,0.6741573033707865,0.3892543859649123,0.7628832813906672,0.38950098510457887
modis,normalizer,kmeans,pca,kridge,hyperbolic,normalizer|kmeans|pca|kridge|hyperbolic,4,0.5591353677621284,0.0783794120760156,0.31930983626774195,0.04633021021474707,0.6212270799541033,0.039291389792025906,0.2579452969799499,0.06981034107855755,0.009507513300002301,0.00032158071900070773,0.0015685997999980827,8.59569027157414e-05,0.6629213483146067,0.4836929810815431,0.7695645033973787,0.4121200919933712
modis,normalizer,kmeans,pca,kridge,triangle,normalizer|kmeans|pca|kridge|triangle,4,0.7035602503912364,0.04173056857638824,0.4808914315137378,0.0731635302751489,0.8004988674708187,0.029153174274713315,0.4867665311147761,0.0825490511163953,0.011443005699993592,0.0016763137276936037,0.0022184178000031808,0.0003605294637396479,0.6853932584269663,0.5171004159239453,0.8066763378941324,0.4438415831114689
modis,normalizer,kmeans,pca,kridge,radial_basic,normalizer|kmeans|pca|kridge|radial_basic,4,0.7274256651017215,0.04849578789311715,0.5536204501460571,0.06591767147020264,0.7951623746484804,0.03243462818719632,0.5510257550897717,0.08002251679794367,0.01578968450000957,0.0028784275607378787,0.004415352399996663,0.000632550960098971,0.8539325842696629,0.7366383616383617,0.8786553557680319,0.7521155007901316
modis,normalizer,kmeans,pca,kridge,rquadratic,normalizer|kmeans|pca|kridge|rquadratic,4,0.6474960876369329,0.051803735143863584,0.3919321211509913,0.06250602959291701,0.7784834146913776,0.027230231506577,0.36598492554356177,0.10438651654846903,0.008946178499996904,0.00029742062086969654,0.0015077471000040533,4.9421698206779034e-05,0.6404494382022472,0.3982521186440678,0.7846246226742619,0.3263412857649244
modis,normalizer,kmeans,pca,kridge,canberra,normalizer|kmeans|pca|kridge|canberra,4,0.6994522691705789,0.04914920539430731,0.49387354019365654,0.08175497590743529,0.7888339019227559,0.025494426999286477,0.4783069771469438,0.09942690258202755,0.01437893750000967,0.0004449484317517406,0.003478690299994014,0.00016015466922163278,0.7415730337078652,0.5294453973699257,0.8063038733126332,0.5555234526500266
modis,normalizer,kmeans,pca,kridge,truncated,normalizer|kmeans|pca|kridge|truncated,4,0.7457159624413146,0.060548195224832756,0.5822642570436851,0.0891053032201225,0.8387066336794208,0.03686839264556152,0.5817942368305101,0.10149780817728711,0.011989005799995312,0.0003285985264920699,0.0030884518000107164,0.00010954236630579446,0.8202247191011236,0.6544608502155672,0.8787170752775356,0.6916111698138251
modis,normalizer,kmeans,lda,ksvc,linear,normalizer|kmeans|lda|ksvc|linear,4,0.8061424100156496,0.03643565704699005,0.6519143361386379,0.05377682274887676,0.8698171107528978,0.026415358750912533,0.6824791597339438,0.060425503069313026,0.009958694600010176,0.0011642738129601286,0.0014943737999999485,0.00029050713411884896,0.8089887640449438,0.6169028340080972,0.8454510008314543,0.6771606694924529
modis,normalizer,kmeans,lda,ksvc,poly,normalizer|kmeans|lda|ksvc|poly,4,0.6853873239436619,0.05400226819547714,0.4152158070776218,0.0772587854501123,0.7745236355258752,0.04704474029832111,0.4411511633990183,0.11487585352815756,0.00974798990000636,0.000687581821268837,0.0017734602999894377,0.0003546421212817498,0.7078651685393258,0.37568306010928965,0.7191049893514682,0.45818945314483994
modis,normalizer,kmeans,lda,ksvc,rbf,normalizer|kmeans|lda|ksvc|rbf,4,0.8131846635367761,0.03818380836587396,0.6621946969934671,0.05733289855553195,0.9005779930979194,0.02951608691648685,0.695088819626132,0.06395921912869897,0.00866904789999694,0.00030912125008929745,0.0016980487999944671,0.00011320941127015189,0.8314606741573034,0.6474025974025974,0.8615194779528341,0.7135658949277945
modis,normalizer,kmeans,lda,ksvc,hyperbolic,normalizer|kmeans|lda|ksvc|hyperbolic,4,0.7500195618153366,0.06046485430688198,0.6010445996519653,0.08435568999283338,0.8475670116508315,0.014872794513736017,0.6012715101372957,0.09427713411813071,0.008563286699990158,0.0003340270134046138,0.0016824356000029184,0.00013462326464902205,0.7415730337078652,0.552249649859944,0.7698009004261152,0.5773344075615027
modis,normalizer,kmeans,lda,ksvc,triangle,normalizer|kmeans|lda|ksvc|triangle,4,0.82018779342723,0.022082007791443627,0.6767272149846871,0.026252739009022037,0.8954128819147071,0.030043630004346462,0.7061252694707,0.03578806848515895,0.01025916869999719,0.0017493122274991816,0.0022560174000034296,0.0004351479188274916,0.8202247191011236,0.6042024013722127,0.8514799009903784,0.6921807672983796
modis,normalizer,kmeans,lda,ksvc,radial_basic,normalizer|kmeans|lda|ksvc|radial_basic,4,0.7906494522691705,0.041001054742034235,0.6498056849290325,0.0678595777953329,0.8978695191981407,0.022217674591304186,0.6624363893211337,0.06392840059528396,0.012946462000002157,0.001151762944064441,0.0032679186000052598,0.00013646792462774436,0.8314606741573034,0.6472574671838363,0.8593143350743832,0.7125101285703835
modis,normalizer,kmeans,lda,ksvc,rquadratic,normalizer|kmeans|lda|ksvc|rquadratic,4,0.8046948356807511,0.0459975150190194,0.6518382902208246,0.05594562925666921,0.9078882528775318,0.03173682457751153,0.6823346650506513,0.07315308114602881,0.009197741399992765,0.0010025245413772877,0.0017976654999927177,0.0002616012118146806,0.8314606741573034,0.6474025974025974,0.8832058606835316,0.7135658949277945
modis,normalizer,kmeans,lda,ksvc,canberra,normalizer|kmeans|lda|ksvc|canberra,4,0.7780320813771517,0.0502804236500676,0.6347708270504484,0.07623891890073504,0.8981421025446916,0.024616143049281832,0.6411676478332552,0.08134210280482972,0.015561237200006416,0.002380820321731206,0.004320765400007076,0.000688824770848635,0.7752808988764045,0.5401507276507276,0.8526134886706855,0.6205162808933108
modis,normalizer,kmeans,lda,ksvc,truncated,normalizer|kmeans|lda|ksvc|truncated,4,0.7962441314553991,0.04097059696794868,0.6459429491062683,0.05578229519673369,0.9086360021720308,0.025974248855370342,0.666866550014848,0.06636897399994775,0.012903175100007047,0.0010892956885359076,0.0034393736999902558,0.00014938042106171445,0.8539325842696629,0.7199232140408611,0.8909169765190033,0.7587785299855125
modis,normalizer,kmeans,lda,kann,linear,normalizer|kmeans|lda|kann|linear,4,0.7962441314553991,0.043082916516730185,0.6393485339153144,0.062289541902739415,0.9058870621422928,0.03017124077400839,0.6682275694720987,0.06957119485502623,0.1478286283999921,0.01932502900760521,0.0013035609000098703,5.2277474734949154e-05,0.8426966292134831,0.6428087415236948,0.9188766142776792,0.7303935822067666
modis,normalizer,kmeans,lda,kann,poly,normalizer|kmeans|lda|kann|poly,4,0.8131846635367761,0.036477642761011,0.6719959578365597,0.05890335285449368,0.920199414203527,0.033514519129388125,0.6944162629879208,0.06057268992290702,0.189701589099991,0.028373740724862186,0.0017090776000088681,0.00024172677171650073,0.8426966292134831,0.6764689364689365,0.9275102053356948,0.7324314378988899
modis,normalizer,kmeans,lda,kann,rbf,normalizer|kmeans|lda|kann|rbf,4,0.8005086071987482,0.033351068946802356,0.6624811113367366,0.05184752981114834,0.9253893704768282,0.02693258829005587,0.6751389810052799,0.05441707095263262,0.2010189020000041,0.031596970426871034,0.0017764111000076355,0.00027646850304625584,0.8539325842696629,0.6959457209457209,0.9606060445548594,0.7521155007901316
modis,normalizer,kmeans,lda,kann,hyperbolic,normalizer|kmeans|lda|kann|hyperbolic,4,0.8074921752738653,0.032368017119141786,0.664447182467015,0.05807064046745145,0.913883384760763,0.037786414488098954,0.6850925708853078,0.05405578183384095,0.23158380009999177,0.026420865589906847,0.0018738325000128952,0.00034655658951002053,0.8089887640449438,0.6352368220015279,0.9241268606177573,0.6773471439313831
modis,normalizer,kmeans,lda,kann,triangle,normalizer|kmeans|lda|kann|triangle,4,0.8047926447574335,0.04096543370836385,0.6611464055012323,0.07676366894675642,0.9194525395275335,0.03425643693535424,0.6816396184850742,0.06648636591625941,0.22346106010000427,0.038741634963899874,0.0019474938000087149,0.00028859376075091253,0.8089887640449438,0.6209586945436002,0.933902563110739,0.672486251586639
modis,normalizer,kmeans,lda,kann,radial_basic,normalizer|kmeans|lda|kann|radial_basic,4,0.7809272300469484,0.04686500472657988,0.6328960572084346,0.08334239233435001,0.9109392400311748,0.02335464234577723,0.644184126638416,0.07596990940080707,0.20733319190001112,0.023163130283257477,0.0021383744999866395,0.00010153367220893659,0.797752808988764,0.6158175158175158,0.8870065204014018,0.6561603981950602
modis,normalizer,kmeans,lda,kann,rquadratic,normalizer|kmeans|lda|kann|rquadratic,4,0.7990805946791862,0.037377624865447566,0.64874814806965,0.0648060067837023,0.9229356574971327,0.027968504422110657,0.6721699284512883,0.06025343490091124,0.19565118940000162,0.050894912190328635,0.001998638300000266,0.0004757501842327753,0.8314606741573034,0.6561346548188653,0.939172728656583,0.7130181674252682
modis,normalizer,kmeans,lda,kann,canberra,normalizer|kmeans|lda|kann|canberra,4,0.7667840375586854,0.03689185269264177,0.6072009448509006,0.055750706397628275,0.901058823373884,0.02381788259247281,0.6210342164224776,0.05902415769553925,0.22958035519999384,0.0420547388761165,0.002523025299996107,0.00047765487298125065,0.7640449438202247,0.5640160765160765,0.8872943492275337,0.6029020641879737
modis,normalizer,kmeans,lda,kann,truncated,normalizer|kmeans|lda|kann|truncated,4,0.7640062597809077,0.033253705209294715,0.604037801385883,0.04919855952021431,0.9088192923725895,0.0188000926920624,0.6149539427787629,0.05322728767991023,0.22503877009999657,0.034335873720528334,0.0024862417000008465,0.000455572477180893,0.797752808988764,0.6387160992115797,0.9167454776137359,0.6739564116220441
modis,normalizer,kmeans,lda,kridge,linear,normalizer|kmeans|lda|kridge|linear,4,0.780868544600939,0.022473641777414188,0.46912941568530153,0.052574671648348725,0.8638272406467749,0.04147898185754911,0.6429577882309919,0.039050346942786,0.009551129100015033,0.00046005449774338275,0.001396772199990437,9.382412481540831e-05,0.7640449438202247,0.40519877675840976,0.8762912243245462,0.5997703254078387
modis,normalizer,kmeans,lda,kridge,poly,normalizer|kmeans|lda|kridge|poly,4,0.7878129890453833,0.04267645633195802,0.5638888374112281,0.05972092953613527,0.9089365330242922,0.026104032585746662,0.6465664612464302,0.07221336433608953,0.009477148600012697,0.0004371193572113158,0.0014227343999948516,4.408309737366526e-05,0.797752808988764,0.5313186813186813,0.8660329496167696,0.6564015180153759
modis,normalizer,kmeans,lda,kridge,rbf,normalizer|kmeans|lda|kridge|rbf,4,0.8061424100156493,0.04698936437208564,0.6538930597040938,0.0730694055430132,0.9309461929120666,0.020787877144124074,0.682395882345042,0.07834617670116498,0.009621826100004682,0.0005601432182285573,0.0015090681000060613,5.3301330627866526e-05,0.8426966292134831,0.6662296037296037,0.9399503681322644,0.7344652372334927
modis,normalizer,kmeans,lda,kridge,hyperbolic,normalizer|kmeans|lda|kridge|hyperbolic,4,0.6870500782472614,0.08004418199168542,0.5464877516247647,0.0732731057820435,0.7783893739632612,0.0644726692030522,0.5294940381395032,0.10043179978878337,0.009887571600000911,0.0005866811615303518,0.0015054425999949216,4.0007554426707844e-05,0.7303370786516854,0.5917126623376623,0.70792578019476,0.5650563058696937
modis,normalizer,kmeans,lda,kridge,triangle,normalizer|kmeans|lda|kridge|triangle,4,0.7470266040688577,0.09261705540617154,0.5981091662709208,0.08688758889059983,0.8298409583921451,0.10076821720480819,0.5949940712590909,0.12846566868877443,0.009907226199999286,0.0006892306667844136,0.0016286212999943928,4.454254079435611e-05,0.5393258426966292,0.3915764482431149,0.7507897542679405,0.3711610492017117
modis,normalizer,kmeans,lda,kridge,radial_basic,normalizer|kmeans|lda|kridge|radial_basic,4,0.7977112676056338,0.034216772033773366,0.6596412002131292,0.060535566667630394,0.8565404058901397,0.04038756524915652,0.6715268966915567,0.05620574206349447,0.012627310600004193,0.001513942956432708,0.0029661712000006446,0.0002624416125679406,0.8764044943820225,0.7224760013240649,0.8484197539719698,0.788969791924048
modis,normalizer,kmeans,lda,kridge,rquadratic,normalizer|kmeans|lda|kridge|rquadratic,4,0.8074921752738655,0.04288064645584733,0.6509317946885138,0.05454855167331243,0.927346296133798,0.0225894824013698,0.6853702442304804,0.06924136451249097,0.011077956799988442,0.0013432111043372862,0.0018122161000007964,0.00028837868184496726,0.8314606741573034,0.6474025974025974,0.9271179845724675,0.7135658949277945
modis,normalizer,kmeans,lda,kridge,canberra,normalizer|kmeans|lda|kridge|canberra,4,0.794972613458529,0.0374337768296996,0.6462472165484687,0.06609995861864254,0.9068411995255294,0.018825535309492155,0.6671384315933174,0.06258823628671596,0.01573011369998767,0.0009531134466498156,0.0035490957000035906,9.50075422260941e-05,0.8314606741573034,0.6592783323062672,0.9096807314129539,0.7109606574749873
modis,normalizer,kmeans,lda,kridge,truncated,normalizer|kmeans|lda|kridge|truncated,4,0.7879107981220658,0.0243940011721938,0.6184339914896,0.039077203882247336,0.9147048981221741,0.01645956142217907,0.6546255565594102,0.039206697573169746,0.013992121799992674,0.0010881380239709728,0.003622294500001999,0.0004226268041404368,0.8426966292134831,0.7049825174825175,0.9102159417772608,0.7347046673840191
modis,normalizer,dbscan,pca,ksvc,linear,normalizer|dbscan|pca|ksvc|linear,3,0.6151799687010955,0.006136855991592151,0.2539105885653664,0.001572042321318083,0.7050517817138984,0.09016701776090237,0.0,0.0,0.007177132199990411,0.0005178675065327912,0.0016119564000007358,5.6506662093803534e-05,0.5955056179775281,0.24882629107981222,0.654885669244865,0.0
modis,normalizer,dbscan,pca,ksvc,poly,normalizer|dbscan|pca|ksvc|poly,3,0.6151799687010955,0.006136855991592151,0.2539105885653664,0.001572042321318083,0.6583656664242273,0.05538299624533236,0.0,0.0,0.009746042000000444,0.0012268913893613515,0.001713550300001998,0.00012249389732453886,0.5955056179775281,0.24882629107981222,0.6235568861096236,0.0
modis,normalizer,dbscan,pca,ksvc,rbf,normalizer|dbscan|pca|ksvc|rbf,3,0.7626564945226918,0.04918058502368344,0.5005046051911618,0.03600408772284396,0.7872959152189857,0.08209940430927504,0.5000371883739554,0.10282691151607169,0.008194819600004167,0.00029712893149867037,0.0017734566999934032,0.00010226633566288778,0.7303370786516854,0.4731416731416731,0.7514044880085313,0.449450977476092
modis,normalizer,dbscan,pca,ksvc,hyperbolic,normalizer|dbscan|pca|ksvc|hyperbolic,3,0.6937597809076683,0.04853321471539842,0.4494676804369192,0.03376520736037061,0.6865550590885104,0.08893326768820868,0.36146236989719116,0.10534772852109928,0.007557443999991165,0.001480123607640072,0.001694167000005109,0.0003559594652718,0.6966292134831461,0.44500819195602775,0.742699911681691,0.3735257206879695
modis,normalizer,dbscan,pca,ksvc,triangle,normalizer|dbscan|pca|ksvc|triangle,3,0.8315336463223787,0.050566760819558035,0.5540845211776888,0.035502383166819834,0.7298388078766407,0.062106748991962245,0.6517845675455053,0.10380379137557606,0.007796358300009842,0.0005375137545902221,0.001944676199997275,0.00011777575679842443,0.7415730337078652,0.5018715944089078,0.7714440321781743,0.5009171855507613
modis,normalizer,dbscan,pca,ksvc,radial_basic,normalizer|dbscan|pca|ksvc|radial_basic,3,0.8820813771517997,0.03615977445504518,0.5984825266313447,0.017652752478883278,0.8153088551214605,0.07704177097417499,0.7647759954154134,0.06290855022143135,0.012032774599998675,0.001071137171709808,0.0035887706000096386,0.0002144544523194485,0.898876404494382,0.7063492063492064,0.7980378537209635,0.8049243769934339
modis,normalizer,dbscan,pca,ksvc,rquadratic,normalizer|dbscan|pca|ksvc|rquadratic,3,0.7570226917057903,0.04908837382810443,0.49400650293378356,0.03646955729921858,0.7588252895227954,0.08049346703842312,0.4855587882207417,0.10412075113140211,0.010259352900004615,0.0009994181017819836,0.00216728199999352,0.0002471902610592879,0.7303370786516854,0.4731416731416731,0.7572040926381858,0.449450977476092
modis,normalizer,dbscan,pca,ksvc,canberra,normalizer|dbscan|pca|ksvc|canberra,3,0.8511737089201878,0.03726841569805724,0.5689570716081689,0.02609613444377476,0.7968106989722259,0.0569018099593421,0.6961655760289993,0.07673584447690046,0.012212282899997717,0.00161196528953292,0.0035126502000082382,0.00042468671815155756,0.8089887640449438,0.5456604145128735,0.7739215683756239,0.6203608420579984
modis,normalizer,dbscan,pca,ksvc,truncated,normalizer|dbscan|pca|ksvc|truncated,3,0.8511150234741784,0.03401037239464637,0.5718746976634302,0.01864058975924757,0.7647900531978726,0.06686688715113727,0.6960079584310467,0.06244356585393899,0.011003548699989096,0.0007831675392398954,0.0030699373000118158,0.0001836827157638435,0.8539325842696629,0.5797678275290216,0.7628281665909632,0.7229372528516465
modis,normalizer,dbscan,pca,kann,linear,normalizer|dbscan|pca|kann|linear,3,0.6517996870109546,0.0697723028831412,0.32242296415848737,0.11311683802655474,0.7765148376633042,0.07772279344262964,0.13528499370827637,0.22737656232933398,0.042068953399990505,0.04655566720705951,0.001396564800023725,0.0002617394627743712,0.5955056179775281,0.24882629107981222,0.8174613673398067,0.0
modis,normalizer,dbscan,pca,kann,poly,normalizer|dbscan|pca|kann|poly,3,0.8020148669796558,0.039677273977343025,0.5316469357099953,0.026652489557141754,0.78412879671727,0.06739143468378228,0.5918615441540437,0.07952646117297706,0.1275864879999915,0.03594841992115484,0.0017964151999990464,0.0002867389052413099,0.8202247191011236,0.5531746031746032,0.7723176256887694,0.6424141189035912
modis,normalizer,dbscan,pca,kann,rbf,normalizer|dbscan|pca|kann|rbf,3,0.7880477308294209,0.04675226120154403,0.5200080275537554,0.034820838759520314,0.7818946835068339,0.0611076672026271,0.5605054443245672,0.10223936013645539,0.13188648440000747,0.04827071269339177,0.0017196226999885767,7.796022922876465e-05,0.7865168539325843,0.5327582075245627,0.7613971288629626,0.583428025085623
modis,normalizer,dbscan,pca,kann,hyperbolic,normalizer|dbscan|pca|kann|hyperbolic,3,0.8216940532081377,0.030440158381684086,0.5475809389326434,0.021954022619494674,0.8112429855780041,0.07583486165546985,0.6368089145076514,0.06638692353804694,0.12328312050000818,0.030061217878075093,0.0016625746000045183,6.747478408106663e-05,0.7865168539325843,0.5327582075245627,0.7783507907906365,0.583428025085623
modis,normalizer,dbscan,pca,kann,triangle,normalizer|dbscan|pca|kann|triangle,3,0.8526017214397494,0.026984159558834993,0.5684308066930006,0.018277185812334222,0.7358110831702842,0.028559464953522698,0.6967190100317009,0.052928865244622036,0.17991336129999808,0.029687954832046795,0.0017868523999993613,5.0515253505954794e-05,0.8314606741573034,0.5671296296296297,0.8172472286188425,0.6708009695324803
modis,normalizer,dbscan,pca,kann,radial_basic,normalizer|dbscan|pca|kann|radial_basic,3,0.8399843505477309,0.042092311627405773,0.568815321115532,0.024767638008294738,0.8075325907381015,0.06533850827340139,0.6820919064741136,0.07523523093805684,0.16852188980000732,0.04831691603253332,0.0024802345999944465,0.0003461184706484284,0.8876404494382022,0.749293556806661,0.8370863691414202,0.7983221693037792
modis,normalizer,dbscan,pca,kann,rquadratic,normalizer|dbscan|pca|kann|rquadratic,3,0.8020931142410015,0.0503493792168896,0.532175089206071,0.03631393736487566,0.7824832374026005,0.06608348889767106,0.5901757629255628,0.10613311199799069,0.15087257119998299,0.03054298342323905,0.002116520900011665,0.0006413900195239851,0.7752808988764045,0.5245202558635395,0.7596386041625908,0.5675232057410268
modis,normalizer,dbscan,pca,kann,canberra,normalizer|dbscan|pca|kann|canberra,3,0.779518779342723,0.02868331846301351,0.5576248616218954,0.0603541272343146,0.8237901263904803,0.058573754346341926,0.5550896389488176,0.052975729031937605,0.2049977004000084,0.015235700719584697,0.0023684563999950116,0.0002803347514750377,0.797752808988764,0.6243201243201243,0.8451171348507415,0.6160217966351401
modis,normalizer,dbscan,pca,kann,truncated,normalizer|dbscan|pca|kann|truncated,3,0.814612676056338,0.03163965986666032,0.5513281731882967,0.016332168573343145,0.7838440805097361,0.08040972353207108,0.6292096814012393,0.05821697917964322,0.19385224780000385,0.005688247480826273,0.002161849399993798,0.0001241801079453204,0.8202247191011236,0.7190476190476192,0.7962749980128737,0.6564700146939699
modis,normalizer,dbscan,pca,kridge,linear,normalizer|dbscan|pca|kridge|linear,3,0.6151799687010955,0.006136855991592151,0.2539105885653664,0.001572042321318083,0.7771566816448852,0.0865442430550996,0.0,0.0,0.00966022850001309,0.0016101588220796413,0.0017006113999855188,0.0002484653373576102,0.5955056179775281,0.24882629107981222,0.8161975835688274,0.0
modis,normalizer,dbscan,pca,kridge,poly,normalizer|dbscan|pca|kridge|poly,3,0.8047143974960876,0.04220217538359354,0.5348433973888544,0.028367715689191293,0.8492348722443094,0.08249081845447641,0.5988302674606509,0.08841838030166506,0.00875968359999888,0.0008110343459940234,0.00150749160001169,0.0001618081478467999,0.8202247191011236,0.5516664205188796,0.8200746132024813,0.6433276120010774
modis,normalizer,dbscan,pca,kridge,rbf,normalizer|dbscan|pca|kridge|rbf,3,0.8005672926447576,0.03764837817627705,0.5311899215278606,0.025552102677640385,0.8149155910717253,0.0734278017858537,0.5874723656230189,0.07436299276318592,0.008885133000006817,0.0008463104232185125,0.0017053359999977147,0.00012177962326568513,0.8314606741573034,0.5591269841269841,0.7625383244237298,0.6655618341191457
modis,normalizer,dbscan,pca,kridge,hyperbolic,normalizer|dbscan|pca|kridge|hyperbolic,3,0.7557120500782474,0.051339138677373906,0.4980803290357403,0.03586959724874056,0.7569148294689245,0.10013801729534924,0.49208788707871676,0.10364402024098712,0.010518691499987654,0.002029688689879455,0.001819003200006364,0.0002533889617917144,0.6853932584269663,0.4571759259259259,0.6954240227798163,0.37803721179989647
modis,normalizer,dbscan,pca,kridge,triangle,normalizer|dbscan|pca|kridge|triangle,3,0.8512128325508608,0.03465862021510629,0.5683259531381789,0.0234661328585411,0.768973644242013,0.05774701783772237,0.6934177344007503,0.07026563360480417,0.010511973500007344,0.003560918074953142,0.0021293830000047365,0.0006015117870562886,0.797752808988764,0.5418334286258815,0.7809188785843727,0.608725991284948
modis,normalizer,dbscan,pca,kridge,radial_basic,normalizer|dbscan|pca|kridge|radial_basic,3,0.8961267605633804,0.030930495676234196,0.607908070306445,0.016635928918309846,0.8006071984787859,0.06356395768696183,0.7916046701881962,0.05570233553398133,0.015124692899991032,0.0004886367989539663,0.0043114609000042495,0.0003095539710211402,0.8876404494382022,0.6073947017343243,0.865206303664004,0.7870852117766693
modis,normalizer,dbscan,pca,kridge,rquadratic,normalizer|dbscan|pca|kridge|rquadratic,3,0.8146517996870111,0.041976620148194796,0.5400427426897384,0.029929457511397282,0.7991540652328486,0.07156154768528644,0.6155241983777756,0.08829006821929639,0.0079503991000081,0.0002857434012512063,0.0015258593999931235,4.107185986988827e-05,0.797752808988764,0.5337769711635411,0.7496620529661553,0.5946625323045759
modis,normalizer,dbscan,pca,kridge,canberra,normalizer|dbscan|pca|kridge|canberra,3,0.8610524256651017,0.04158756368211154,0.5756911533542862,0.02750163014166331,0.8429804609657154,0.07836999863276074,0.7144987098275521,0.08629160359435277,0.011406823900011886,0.00034946304993426527,0.0032912460000034116,7.511312279232313e-05,0.8202247191011236,0.5554756769710041,0.776841145629314,0.6506304766377633
modis,normalizer,dbscan,pca,kridge,truncated,normalizer|dbscan|pca|kridge|truncated,3,0.8623630672926449,0.030892972741693517,0.5777583195801759,0.020355496054402764,0.8047840464719467,0.06680089291917202,0.7166978252097683,0.06209805037589837,0.010545479299992166,0.0004514471205390353,0.002780733699995608,6.484722945775453e-05,0.8314606741573034,0.5645130550790928,0.7609155664694095,0.6756106989693434
modis,normalizer,dbscan,lda,ksvc,linear,normalizer|dbscan|lda|ksvc|linear,3,0.94806338028169,0.0187161245556665,0.6397719773389559,0.010637328403572763,0.8708120273103421,0.08482210818979319,0.8944671906571748,0.0380349578792611,0.007427897999997412,0.0005021214990696969,0.0011865198999942094,6.980839471530171e-05,0.9213483146067416,0.6310373282850347,0.8222585541683488,0.8501591640605431
modis,normalizer,dbscan,lda,ksvc,poly,normalizer|dbscan|lda|ksvc|poly,3,0.7993935837245696,0.05727387521753202,0.5206953523638194,0.04891138512700926,0.8263993031771933,0.06709536067844267,0.5789256423231752,0.13019987814611556,0.00787485459999857,0.0003171232342540101,0.0014478897999879337,0.00016278270333803648,0.6966292134831461,0.44573049645390067,0.7857368571040014,0.37281236120858724
modis,normalizer,dbscan,lda,ksvc,rbf,normalizer|dbscan|lda|ksvc|rbf,3,0.9522887323943662,0.017640002486119334,0.642442574600014,0.010963532759357063,0.8907515527077375,0.0606232967281495,0.9029739375688202,0.03565541899384226,0.006938664600005496,0.0002665352622431822,0.001230683099987573,3.106045121346467e-05,0.9213483146067416,0.6310373282850347,0.8789258943887693,0.8501591640605431
modis,normalizer,dbscan,lda,ksvc,hyperbolic,normalizer|dbscan|lda|ksvc|hyperbolic,3,0.9284428794992176,0.02489638419297226,0.6300322269721366,0.013186936815588907,0.7544471712767129,0.08678447079293461,0.8568734922570925,0.048946130062672975,0.007439151199992011,0.0005586010617823749,0.0014805519000049116,8.061964546158812e-05,0.898876404494382,0.6181906144170295,0.6987180645261643,0.8080148635825652
modis,normalizer,dbscan,lda,ksvc,triangle,normalizer|dbscan|lda|ksvc|triangle,3,0.9466744913928012,0.012662471172748865,0.639480371124111,0.007881289652022191,0.8843186188912512,0.09009275953561681,0.8917877118662941,0.025845188917504387,0.00807062439999413,0.0005277275430515609,0.0018603853000001892,0.0001614465011040845,0.9213483146067416,0.6310373282850347,0.8889524341190937,0.8501591640605431
modis,normalizer,dbscan,lda,ksvc,radial_basic,normalizer|dbscan|lda|ksvc|radial_basic,3,0.9383020344287949,0.02628640241449003,0.6509587685039042,0.04506447157390023,0.923475378451954,0.07160903496229612,0.8757820479905185,0.05258845048663715,0.009948482200007902,0.00036460916675589734,0.002809745199988356,0.00018392891031672573,0.9325842696629213,0.7813195709370574,0.91511620871433,0.8703230928842552
modis,normalizer,dbscan,lda,ksvc,rquadratic,normalizer|dbscan|lda|ksvc|rquadratic,3,0.9508998435054773,0.016324970081675647,0.641440536856676,0.010366613650497635,0.8762192168670936,0.08921081942494877,0.8999656961388023,0.033408314867496194,0.007954528499993785,0.0006023900100135706,0.0016735427000071467,0.00020104717236437892,0.9213483146067416,0.6310373282850347,0.8762871333966075,0.8501591640605431
modis,normalizer,dbscan,lda,ksvc,canberra,normalizer|dbscan|lda|ksvc|canberra,3,0.9466940532081376,0.020505255567705393,0.6406932529499773,0.009453520265355083,0.9115330680628961,0.06573854351533556,0.8918927231334578,0.04068365184426813,0.012310539999998583,0.0018131234444431047,0.003508073800009015,0.0005518769787238146,0.9325842696629213,0.7813195709370574,0.9553695077363784,0.8703230928842552
modis,normalizer,dbscan,lda,ksvc,truncated,normalizer|dbscan|lda|ksvc|truncated,3,0.9452660406885759,0.017940269192435923,0.6606765671808581,0.07504985012620216,0.9338833495456347,0.04384039296673694,0.8886075098916532,0.036110104561172425,0.012745441199996321,0.0018982387649827796,0.003629729299996143,0.0006463440226488196,0.9325842696629213,0.7813195709370574,0.9568829202322561,0.8703230928842552
modis,normalizer,dbscan,lda,kann,linear,normalizer|dbscan|lda|kann|linear,3,0.9494522691705789,0.013538761145546885,0.6721624146458045,0.0624361021424022,0.9606904140342799,0.02580017114415879,0.8979921040376508,0.026595011855700817,0.1312002274000122,0.030045555841235996,0.0013389215999893623,0.0001571615259561589,0.9213483146067416,0.7135032837018098,0.9763256772247644,0.8482648576599455
modis,normalizer,dbscan,lda,kann,poly,normalizer|dbscan|lda|kann|poly,3,0.9410015649452268,0.01602403383214364,0.6508682184130217,0.043450412135074425,0.9647897072250797,0.02214539446529179,0.8812098067898289,0.03175568672686736,0.16345602350000946,0.03993344851447711,0.0017316520999941076,0.0004742018288656447,0.9101123595505618,0.6252342902239322,0.9618088528651793,0.8264891124361303
modis,normalizer,dbscan,lda,kann,rbf,normalizer|dbscan|lda|kann|rbf,3,0.943838028169014,0.01984503075003915,0.6669872257441095,0.06095843116162516,0.9672169731178831,0.018525432905634038,0.8872381028372457,0.038702527916814757,0.14645390400000338,0.05009787848088743,0.0018172723999839492,0.00023459321546190695,0.9325842696629213,0.7813195709370574,0.9824972347907067,0.8703230928842552
modis,normalizer,dbscan,lda,kann,hyperbolic,normalizer|dbscan|lda|kann|hyperbolic,3,0.9452660406885759,0.020218881369914204,0.6575448906313099,0.05563837828787859,0.9551315283662772,0.031077548179100273,0.8891092133972519,0.04071660186029356,0.1947137572000031,0.06561128079570974,0.0017853226999989147,0.0003454205301899206,0.9325842696629213,0.7813195709370574,0.9766320942370198,0.8703230928842552
modis,normalizer,dbscan,lda,kann,triangle,normalizer|dbscan|lda|kann|triangle,3,0.9452660406885757,0.022292803595054644,0.6757217824435224,0.08499865508993636,0.9679373932499985,0.019969540678845703,0.8897559892571651,0.04429133127221,0.16442476589999727,0.03912426630903953,0.002128948700010369,0.0007401097659274915,0.9325842696629213,0.7813195709370574,0.9826855587078441,0.8703230928842552
modis,normalizer,dbscan,lda,kann,radial_basic,normalizer|dbscan|lda|kann|radial_basic,3,0.9284820031298905,0.03486032827722973,0.6312581449965696,0.020533310929822083,0.948996450552905,0.04185495394056119,0.8559460749611827,0.06814943644497268,0.1740674234999915,0.06075688010390884,0.00202646159999631,0.00013709538243142727,0.9325842696629213,0.8120362503540073,0.984251185889848,0.8709406641048548
modis,normalizer,dbscan,lda,kann,rquadratic,normalizer|dbscan|lda|kann|rquadratic,3,0.9424491392801251,0.020249140491198362,0.6503283088147548,0.03517777068725743,0.967025082399282,0.020325576445745397,0.8844427630450162,0.03946221945129506,0.13868219219999106,0.04752741240331855,0.0017730918000154361,0.00031653546825817264,0.9325842696629213,0.7813195709370574,0.9814081540246192,0.8703230928842552
modis,normalizer,dbscan,lda,kann,canberra,normalizer|dbscan|lda|kann|canberra,3,0.9438771517996869,0.01727368477681809,0.6661708818642724,0.05212797639863858,0.9556474380080717,0.03293455827580156,0.8881391161395727,0.03427460157969633,0.20945511590001614,0.03638805977898994,0.0023237712999844007,0.0003225936755367879,0.9325842696629213,0.7312250736340703,0.9794137428083509,0.8714097420586132
modis,normalizer,dbscan,lda,kann,truncated,normalizer|dbscan|lda|kann|truncated,3,0.9396909233176839,0.026267932147626735,0.6541344242372997,0.057953145910494885,0.9569502367397549,0.0270835606778649,0.8779627708743171,0.05296614543771128,0.19657902580000836,0.02764299061269498,0.002289317799994706,0.0003023672270679225,0.9325842696629213,0.7312250736340703,0.9734713290856636,0.8714097420586132
modis,normalizer,dbscan,lda,kridge,linear,normalizer|dbscan|lda|kridge|linear,3,0.9508802816901408,0.017717925188039167,0.640574654490554,0.011206752940434567,0.9327588206679038,0.059073015510257926,0.8998007086862205,0.03614708273055983,0.00897381199999927,0.00032714074020463084,0.0015041138000015052,0.00014132494836952074,0.9213483146067416,0.6292438271604938,0.8764277591480231,0.8509632819833011
modis,normalizer,dbscan,lda,kridge,poly,normalizer|dbscan|lda|kridge|poly,3,0.9494718309859154,0.016376470855323188,0.6393409609678244,0.010628619375087587,0.9644333988546998,0.019223030093830563,0.8970084549092834,0.03345188571901988,0.008935130500003653,0.00048503608631649957,0.0015006653999989795,0.00010878154999324883,0.9213483146067416,0.6292438271604938,0.9501599761516307,0.8509632819833011
modis,normalizer,dbscan,lda,kridge,rbf,normalizer|dbscan|lda|kridge|rbf,3,0.94806338028169,0.017498867227472566,0.6395710499705137,0.009919647871316528,0.9540968294397685,0.04475185653191499,0.8948630944288233,0.03510183621389509,0.009687855599997875,0.001186307855377137,0.0016430200000115748,9.014362478094236e-05,0.9101123595505618,0.6278659611992945,0.9598961029064558,0.8272485494934075
modis,normalizer,dbscan,lda,kridge,hyperbolic,normalizer|dbscan|lda|kridge|hyperbolic,3,0.8863458528951487,0.1343134811235354,0.5981121522751152,0.0948327005122643,0.8867697704248092,0.14727704478731052,0.7740004181986346,0.2650545464761557,0.009060633099994674,0.0006567595683548002,0.0014975897000113036,7.959454639437672e-05,0.9101123595505618,0.6298707704449048,0.9674608322070574,0.8264891124361303
modis,normalizer,dbscan,lda,kridge,triangle,normalizer|dbscan|lda|kridge|triangle,3,0.9466940532081377,0.01822908603358643,0.6392247146419121,0.011318946563917917,0.9344218102548065,0.05758570395140657,0.8917806967609374,0.036971149621646396,0.009342558000008694,0.0003363669223654846,0.0017571034999889434,0.00012075672001666298,0.9213483146067416,0.6310373282850347,0.9664012194176985,0.8501591640605431
modis,normalizer,dbscan,lda,kridge,radial_basic,normalizer|dbscan|lda|kridge|radial_basic,3,0.9354655712050078,0.022862035661839752,0.6372318252783125,0.010012677981478693,0.911336830737825,0.1060642510154471,0.8708226894821556,0.04441135190106248,0.011250178199998118,0.0005080245814717108,0.002715183299989121,8.699243804296759e-05,0.9213483146067416,0.7604938271604939,0.9124569913809379,0.8484549367885564
modis,normalizer,dbscan,lda,kridge,rquadratic,normalizer|dbscan|lda|kridge|rquadratic,3,0.94806338028169,0.01476632743669516,0.6398275663090154,0.008539540626856254,0.9491042533095111,0.060080395898009745,0.8945009769453722,0.029672046623526536,0.00976141680000069,0.0007093978499861774,0.0018685184999981176,0.0006459595809041731,0.9101123595505618,0.6278659611992945,0.965166903623448,0.8272485494934075
modis,normalizer,dbscan,lda,kridge,canberra,normalizer|dbscan|lda|kridge|canberra,3,0.9424687010954618,0.025049386386310123,0.6382262484482029,0.011626213986693335,0.8987329431918241,0.0848266807331611,0.8841091009838244,0.047567645654112804,0.012926672300011433,0.0011291305556294623,0.0032524361999890063,8.860800980293345e-05,0.9213483146067416,0.6330400782013684,0.9650874685181403,0.8498412586811801
modis,normalizer,dbscan,lda,kridge,truncated,normalizer|dbscan|lda|kridge|truncated,3,0.9480829420970265,0.018630043220522738,0.6398519288653987,0.011016515996289548,0.9282506236819514,0.07365513436801803,0.8944939570158874,0.03745248688303516,0.012154758299999457,0.0006857173044969843,0.0032539716000087537,0.0003086650051449641,0.9213483146067416,0.6310373282850347,0.9561659351045227,0.8501591640605431
modis,normalizer,hierarchical,pca,ksvc,linear,normalizer|hierarchical|pca|ksvc|linear,4,0.5252738654147104,0.005899472205580355,0.17218561764433324,0.0012637912457236211,0.730489744417734,0.03413880085176448,0.0,0.0,0.010197589000011931,0.001712080869321563,0.002107309100000521,0.0004032426332790893,0.5617977528089888,0.17985611510791366,0.7268845713395132,0.0
modis,normalizer,hierarchical,pca,ksvc,poly,normalizer|hierarchical|pca|ksvc|poly,4,0.5252738654147104,0.005899472205580355,0.17218561764433324,0.0012637912457236211,0.5310133047889536,0.04575267868428902,0.0,0.0,0.041341807600008454,0.0060621110329212675,0.002013599399998611,0.00016196642072413493,0.5617977528089888,0.17985611510791366,0.5446438360573534,0.0
modis,normalizer,hierarchical,pca,ksvc,rbf,normalizer|hierarchical|pca|ksvc|rbf,4,0.6292840375586854,0.05499205196860204,0.38878278863086535,0.025381649933126353,0.7397599480361039,0.033737765102670535,0.3580106807823868,0.09971629932241917,0.011533277199987424,0.0019425123353382452,0.0021831996000173603,0.00011159890534095257,0.6853932584269663,0.4634615384615385,0.7693850456713829,0.41621781060062385
modis,normalizer,hierarchical,pca,ksvc,hyperbolic,normalizer|hierarchical|pca|ksvc|hyperbolic,4,0.5618348982785601,0.033604651895992564,0.31429216468729915,0.03360999650346236,0.7012206934775426,0.041281164624085945,0.24765441874014615,0.055657970937465384,0.008313856300003409,0.0004412999628608646,0.0017539249999913408,0.00014063039044353906,0.5955056179775281,0.3134453781512605,0.6995821644440829,0.2506422664778166
modis,normalizer,hierarchical,pca,ksvc,triangle,normalizer|hierarchical|pca|ksvc|triangle,4,0.6657276995305164,0.059655077205695406,0.44377937792059186,0.03782437582607687,0.7670370661253637,0.056855202797263596,0.4405123206192182,0.096435057761194,0.00925415669999552,0.0006359260718700584,0.0020408649000046354,0.00021375844810644307,0.6966292134831461,0.4910839160839161,0.7531052982869842,0.46274155613882223
modis,normalizer,hierarchical,pca,ksvc,radial_basic,normalizer|hierarchical|pca|ksvc|radial_basic,4,0.7318075117370892,0.04059452450799707,0.5619861390439305,0.044772673748046686,0.7977638997187088,0.03917059742198559,0.5665366896157129,0.06457495324436105,0.014888282800006892,0.0009516104691525607,0.004266327199997022,0.0003391381547834878,0.8202247191011236,0.6025,0.8889308136146798,0.6964537664112529
modis,normalizer,hierarchical,pca,ksvc,rquadratic,normalizer|hierarchical|pca|ksvc|rquadratic,4,0.633489827856025,0.054743825556586016,0.3967907653684942,0.03008768247152922,0.734647050406317,0.03153460273084942,0.3683372739433957,0.09540994496495385,0.011109059500006424,0.0017691275572066735,0.0020913290000066807,0.00031639329523494385,0.6629213483146067,0.44980842911877394,0.773501492451347,0.371367263073861
modis,normalizer,hierarchical,pca,ksvc,canberra,normalizer|hierarchical|pca|ksvc|canberra,4,0.6755868544600939,0.060829885983085266,0.49452518984092536,0.08384789615765036,0.7933777621335751,0.07154735638346406,0.4658368433444263,0.09894971509028257,0.01590748900001131,0.0019631582492635057,0.0041326495000021165,0.0003061947166525352,0.7528089887640449,0.554656862745098,0.8140742990052583,0.5783110535481946
modis,normalizer,hierarchical,pca,ksvc,truncated,normalizer|hierarchical|pca|ksvc|truncated,4,0.744424882629108,0.03124632195137735,0.5721393691289998,0.051159819692818076,0.814308760153722,0.05558584546755907,0.5870959141186491,0.04849212008978826,0.013461096499997893,0.0006973808786830585,0.003399442199997793,0.0001594777225160224,0.7865168539325843,0.5801340826185546,0.8815842006830379,0.6523021299409427
modis,normalizer,hierarchical,pca,kann,linear,normalizer|hierarchical|pca|kann|linear,4,0.6095657276995305,0.058775249349894636,0.320635480401358,0.03620338111568836,0.7207299073764697,0.02409935828078479,0.3201736097417477,0.10342574662004013,0.16022661300000324,0.025773637948117625,0.0015771634000088853,0.00035092814629596034,0.6853932584269663,0.3444368131868132,0.7313839140510652,0.4184758626794517
modis,normalizer,hierarchical,pca,kann,poly,normalizer|hierarchical|pca|kann|poly,4,0.6629499217527387,0.048012203307175094,0.4308603156489215,0.022977137189422854,0.7710123713187372,0.04400703905309625,0.43301653590841277,0.07658658427215197,0.19969770740000287,0.048199553433191246,0.0018526300000075934,0.00040445039871657293,0.7640449438202247,0.5208041958041958,0.7975790524882094,0.5773565938015052
modis,normalizer,hierarchical,pca,kann,rbf,normalizer|hierarchical|pca|kann|rbf,4,0.6630477308294209,0.05915531267614986,0.42352442197593393,0.03615830630263517,0.7737377611712564,0.04283965528297528,0.4272464824769105,0.10987851973948642,0.1715932010000074,0.04343836165212116,0.0019860980999908406,0.000317419786407334,0.7415730337078652,0.514437488979016,0.8115341756112104,0.5378730077851918
modis,normalizer,hierarchical,pca,kann,hyperbolic,normalizer|hierarchical|pca|kann|hyperbolic,4,0.6896322378716745,0.04501005141084324,0.44323455370325016,0.020553610422179732,0.7980342616482982,0.039975497034453085,0.47938339680146685,0.07237200453407681,0.18558976420000023,0.03472450985745404,0.001836379900009888,0.00025935786727004597,0.7303370786516854,0.5080877066858375,0.8186485099203122,0.5170516151081493
modis,normalizer,hierarchical,pca,kann,triangle,normalizer|hierarchical|pca|kann|triangle,4,0.6909820031298903,0.05986895989491098,0.5030723399709863,0.06292202133126219,0.7845387628969657,0.048146907030006174,0.4905063460294305,0.09526006802232498,0.2135599924999781,0.029967249587938814,0.0020274120000124186,0.00045137125912763417,0.7415730337078652,0.5229666605605422,0.854171088117309,0.54702659892635
modis,normalizer,hierarchical,pca,kann,radial_basic,normalizer|hierarchical|pca|kann|radial_basic,4,0.6644366197183098,0.05682012043364594,0.49940789303439387,0.07653594424971938,0.7744664844377512,0.039711312450255595,0.4561048866798232,0.09019363041309994,0.1840488184000037,0.03464311983514558,0.002431262400000378,8.064063381074411e-05,0.8089887640449438,0.5409440559440559,0.8726142123380495,0.6732715370157226
modis,normalizer,hierarchical,pca,kann,rquadratic,normalizer|hierarchical|pca|kann|rquadratic,4,0.6770539906103286,0.060968770127015855,0.43897045992151507,0.03308405591175048,0.7777154639291386,0.04821809288044332,0.4595445667023167,0.09867596092034553,0.17096491989998414,0.017379877632796845,0.0017658402000051865,0.00010926141427017856,0.7191011235955056,0.4955357142857143,0.8223856436683472,0.48855023844300366
modis,normalizer,hierarchical,pca,kann,canberra,normalizer|hierarchical|pca|kann|canberra,4,0.641725352112676,0.05101224452757665,0.4948388216350371,0.06139835115532709,0.7741310123054155,0.062083883833840954,0.4303813973477301,0.078284579421368,0.24192766650000977,0.023156119936389354,0.0026863259000037944,0.0004573752460785447,0.7528089887640449,0.5043560606060606,0.8841256030790914,0.5872246437377037
modis,normalizer,hierarchical,pca,kann,truncated,normalizer|hierarchical|pca|kann|truncated,4,0.6728090766823162,0.05346985253148368,0.4905325259757275,0.08130431575500151,0.7943320935037103,0.046612786956514426,0.469673940058642,0.08468110226990395,0.253663713200001,0.031099357725496924,0.002542731000016829,0.00022066914925180568,0.7752808988764045,0.5318198962753418,0.8727869707811569,0.6154575089692425
modis,normalizer,hierarchical,pca,kridge,linear,normalizer|hierarchical|pca|kridge|linear,4,0.5252738654147104,0.005899472205580355,0.17218561764433324,0.0012637912457236211,0.730489744417734,0.03413880085176448,0.0,0.0,0.009780025700013083,0.001320027046441535,0.0014904699999760851,0.00016264612436837553,0.5617977528089888,0.17985611510791366,0.7268845713395132,0.0
modis,normalizer,hierarchical,pca,kridge,poly,normalizer|hierarchical|pca|kridge|poly,4,0.6642801251956181,0.047927183909119674,0.36662690987102325,0.03459579198004283,0.7477493865629808,0.025705814267224916,0.4277734219495975,0.08075411282585385,0.009904579299995931,0.0014666441640215756,0.0016345496000212735,0.00018334331645873493,0.7640449438202247,0.4681818181818182,0.8411320184176287,0.5755622836294276
modis,normalizer,hierarchical,pca,kridge,rbf,normalizer|hierarchical|pca|kridge|rbf,4,0.6700117370892018,0.05499004168578235,0.4251860515312065,0.041774571045878194,0.7694476626248228,0.036429964979016675,0.4389955700522787,0.09784836551537014,0.009754067599988047,0.0009648791040352777,0.0017793851999954313,0.00023119202459085536,0.7640449438202247,0.5187976437976438,0.7999235393966497,0.5775625418990071
modis,normalizer,hierarchical,pca,kridge,hyperbolic,normalizer|hierarchical|pca|kridge|hyperbolic,4,0.5983372456964006,0.09950170138747365,0.3760812020427651,0.04109458583524907,0.6776824662617227,0.040304971402430174,0.34233232447695294,0.12070244160773427,0.009708571900011976,0.0005970521997180531,0.0016216100999827177,0.00012661533648573606,0.6853932584269663,0.49488813609619686,0.788152197850599,0.4556375932572958
modis,normalizer,hierarchical,pca,kridge,triangle,normalizer|hierarchical|pca|kridge|triangle,4,0.7079225352112676,0.044856308467561064,0.5071397780761243,0.046706342198649345,0.7971343210713847,0.053383805385459296,0.5148845344094883,0.07511296598654542,0.009775771299985081,0.0007304710883048404,0.0019391141000141942,0.000300795200201968,0.7191011235955056,0.505672268907563,0.8105420258036538,0.5023765525384996
modis,normalizer,hierarchical,pca,kridge,radial_basic,normalizer|hierarchical|pca|kridge|radial_basic,4,0.7444835680751174,0.03934954769319284,0.5776243218751805,0.0438780549589216,0.7897507567666684,0.026418595649780958,0.5871996266567732,0.06209701639571123,0.015056710299984389,0.002382615501192464,0.00435372480001206,0.0009573138239756014,0.8089887640449438,0.6580297657425317,0.88637476622215,0.6837519866590508
modis,normalizer,hierarchical,pca,kridge,rquadratic,normalizer|hierarchical|pca|kridge|rquadratic,4,0.6755868544600938,0.0551163727354595,0.4329154670845264,0.03492168572737317,0.7798256088246223,0.04536598971271878,0.4494959177285788,0.09654470633181457,0.009037975600006121,0.0005189543784649742,0.0016388004999953409,0.00022040108383804662,0.7303370786516854,0.5012162162162163,0.8053186663143058,0.5108572768546914
modis,normalizer,hierarchical,pca,kridge,canberra,normalizer|hierarchical|pca|kridge|canberra,4,0.7163341158059467,0.05478615752365369,0.5233902859906947,0.10474557220881794,0.8105053122621755,0.0697328118737786,0.5315404883871293,0.08983983454588346,0.017647444799990808,0.0022068320957493483,0.004201635599997644,0.0006366944538718856,0.7865168539325843,0.5916666666666667,0.8744833255407384,0.6305113237015927
modis,normalizer,hierarchical,pca,kridge,truncated,normalizer|hierarchical|pca|kridge|truncated,4,0.7669014084507044,0.03952575467502556,0.59803446355941,0.05426299243741803,0.8388388646362482,0.05042785977976864,0.6245214957285727,0.06211329144309358,0.014570556200021656,0.0017295243771951554,0.003401966999979322,0.00042423225466502765,0.7752808988764045,0.583178726035869,0.9115456103973546,0.638311924535016
modis,normalizer,hierarchical,lda,ksvc,linear,normalizer|hierarchical|lda|ksvc|linear,4,0.8132824726134584,0.034373083956447656,0.6206784779330342,0.06045587966174402,0.8466355448295083,0.02473983114377524,0.6981902978512796,0.05522969949123167,0.00990919319999648,0.0006736593367596771,0.0013962096000000202,4.035035578349323e-05,0.8539325842696629,0.6439075630252101,0.8945781410934027,0.7506342275535511
modis,normalizer,hierarchical,lda,ksvc,poly,normalizer|hierarchical|lda|ksvc|poly,4,0.7205985915492958,0.03165497580971133,0.4237220337604121,0.04216278822089912,0.7604191224657371,0.04446693034805368,0.5304544023613699,0.059663649305227044,0.009465215200009425,0.0004180104060744471,0.0015974802999835446,0.00013337821744704284,0.7078651685393258,0.37693032015065914,0.7490347600558356,0.46355145057765673
modis,normalizer,hierarchical,lda,ksvc,rbf,normalizer|hierarchical|lda|ksvc|rbf,4,0.8203442879499218,0.031358511316453605,0.6213483017863013,0.07286825936855412,0.8776343984543745,0.03270401076082527,0.7101417920748214,0.051671788206341086,0.008885359599980802,0.001087170637145239,0.0017812360999982957,0.00031297623006670513,0.8539325842696629,0.6454761904761904,0.9351623316121862,0.7526222867352992
modis,normalizer,hierarchical,lda,ksvc,hyperbolic,normalizer|hierarchical|lda|ksvc|hyperbolic,4,0.7345461658841941,0.044253824562833194,0.5332954219014594,0.047802398802142314,0.8186592912099785,0.03931711932984387,0.5784740565478662,0.06497722040091501,0.008116773100005048,0.00042310888366594684,0.0014805470999931457,0.00012136932182626207,0.8314606741573034,0.6155534941249227,0.9373253018783542,0.7235466419559726
modis,normalizer,hierarchical,lda,ksvc,triangle,normalizer|hierarchical|lda|ksvc|triangle,4,0.8048904538341158,0.03790297124213913,0.6174147138504156,0.0688106476479782,0.877932764138737,0.026464159192442997,0.6871272829172231,0.0618033912782736,0.008888428500017653,0.00044710432313935775,0.0018108591999862257,8.827887498866227e-05,0.8314606741573034,0.5923297213622292,0.8821568886539817,0.7150830117421471
modis,normalizer,hierarchical,lda,ksvc,radial_basic,normalizer|hierarchical|lda|ksvc|radial_basic,4,0.7909428794992176,0.044669528941340325,0.620942618254975,0.06508128224215132,0.8843996612093971,0.022830670129175164,0.6675939465628158,0.06832529712091256,0.01460169780001479,0.003079564033400427,0.003579933199955576,0.0005839054435910251,0.7865168539325843,0.571375176370551,0.8908909307746516,0.647051741227949
modis,normalizer,hierarchical,lda,ksvc,rquadratic,normalizer|hierarchical|lda|ksvc|rquadratic,4,0.8217723004694836,0.03647373196791267,0.6295216348907655,0.07573983432880041,0.8884418653245826,0.027617786790741106,0.712097584321672,0.060713948943225474,0.009337602100004005,0.001097815270440166,0.0016630060000011326,9.121398400147729e-05,0.8426966292134831,0.6223109243697478,0.9348451899360329,0.7330913410774509
modis,normalizer,hierarchical,lda,ksvc,canberra,normalizer|hierarchical|lda|ksvc|canberra,4,0.7992566510172143,0.034950054109122136,0.631606445717071,0.06780701180557004,0.901943882367781,0.030921771409914558,0.6803593936953896,0.0556909060422154,0.014206831200010584,0.00033036141347494633,0.0038991761000033874,0.00018090135871897647,0.8651685393258427,0.6576570359465096,0.9354864358025695,0.7739169015056854
modis,normalizer,hierarchical,lda,ksvc,truncated,normalizer|hierarchical|lda|ksvc|truncated,4,0.8133411580594678,0.030656803673607957,0.6525081375793856,0.0487112637143614,0.9118549538102242,0.02142726737917236,0.7018255349958377,0.047983553620386823,0.012727488799976072,0.0008125948478326777,0.003381778700020277,7.863406016663686e-05,0.8314606741573034,0.569047619047619,0.9292527070797421,0.7145310820043116
modis,normalizer,hierarchical,lda,kann,linear,normalizer|hierarchical|lda|kann|linear,4,0.8006846635367764,0.035177253466234876,0.6207265983400234,0.05814479462337765,0.9086043284012686,0.029009198979181403,0.6811717843680238,0.055707597148168427,0.14409702709999692,0.009407593346162264,0.0012949587000093744,4.802313945018139e-05,0.8426966292134831,0.6223109243697478,0.916325850748089,0.7330913410774509
modis,normalizer,hierarchical,lda,kann,poly,normalizer|hierarchical|lda|kann|poly,4,0.8175469483568074,0.03529907158484819,0.6487035918277761,0.06117402838920333,0.9063468067156439,0.03182919660702159,0.7110251810987791,0.05498070950730524,0.19427400419999685,0.043632260128052415,0.001928919199997381,0.0008370243803189536,0.8651685393258427,0.6571148459383753,0.9304351656095842,0.7713134438049806
modis,normalizer,hierarchical,lda,kann,rbf,normalizer|hierarchical|lda|kann|rbf,4,0.8091158059467919,0.04113853847739974,0.6291613571049542,0.06735972192033939,0.9126124210455616,0.0255720950325736,0.6950392256964534,0.06626324489789079,0.20734624840000607,0.03749128439587306,0.0020731675999854813,0.0005289667331478157,0.8651685393258427,0.667077922077922,0.9477437218788963,0.7723568030130494
modis,normalizer,hierarchical,lda,kann,hyperbolic,normalizer|hierarchical|lda|kann|hyperbolic,4,0.7964006259780907,0.02697999157407439,0.6188539121018669,0.045099139270184656,0.8913807367926505,0.028861269746813883,0.6746334033949182,0.04116908265009902,0.1955988601999934,0.027340318493240506,0.0016212487999951008,8.723656367466187e-05,0.8426966292134831,0.6282301908617698,0.8939049032362986,0.732928990923494
modis,normalizer,hierarchical,lda,kann,triangle,normalizer|hierarchical|lda|kann|triangle,4,0.7993544600938967,0.05183664116220277,0.6342740254241594,0.0722250782746595,0.9117462656946973,0.013254480645536366,0.6819030577002148,0.08090007607819219,0.20885851369998817,0.029040674748782,0.0019529408000266812,0.00037674852105233744,0.8202247191011236,0.6120845997973657,0.9528304737897761,0.6991160028962127
modis,normalizer,hierarchical,lda,kann,radial_basic,normalizer|hierarchical|lda|kann|radial_basic,4,0.7796557120500782,0.039622021154689234,0.6057442188127011,0.05983266630931019,0.8658293623796643,0.026207455727233993,0.6489968930654831,0.06351537411612942,0.2214665026000148,0.01908968412517506,0.0024433101999989048,0.0007603576620893954,0.8202247191011236,0.6159724759469005,0.8898901328806852,0.6955498459229924
modis,normalizer,hierarchical,lda,kann,rquadratic,normalizer|hierarchical|lda|kann|rquadratic,4,0.8048904538341158,0.03436058215477892,0.631780236438632,0.052503995292839514,0.9092517468409416,0.025411302782179283,0.6904929563456577,0.052255929307089055,0.18341286229999695,0.031851269799999006,0.001907670700018116,0.0003091289579369681,0.8202247191011236,0.6001623376623377,0.9383822488073943,0.6988555047870055
modis,normalizer,hierarchical,lda,kann,canberra,normalizer|hierarchical|lda|kann|canberra,4,0.797809076682316,0.03149448219102689,0.6401094083805708,0.05772453617597535,0.9013528446637394,0.02365789862753358,0.6800391220094756,0.04991589925089395,0.21390354319999005,0.020076055678546742,0.002490655799988417,0.00040968770370179795,0.8089887640449438,0.5868055555555556,0.9330036303328454,0.68305418298474
modis,normalizer,hierarchical,lda,kann,truncated,normalizer|hierarchical|lda|kann|truncated,4,0.7867566510172144,0.04970621393436101,0.6340988019859408,0.07014191046808109,0.9012998837254417,0.017469257812237286,0.6632132513519345,0.07345985271894157,0.23640397110000322,0.023695346719423457,0.002479150499982552,0.0004133916551208284,0.8202247191011236,0.6029292929292929,0.9278031912370576,0.6999645150931115
modis,normalizer,hierarchical,lda,kridge,linear,normalizer|hierarchical|lda|kridge|linear,4,0.7935446009389672,0.011369138290070649,0.47725513257787505,0.04937874856777083,0.8761368631953331,0.017513560984999267,0.6699259290406561,0.020756352301155932,0.010123677200010662,0.001392237066429968,0.0014185389999738617,0.00015256767080562794,0.8426966292134831,0.4885963093510264,0.9194706964547081,0.7290621748923044
modis,normalizer,hierarchical,lda,kridge,poly,normalizer|hierarchical|lda|kridge|poly,4,0.8076291079812206,0.021445396883065203,0.5474010760273881,0.07057535161386425,0.9147975955108164,0.011545863075743821,0.6903981666489892,0.03635537635303939,0.00973684499998626,0.00066157782322244,0.0014715667000245957,0.00023783580311886632,0.8539325842696629,0.5767345399698341,0.9269526549032364,0.7469999676513596
modis,normalizer,hierarchical,lda,kridge,rbf,normalizer|hierarchical|lda|kridge|rbf,4,0.8232003129890453,0.043057802602315905,0.6405255866632094,0.09274962352779219,0.9174561293327563,0.023173299584445455,0.7147481713286327,0.07134333690393198,0.010401271100010944,0.0020883491182219767,0.0017221853000023656,0.00026675356576897735,0.8651685393258427,0.6872459893048128,0.9545184091586709,0.7702011364818898
modis,normalizer,hierarchical,lda,kridge,hyperbolic,normalizer|hierarchical|lda|kridge|hyperbolic,4,0.7753912363067293,0.033491518904843524,0.6053431072924993,0.05347231229592993,0.8568005508641816,0.05486026675268591,0.6470878319815122,0.04759215179764077,0.009534217800012356,0.000444583379667983,0.0014606477999677737,9.5162688085695e-05,0.797752808988764,0.6272525204413749,0.876679270342061,0.6796254357520463
modis,normalizer,hierarchical,lda,kridge,triangle,normalizer|hierarchical|lda|kridge|triangle,4,0.803462441314554,0.02872976688495693,0.614773495320724,0.07219786035247144,0.881020357625947,0.02366485218665332,0.6845746014381523,0.04691575509409287,0.00984373419998974,0.000612166245646168,0.0016233654999950886,6.732730863397808e-05,0.8202247191011236,0.5389755902360944,0.8874039816772376,0.6919173852134474
modis,normalizer,hierarchical,lda,kridge,radial_basic,normalizer|hierarchical|lda|kridge|radial_basic,4,0.7894757433489829,0.047801755114975496,0.6129052336534168,0.07742576640934569,0.8415655002369817,0.04456722199198656,0.664210160021245,0.07660643131670435,0.012343660299995918,0.0003785874266005952,0.003106699399995705,0.00022701937300010592,0.8089887640449438,0.5868055555555556,0.8734441660568115,0.68305418298474
modis,normalizer,hierarchical,lda,kridge,rquadratic,normalizer|hierarchical|lda|kridge|rquadratic,4,0.8175665101721441,0.042465532782148714,0.6349619537627132,0.08513919672163817,0.9042151731962914,0.03390706535029411,0.7068169983619301,0.06978936879975696,0.012248188800003845,0.0022412171860734446,0.0020647095999947853,0.0004435495480861859,0.8651685393258427,0.6648717948717948,0.9386135448853472,0.770411118249244
modis,normalizer,hierarchical,lda,kridge,canberra,normalizer|hierarchical|lda|kridge|canberra,4,0.8062989045383413,0.02762056283889406,0.6324336965661843,0.05275117795892969,0.8949789353932086,0.03553422645784723,0.6894085135017861,0.046199856159245906,0.017783512300002257,0.002946497107785693,0.0040265336000175015,0.0006608064160719411,0.898876404494382,0.7683718770527079,0.9067230782783109,0.8355957531373553
modis,normalizer,hierarchical,lda,kridge,truncated,normalizer|hierarchical|lda|kridge|truncated,4,0.8091158059467919,0.03488832078963188,0.6423920240043263,0.05853350134690106,0.9000081560198947,0.03669770388419672,0.6946991845122247,0.05561232898994277,0.015734410700008538,0.002129889976182875,0.0038969725000015387,0.0005491745397356823,0.898876404494382,0.7434739178690344,0.9343339448826367,0.8308119546005291
